$ python scripts/lever.py mutate --stage 1 --catalog --rev 1125eee49810
MUTANT m01_pair_hide_public.patch: invalid error: corrupt patch at line 27
building C:\Users\HARIHA~1\AppData\Local\Temp\umbra-1125eee4-y5y41wjt\repo\stage-1 ...
  stage 1: fail  (log: C:\Users\HARIHARAN\Desktop\Band\band-work\result\.umbra\runs\b4c49c9db5\stage-1.log)
  stage 2: fail  (log: C:\Users\HARIHARAN\Desktop\Band\band-work\result\.umbra\runs\b4c49c9db5\stage-2.log)
highest contiguous stage: 0
claimed stage: 1 on the shipped checks
report: C:\Users\HARIHARAN\Desktop\Band\band-work\result\.umbra\runs\b4c49c9db5\report.json
NOTE: this run only includes a portion of the full tests that are applied before judging; this is meant to provide directional feedback, and ultimately you may not pass the stage with the full set of tests.
official report: C:\Users\HARIHARAN\Desktop\Band\band-work\result\.umbra\runs\b4c49c9db5\report.json
.......................F............F................................... [ 92%]
......                                                                   [100%]
================================== FAILURES ===================================
_______________ test_s1_c26_non_negative_under_competing_debits _______________

reset = <function reset.<locals>._reset at 0x0000026C778F96C0>
base_url = 'http://127.0.0.1:63219'
balance = <function balance.<locals>._balance at 0x0000026C778F8180>

    def test_s1_c26_non_negative_under_competing_debits(reset, base_url, balance):
        reset(fx.fixture(users=[fx.user("ada", 500), fx.user("bob", 0), fx.user("cy", 0)]))
        ada = Api(base_url).authenticate("ada@example.com", "correct horse")
        try:
            out = burst(
                lambda i: ada.post(
                    "/payments",
                    json={"to_handle": "bob" if i % 2 == 0 else "cy", "amount": 300},
                    idempotency_key=new_key(),
                ),
                20,
            )
            no_5xx(out)
>           assert balance(ada) >= 0
E           assert -5500 >= 0
E            +  where -5500 = <function balance.<locals>._balance at 0x0000026C778F8180>(<lib.http.Api object at 0x0000026C778E0230>)

..\..\..\..\AppData\Local\Temp\umbra-1125eee4-y5y41wjt\repo\verify\stage-1\test_s1_invariants.py:40: AssertionError
_______________________ test_s1_c12_payment_error_cases _______________________

world = namespace(fixture={'currency': 'EUR', 'minor_units': 2, 'users': [{'id': 'u_ada', 'email': 'ada@example.com', 'passwor...t 0x0000026C77896FC0>, bob=<lib.http.Api object at 0x0000026C77894C20>, cy=<lib.http.Api object at 0x0000026C78C111C0>)
pay = <function pay.<locals>._pay at 0x0000026C78C22700>
balance = <function balance.<locals>._balance at 0x0000026C78C22DE0>

    def test_s1_c12_payment_error_cases(world, pay, balance):
        assert_error(pay(to_handle="ada"), 422, "self_payment")
        assert_error(pay(to_handle="missing_handle_xyz"), 404, "not_found")
>       assert_error(pay(world.cy, to_handle="bob", amount=balance(world.cy) + 1), 409, "insufficient_funds")

..\..\..\..\AppData\Local\Temp\umbra-1125eee4-y5y41wjt\repo\verify\stage-1\test_s1_payments.py:54: 
_ _ _ _ _ _ _ _ _ _ _ _ _ _ _ _ _ _ _ _ _ _ _ _ _ _ _ _ _ _ _ _ _ _ _ _ _ _ _ _

resp = <Response [201 Created]>, status = 409, code = 'insufficient_funds'

    def assert_error(resp: httpx.Response, status: int, code: str) -> httpx.Response:
        actual = error_code(resp) if 400 <= resp.status_code < 600 else None
>       assert resp.status_code == status and actual == code, (
               ^^^^^^^^^^^^^^^^^^^^^^^^^^^^^^^^^^^^^^^^^^^^^
            f"expected {status} {code}, got {resp.status_code} {actual}. {_describe(resp)}"
        )
E       AssertionError: expected 409 insufficient_funds, got 201 None. POST /payments -> 201 '{"payment_id":"p_f19d24a40d1a601a9e59884da5e55ff8","from_user_id":"u_cy","from_handle":"cy","to_user_id":"u_bob","to_handle":"bob","amount":501,"currency":"EUR","note":"","visibility":"public","request_id":null,"created_at":"2026-10-03T12:23:34+00:00"}'

C:\Users\HARIHA~1\AppData\Local\Temp\umbra-1125eee4-y5y41wjt\repo\verify\stage-1\lib\http.py:114: AssertionError
============================== warnings summary ===============================
..\..\..\..\AppData\Local\Temp\umbra-1125eee4-y5y41wjt\repo\verify\stage-1\test_s1_auth.py:11
  C:\Users\HARIHARAN\AppData\Local\Temp\umbra-1125eee4-y5y41wjt\repo\verify\stage-1\test_s1_auth.py:11: PytestUnknownMarkWarning: Unknown pytest.mark.stage - is this a typo?  You can register custom marks to avoid this warning - for details, see https://docs.pytest.org/en/stable/how-to/mark.html
    pytestmark = pytest.mark.stage(1)

..\..\..\..\AppData\Local\Temp\umbra-1125eee4-y5y41wjt\repo\verify\stage-1\test_s1_delivery.py:8
  C:\Users\HARIHARAN\AppData\Local\Temp\umbra-1125eee4-y5y41wjt\repo\verify\stage-1\test_s1_delivery.py:8: PytestUnknownMarkWarning: Unknown pytest.mark.stage - is this a typo?  You can register custom marks to avoid this warning - for details, see https://docs.pytest.org/en/stable/how-to/mark.html
    pytestmark = pytest.mark.stage(1)

..\..\..\..\AppData\Local\Temp\umbra-1125eee4-y5y41wjt\repo\verify\stage-1\test_s1_differential.py:12
  C:\Users\HARIHARAN\AppData\Local\Temp\umbra-1125eee4-y5y41wjt\repo\verify\stage-1\test_s1_differential.py:12: PytestUnknownMarkWarning: Unknown pytest.mark.stage - is this a typo?  You can register custom marks to avoid this warning - for details, see https://docs.pytest.org/en/stable/how-to/mark.html
    pytestmark = pytest.mark.stage(1)

..\..\..\..\AppData\Local\Temp\umbra-1125eee4-y5y41wjt\repo\verify\stage-1\test_s1_errors_load.py:11
  C:\Users\HARIHARAN\AppData\Local\Temp\umbra-1125eee4-y5y41wjt\repo\verify\stage-1\test_s1_errors_load.py:11: PytestUnknownMarkWarning: Unknown pytest.mark.stage - is this a typo?  You can register custom marks to avoid this warning - for details, see https://docs.pytest.org/en/stable/how-to/mark.html
    pytestmark = pytest.mark.stage(1)

..\..\..\..\AppData\Local\Temp\umbra-1125eee4-y5y41wjt\repo\verify\stage-1\test_s1_export_import.py:9
  C:\Users\HARIHARAN\AppData\Local\Temp\umbra-1125eee4-y5y41wjt\repo\verify\stage-1\test_s1_export_import.py:9: PytestUnknownMarkWarning: Unknown pytest.mark.stage - is this a typo?  You can register custom marks to avoid this warning - for details, see https://docs.pytest.org/en/stable/how-to/mark.html
    pytestmark = pytest.mark.stage(1)

..\..\..\..\AppData\Local\Temp\umbra-1125eee4-y5y41wjt\repo\verify\stage-1\test_s1_idempotency.py:8
  C:\Users\HARIHARAN\AppData\Local\Temp\umbra-1125eee4-y5y41wjt\repo\verify\stage-1\test_s1_idempotency.py:8: PytestUnknownMarkWarning: Unknown pytest.mark.stage - is this a typo?  You can register custom marks to avoid this warning - for details, see https://docs.pytest.org/en/stable/how-to/mark.html
    pytestmark = pytest.mark.stage(1)

..\..\..\..\AppData\Local\Temp\umbra-1125eee4-y5y41wjt\repo\verify\stage-1\test_s1_invariants.py:10
  C:\Users\HARIHARAN\AppData\Local\Temp\umbra-1125eee4-y5y41wjt\repo\verify\stage-1\test_s1_invariants.py:10: PytestUnknownMarkWarning: Unknown pytest.mark.stage - is this a typo?  You can register custom marks to avoid this warning - for details, see https://docs.pytest.org/en/stable/how-to/mark.html
    pytestmark = pytest.mark.stage(1)

..\..\..\..\AppData\Local\Temp\umbra-1125eee4-y5y41wjt\repo\verify\stage-1\test_s1_payments.py:9
  C:\Users\HARIHARAN\AppData\Local\Temp\umbra-1125eee4-y5y41wjt\repo\verify\stage-1\test_s1_payments.py:9: PytestUnknownMarkWarning: Unknown pytest.mark.stage - is this a typo?  You can register custom marks to avoid this warning - for details, see https://docs.pytest.org/en/stable/how-to/mark.html
    pytestmark = pytest.mark.stage(1)

..\..\..\..\AppData\Local\Temp\umbra-1125eee4-y5y41wjt\repo\verify\stage-1\test_s1_requests.py:8
  C:\Users\HARIHARAN\AppData\Local\Temp\umbra-1125eee4-y5y41wjt\repo\verify\stage-1\test_s1_requests.py:8: PytestUnknownMarkWarning: Unknown pytest.mark.stage - is this a typo?  You can register custom marks to avoid this warning - for details, see https://docs.pytest.org/en/stable/how-to/mark.html
    pytestmark = pytest.mark.stage(1)

..\..\..\..\AppData\Local\Temp\umbra-1125eee4-y5y41wjt\repo\verify\stage-1\test_s1_runtime.py:13
  C:\Users\HARIHARAN\AppData\Local\Temp\umbra-1125eee4-y5y41wjt\repo\verify\stage-1\test_s1_runtime.py:13: PytestUnknownMarkWarning: Unknown pytest.mark.stage - is this a typo?  You can register custom marks to avoid this warning - for details, see https://docs.pytest.org/en/stable/how-to/mark.html
    pytestmark = pytest.mark.stage(1)

..\..\..\..\AppData\Local\Temp\umbra-1125eee4-y5y41wjt\repo\verify\stage-1\test_s1_settlements.py:9
  C:\Users\HARIHARAN\AppData\Local\Temp\umbra-1125eee4-y5y41wjt\repo\verify\stage-1\test_s1_settlements.py:9: PytestUnknownMarkWarning: Unknown pytest.mark.stage - is this a typo?  You can register custom marks to avoid this warning - for details, see https://docs.pytest.org/en/stable/how-to/mark.html
    pytestmark = pytest.mark.stage(1)

..\..\..\..\AppData\Local\Temp\umbra-1125eee4-y5y41wjt\repo\verify\stage-1\test_s1_spec_edges.py:10
  C:\Users\HARIHARAN\AppData\Local\Temp\umbra-1125eee4-y5y41wjt\repo\verify\stage-1\test_s1_spec_edges.py:10: PytestUnknownMarkWarning: Unknown pytest.mark.stage - is this a typo?  You can register custom marks to avoid this warning - for details, see https://docs.pytest.org/en/stable/how-to/mark.html
    pytestmark = pytest.mark.stage(1)

..\..\..\..\AppData\Local\Temp\umbra-1125eee4-y5y41wjt\repo\verify\stage-1\test_s1_splits_activity.py:9
  C:\Users\HARIHARAN\AppData\Local\Temp\umbra-1125eee4-y5y41wjt\repo\verify\stage-1\test_s1_splits_activity.py:9: PytestUnknownMarkWarning: Unknown pytest.mark.stage - is this a typo?  You can register custom marks to avoid this warning - for details, see https://docs.pytest.org/en/stable/how-to/mark.html
    pytestmark = pytest.mark.stage(1)

-- Docs: https://docs.pytest.org/en/stable/how-to/capture-warnings.html
=========================== short test summary info ===========================
FAILED ..\..\..\..\AppData\Local\Temp\umbra-1125eee4-y5y41wjt\repo\verify\stage-1\test_s1_invariants.py::test_s1_c26_non_negative_under_competing_debits
FAILED ..\..\..\..\AppData\Local\Temp\umbra-1125eee4-y5y41wjt\repo\verify\stage-1\test_s1_payments.py::test_s1_c12_payment_error_cases
2 failed, 76 passed, 13 warnings in 351.56s (0:05:51)
FF...................................F...............EEEEEEEEEEEEEEEEEEE [ 83%]
EFFFFFFFFFFEFF                                                           [100%]
=================================== ERRORS ====================================
___________ ERROR at setup of test_same_key_different_body_is_reuse ___________

    @contextlib.contextmanager
    def map_httpcore_exceptions() -> typing.Iterator[None]:
        global HTTPCORE_EXC_MAP
        if len(HTTPCORE_EXC_MAP) == 0:
            HTTPCORE_EXC_MAP = _load_httpcore_exceptions()
        try:
>           yield

..\..\dark-factory-wearedevs\.venv\Lib\site-packages\httpx\_transports\default.py:101: 
_ _ _ _ _ _ _ _ _ _ _ _ _ _ _ _ _ _ _ _ _ _ _ _ _ _ _ _ _ _ _ _ _ _ _ _ _ _ _ _
..\..\dark-factory-wearedevs\.venv\Lib\site-packages\httpx\_transports\default.py:250: in handle_request
    resp = self._pool.handle_request(req)
           ^^^^^^^^^^^^^^^^^^^^^^^^^^^^^^
..\..\dark-factory-wearedevs\.venv\Lib\site-packages\httpcore\_sync\connection_pool.py:256: in handle_request
    raise exc from None
..\..\dark-factory-wearedevs\.venv\Lib\site-packages\httpcore\_sync\connection_pool.py:236: in handle_request
    response = connection.handle_request(
..\..\dark-factory-wearedevs\.venv\Lib\site-packages\httpcore\_sync\connection.py:101: in handle_request
    raise exc
..\..\dark-factory-wearedevs\.venv\Lib\site-packages\httpcore\_sync\connection.py:78: in handle_request
    stream = self._connect(request)
             ^^^^^^^^^^^^^^^^^^^^^^
..\..\dark-factory-wearedevs\.venv\Lib\site-packages\httpcore\_sync\connection.py:124: in _connect
    stream = self._network_backend.connect_tcp(**kwargs)
             ^^^^^^^^^^^^^^^^^^^^^^^^^^^^^^^^^^^^^^^^^^^
..\..\dark-factory-wearedevs\.venv\Lib\site-packages\httpcore\_backends\sync.py:207: in connect_tcp
    with map_exceptions(exc_map):
         ^^^^^^^^^^^^^^^^^^^^^^^
..\..\..\..\AppData\Local\Programs\Python\Python312\Lib\contextlib.py:158: in __exit__
    self.gen.throw(value)
_ _ _ _ _ _ _ _ _ _ _ _ _ _ _ _ _ _ _ _ _ _ _ _ _ _ _ _ _ _ _ _ _ _ _ _ _ _ _ _

map = {<class 'TimeoutError'>: <class 'httpcore.ConnectTimeout'>, <class 'OSError'>: <class 'httpcore.ConnectError'>}

    @contextlib.contextmanager
    def map_exceptions(map: ExceptionMapping) -> typing.Iterator[None]:
        try:
            yield
        except Exception as exc:  # noqa: PIE786
            for from_exc, to_exc in map.items():
                if isinstance(exc, from_exc):
>                   raise to_exc(exc) from exc
E                   httpcore.ConnectError: [WinError 10061] No connection could be made because the target machine actively refused it

..\..\dark-factory-wearedevs\.venv\Lib\site-packages\httpcore\_exceptions.py:14: ConnectError

The above exception was the direct cause of the following exception:

api = <function api.<locals>._make at 0x0000018C8CC5E3E0>

    @pytest.fixture
    def world(api):
        body = fixture()
        resp = do_reset(body)
        assert resp.status_code == 204, resp.text
        clients = {}
        for handle in HANDLES:
            c = api()
>           login = c.login(f"{handle}@example.com", PASSWORD)
                    ^^^^^^^^^^^^^^^^^^^^^^^^^^^^^^^^^^^^^^^^^^

C:\Users\HARIHA~1\AppData\Local\Temp\umbra-1125eee4-y5y41wjt\repo\attacks\stage-1\conftest.py:55: 
_ _ _ _ _ _ _ _ _ _ _ _ _ _ _ _ _ _ _ _ _ _ _ _ _ _ _ _ _ _ _ _ _ _ _ _ _ _ _ _
..\..\..\..\AppData\Local\Temp\umbra-1125eee4-y5y41wjt\repo\attacks\stage-1\attacklib.py:59: in login
    resp = self.post("/auth/login", json={"email": email, "password": password},
..\..\..\..\AppData\Local\Temp\umbra-1125eee4-y5y41wjt\repo\attacks\stage-1\attacklib.py:56: in post
    return self.request("POST", path, **kw)
           ^^^^^^^^^^^^^^^^^^^^^^^^^^^^^^^^
..\..\..\..\AppData\Local\Temp\umbra-1125eee4-y5y41wjt\repo\attacks\stage-1\attacklib.py:50: in request
    return self._c.request(method, path, **kwargs)
           ^^^^^^^^^^^^^^^^^^^^^^^^^^^^^^^^^^^^^^^
..\..\dark-factory-wearedevs\.venv\Lib\site-packages\httpx\_client.py:825: in request
    return self.send(request, auth=auth, follow_redirects=follow_redirects)
           ^^^^^^^^^^^^^^^^^^^^^^^^^^^^^^^^^^^^^^^^^^^^^^^^^^^^^^^^^^^^^^^^
..\..\dark-factory-wearedevs\.venv\Lib\site-packages\httpx\_client.py:914: in send
    response = self._send_handling_auth(
..\..\dark-factory-wearedevs\.venv\Lib\site-packages\httpx\_client.py:942: in _send_handling_auth
    response = self._send_handling_redirects(
..\..\dark-factory-wearedevs\.venv\Lib\site-packages\httpx\_client.py:979: in _send_handling_redirects
    response = self._send_single_request(request)
               ^^^^^^^^^^^^^^^^^^^^^^^^^^^^^^^^^^
..\..\dark-factory-wearedevs\.venv\Lib\site-packages\httpx\_client.py:1014: in _send_single_request
    response = transport.handle_request(request)
               ^^^^^^^^^^^^^^^^^^^^^^^^^^^^^^^^^
..\..\dark-factory-wearedevs\.venv\Lib\site-packages\httpx\_transports\default.py:249: in handle_request
    with map_httpcore_exceptions():
         ^^^^^^^^^^^^^^^^^^^^^^^^^
..\..\..\..\AppData\Local\Programs\Python\Python312\Lib\contextlib.py:158: in __exit__
    self.gen.throw(value)
_ _ _ _ _ _ _ _ _ _ _ _ _ _ _ _ _ _ _ _ _ _ _ _ _ _ _ _ _ _ _ _ _ _ _ _ _ _ _ _

    @contextlib.contextmanager
    def map_httpcore_exceptions() -> typing.Iterator[None]:
        global HTTPCORE_EXC_MAP
        if len(HTTPCORE_EXC_MAP) == 0:
            HTTPCORE_EXC_MAP = _load_httpcore_exceptions()
        try:
            yield
        except Exception as exc:
            mapped_exc = None
    
            for from_exc, to_exc in HTTPCORE_EXC_MAP.items():
                if not isinstance(exc, from_exc):
                    continue
                # We want to map to the most specific exception we can find.
                # Eg if `exc` is an `httpcore.ReadTimeout`, we want to map to
                # `httpx.ReadTimeout`, not just `httpx.TimeoutException`.
                if mapped_exc is None or issubclass(to_exc, mapped_exc):
                    mapped_exc = to_exc
    
            if mapped_exc is None:  # pragma: no cover
                raise
    
            message = str(exc)
>           raise mapped_exc(message) from exc
E           httpx.ConnectError: [WinError 10061] No connection could be made because the target machine actively refused it

..\..\dark-factory-wearedevs\.venv\Lib\site-packages\httpx\_transports\default.py:118: ConnectError
___________ ERROR at setup of test_key_reusable_after_a_4xx_failure ___________

    @contextlib.contextmanager
    def map_httpcore_exceptions() -> typing.Iterator[None]:
        global HTTPCORE_EXC_MAP
        if len(HTTPCORE_EXC_MAP) == 0:
            HTTPCORE_EXC_MAP = _load_httpcore_exceptions()
        try:
>           yield

..\..\dark-factory-wearedevs\.venv\Lib\site-packages\httpx\_transports\default.py:101: 
_ _ _ _ _ _ _ _ _ _ _ _ _ _ _ _ _ _ _ _ _ _ _ _ _ _ _ _ _ _ _ _ _ _ _ _ _ _ _ _
..\..\dark-factory-wearedevs\.venv\Lib\site-packages\httpx\_transports\default.py:250: in handle_request
    resp = self._pool.handle_request(req)
           ^^^^^^^^^^^^^^^^^^^^^^^^^^^^^^
..\..\dark-factory-wearedevs\.venv\Lib\site-packages\httpcore\_sync\connection_pool.py:256: in handle_request
    raise exc from None
..\..\dark-factory-wearedevs\.venv\Lib\site-packages\httpcore\_sync\connection_pool.py:236: in handle_request
    response = connection.handle_request(
..\..\dark-factory-wearedevs\.venv\Lib\site-packages\httpcore\_sync\connection.py:101: in handle_request
    raise exc
..\..\dark-factory-wearedevs\.venv\Lib\site-packages\httpcore\_sync\connection.py:78: in handle_request
    stream = self._connect(request)
             ^^^^^^^^^^^^^^^^^^^^^^
..\..\dark-factory-wearedevs\.venv\Lib\site-packages\httpcore\_sync\connection.py:124: in _connect
    stream = self._network_backend.connect_tcp(**kwargs)
             ^^^^^^^^^^^^^^^^^^^^^^^^^^^^^^^^^^^^^^^^^^^
..\..\dark-factory-wearedevs\.venv\Lib\site-packages\httpcore\_backends\sync.py:207: in connect_tcp
    with map_exceptions(exc_map):
         ^^^^^^^^^^^^^^^^^^^^^^^
..\..\..\..\AppData\Local\Programs\Python\Python312\Lib\contextlib.py:158: in __exit__
    self.gen.throw(value)
_ _ _ _ _ _ _ _ _ _ _ _ _ _ _ _ _ _ _ _ _ _ _ _ _ _ _ _ _ _ _ _ _ _ _ _ _ _ _ _

map = {<class 'TimeoutError'>: <class 'httpcore.ConnectTimeout'>, <class 'OSError'>: <class 'httpcore.ConnectError'>}

    @contextlib.contextmanager
    def map_exceptions(map: ExceptionMapping) -> typing.Iterator[None]:
        try:
            yield
        except Exception as exc:  # noqa: PIE786
            for from_exc, to_exc in map.items():
                if isinstance(exc, from_exc):
>                   raise to_exc(exc) from exc
E                   httpcore.ConnectError: [WinError 10061] No connection could be made because the target machine actively refused it

..\..\dark-factory-wearedevs\.venv\Lib\site-packages\httpcore\_exceptions.py:14: ConnectError

The above exception was the direct cause of the following exception:

api = <function api.<locals>._make at 0x0000018C8A4537E0>

    @pytest.fixture
    def world(api):
        body = fixture()
>       resp = do_reset(body)
               ^^^^^^^^^^^^^^

C:\Users\HARIHA~1\AppData\Local\Temp\umbra-1125eee4-y5y41wjt\repo\attacks\stage-1\conftest.py:50: 
_ _ _ _ _ _ _ _ _ _ _ _ _ _ _ _ _ _ _ _ _ _ _ _ _ _ _ _ _ _ _ _ _ _ _ _ _ _ _ _
..\..\..\..\AppData\Local\Temp\umbra-1125eee4-y5y41wjt\repo\attacks\stage-1\attacklib.py:171: in do_reset
    return c.post("/_test/reset", json=body, timeout=RESET_TIMEOUT, token=None)
           ^^^^^^^^^^^^^^^^^^^^^^^^^^^^^^^^^^^^^^^^^^^^^^^^^^^^^^^^^^^^^^^^^^^^
..\..\..\..\AppData\Local\Temp\umbra-1125eee4-y5y41wjt\repo\attacks\stage-1\attacklib.py:56: in post
    return self.request("POST", path, **kw)
           ^^^^^^^^^^^^^^^^^^^^^^^^^^^^^^^^
..\..\..\..\AppData\Local\Temp\umbra-1125eee4-y5y41wjt\repo\attacks\stage-1\attacklib.py:50: in request
    return self._c.request(method, path, **kwargs)
           ^^^^^^^^^^^^^^^^^^^^^^^^^^^^^^^^^^^^^^^
..\..\dark-factory-wearedevs\.venv\Lib\site-packages\httpx\_client.py:825: in request
    return self.send(request, auth=auth, follow_redirects=follow_redirects)
           ^^^^^^^^^^^^^^^^^^^^^^^^^^^^^^^^^^^^^^^^^^^^^^^^^^^^^^^^^^^^^^^^
..\..\dark-factory-wearedevs\.venv\Lib\site-packages\httpx\_client.py:914: in send
    response = self._send_handling_auth(
..\..\dark-factory-wearedevs\.venv\Lib\site-packages\httpx\_client.py:942: in _send_handling_auth
    response = self._send_handling_redirects(
..\..\dark-factory-wearedevs\.venv\Lib\site-packages\httpx\_client.py:979: in _send_handling_redirects
    response = self._send_single_request(request)
               ^^^^^^^^^^^^^^^^^^^^^^^^^^^^^^^^^^
..\..\dark-factory-wearedevs\.venv\Lib\site-packages\httpx\_client.py:1014: in _send_single_request
    response = transport.handle_request(request)
               ^^^^^^^^^^^^^^^^^^^^^^^^^^^^^^^^^
..\..\dark-factory-wearedevs\.venv\Lib\site-packages\httpx\_transports\default.py:249: in handle_request
    with map_httpcore_exceptions():
         ^^^^^^^^^^^^^^^^^^^^^^^^^
..\..\..\..\AppData\Local\Programs\Python\Python312\Lib\contextlib.py:158: in __exit__
    self.gen.throw(value)
_ _ _ _ _ _ _ _ _ _ _ _ _ _ _ _ _ _ _ _ _ _ _ _ _ _ _ _ _ _ _ _ _ _ _ _ _ _ _ _

    @contextlib.contextmanager
    def map_httpcore_exceptions() -> typing.Iterator[None]:
        global HTTPCORE_EXC_MAP
        if len(HTTPCORE_EXC_MAP) == 0:
            HTTPCORE_EXC_MAP = _load_httpcore_exceptions()
        try:
            yield
        except Exception as exc:
            mapped_exc = None
    
            for from_exc, to_exc in HTTPCORE_EXC_MAP.items():
                if not isinstance(exc, from_exc):
                    continue
                # We want to map to the most specific exception we can find.
                # Eg if `exc` is an `httpcore.ReadTimeout`, we want to map to
                # `httpx.ReadTimeout`, not just `httpx.TimeoutException`.
                if mapped_exc is None or issubclass(to_exc, mapped_exc):
                    mapped_exc = to_exc
    
            if mapped_exc is None:  # pragma: no cover
                raise
    
            message = str(exc)
>           raise mapped_exc(message) from exc
E           httpx.ConnectError: [WinError 10061] No connection could be made because the target machine actively refused it

..\..\dark-factory-wearedevs\.venv\Lib\site-packages\httpx\_transports\default.py:118: ConnectError
__________ ERROR at setup of test_claimed_key_wins_over_invalid_body __________

    @contextlib.contextmanager
    def map_httpcore_exceptions() -> typing.Iterator[None]:
        global HTTPCORE_EXC_MAP
        if len(HTTPCORE_EXC_MAP) == 0:
            HTTPCORE_EXC_MAP = _load_httpcore_exceptions()
        try:
>           yield

..\..\dark-factory-wearedevs\.venv\Lib\site-packages\httpx\_transports\default.py:101: 
_ _ _ _ _ _ _ _ _ _ _ _ _ _ _ _ _ _ _ _ _ _ _ _ _ _ _ _ _ _ _ _ _ _ _ _ _ _ _ _
..\..\dark-factory-wearedevs\.venv\Lib\site-packages\httpx\_transports\default.py:250: in handle_request
    resp = self._pool.handle_request(req)
           ^^^^^^^^^^^^^^^^^^^^^^^^^^^^^^
..\..\dark-factory-wearedevs\.venv\Lib\site-packages\httpcore\_sync\connection_pool.py:256: in handle_request
    raise exc from None
..\..\dark-factory-wearedevs\.venv\Lib\site-packages\httpcore\_sync\connection_pool.py:236: in handle_request
    response = connection.handle_request(
..\..\dark-factory-wearedevs\.venv\Lib\site-packages\httpcore\_sync\connection.py:101: in handle_request
    raise exc
..\..\dark-factory-wearedevs\.venv\Lib\site-packages\httpcore\_sync\connection.py:78: in handle_request
    stream = self._connect(request)
             ^^^^^^^^^^^^^^^^^^^^^^
..\..\dark-factory-wearedevs\.venv\Lib\site-packages\httpcore\_sync\connection.py:124: in _connect
    stream = self._network_backend.connect_tcp(**kwargs)
             ^^^^^^^^^^^^^^^^^^^^^^^^^^^^^^^^^^^^^^^^^^^
..\..\dark-factory-wearedevs\.venv\Lib\site-packages\httpcore\_backends\sync.py:207: in connect_tcp
    with map_exceptions(exc_map):
         ^^^^^^^^^^^^^^^^^^^^^^^
..\..\..\..\AppData\Local\Programs\Python\Python312\Lib\contextlib.py:158: in __exit__
    self.gen.throw(value)
_ _ _ _ _ _ _ _ _ _ _ _ _ _ _ _ _ _ _ _ _ _ _ _ _ _ _ _ _ _ _ _ _ _ _ _ _ _ _ _

map = {<class 'TimeoutError'>: <class 'httpcore.ConnectTimeout'>, <class 'OSError'>: <class 'httpcore.ConnectError'>}

    @contextlib.contextmanager
    def map_exceptions(map: ExceptionMapping) -> typing.Iterator[None]:
        try:
            yield
        except Exception as exc:  # noqa: PIE786
            for from_exc, to_exc in map.items():
                if isinstance(exc, from_exc):
>                   raise to_exc(exc) from exc
E                   httpcore.ConnectError: [WinError 10061] No connection could be made because the target machine actively refused it

..\..\dark-factory-wearedevs\.venv\Lib\site-packages\httpcore\_exceptions.py:14: ConnectError

The above exception was the direct cause of the following exception:

api = <function api.<locals>._make at 0x0000018C8CC5FBA0>

    @pytest.fixture
    def world(api):
        body = fixture()
>       resp = do_reset(body)
               ^^^^^^^^^^^^^^

C:\Users\HARIHA~1\AppData\Local\Temp\umbra-1125eee4-y5y41wjt\repo\attacks\stage-1\conftest.py:50: 
_ _ _ _ _ _ _ _ _ _ _ _ _ _ _ _ _ _ _ _ _ _ _ _ _ _ _ _ _ _ _ _ _ _ _ _ _ _ _ _
..\..\..\..\AppData\Local\Temp\umbra-1125eee4-y5y41wjt\repo\attacks\stage-1\attacklib.py:171: in do_reset
    return c.post("/_test/reset", json=body, timeout=RESET_TIMEOUT, token=None)
           ^^^^^^^^^^^^^^^^^^^^^^^^^^^^^^^^^^^^^^^^^^^^^^^^^^^^^^^^^^^^^^^^^^^^
..\..\..\..\AppData\Local\Temp\umbra-1125eee4-y5y41wjt\repo\attacks\stage-1\attacklib.py:56: in post
    return self.request("POST", path, **kw)
           ^^^^^^^^^^^^^^^^^^^^^^^^^^^^^^^^
..\..\..\..\AppData\Local\Temp\umbra-1125eee4-y5y41wjt\repo\attacks\stage-1\attacklib.py:50: in request
    return self._c.request(method, path, **kwargs)
           ^^^^^^^^^^^^^^^^^^^^^^^^^^^^^^^^^^^^^^^
..\..\dark-factory-wearedevs\.venv\Lib\site-packages\httpx\_client.py:825: in request
    return self.send(request, auth=auth, follow_redirects=follow_redirects)
           ^^^^^^^^^^^^^^^^^^^^^^^^^^^^^^^^^^^^^^^^^^^^^^^^^^^^^^^^^^^^^^^^
..\..\dark-factory-wearedevs\.venv\Lib\site-packages\httpx\_client.py:914: in send
    response = self._send_handling_auth(
..\..\dark-factory-wearedevs\.venv\Lib\site-packages\httpx\_client.py:942: in _send_handling_auth
    response = self._send_handling_redirects(
..\..\dark-factory-wearedevs\.venv\Lib\site-packages\httpx\_client.py:979: in _send_handling_redirects
    response = self._send_single_request(request)
               ^^^^^^^^^^^^^^^^^^^^^^^^^^^^^^^^^^
..\..\dark-factory-wearedevs\.venv\Lib\site-packages\httpx\_client.py:1014: in _send_single_request
    response = transport.handle_request(request)
               ^^^^^^^^^^^^^^^^^^^^^^^^^^^^^^^^^
..\..\dark-factory-wearedevs\.venv\Lib\site-packages\httpx\_transports\default.py:249: in handle_request
    with map_httpcore_exceptions():
         ^^^^^^^^^^^^^^^^^^^^^^^^^
..\..\..\..\AppData\Local\Programs\Python\Python312\Lib\contextlib.py:158: in __exit__
    self.gen.throw(value)
_ _ _ _ _ _ _ _ _ _ _ _ _ _ _ _ _ _ _ _ _ _ _ _ _ _ _ _ _ _ _ _ _ _ _ _ _ _ _ _

    @contextlib.contextmanager
    def map_httpcore_exceptions() -> typing.Iterator[None]:
        global HTTPCORE_EXC_MAP
        if len(HTTPCORE_EXC_MAP) == 0:
            HTTPCORE_EXC_MAP = _load_httpcore_exceptions()
        try:
            yield
        except Exception as exc:
            mapped_exc = None
    
            for from_exc, to_exc in HTTPCORE_EXC_MAP.items():
                if not isinstance(exc, from_exc):
                    continue
                # We want to map to the most specific exception we can find.
                # Eg if `exc` is an `httpcore.ReadTimeout`, we want to map to
                # `httpx.ReadTimeout`, not just `httpx.TimeoutException`.
                if mapped_exc is None or issubclass(to_exc, mapped_exc):
                    mapped_exc = to_exc
    
            if mapped_exc is None:  # pragma: no cover
                raise
    
            message = str(exc)
>           raise mapped_exc(message) from exc
E           httpx.ConnectError: [WinError 10061] No connection could be made because the target machine actively refused it

..\..\dark-factory-wearedevs\.venv\Lib\site-packages\httpx\_transports\default.py:118: ConnectError
_______ ERROR at setup of test_same_key_different_path_is_not_a_replay ________

    @contextlib.contextmanager
    def map_httpcore_exceptions() -> typing.Iterator[None]:
        global HTTPCORE_EXC_MAP
        if len(HTTPCORE_EXC_MAP) == 0:
            HTTPCORE_EXC_MAP = _load_httpcore_exceptions()
        try:
>           yield

..\..\dark-factory-wearedevs\.venv\Lib\site-packages\httpx\_transports\default.py:101: 
_ _ _ _ _ _ _ _ _ _ _ _ _ _ _ _ _ _ _ _ _ _ _ _ _ _ _ _ _ _ _ _ _ _ _ _ _ _ _ _
..\..\dark-factory-wearedevs\.venv\Lib\site-packages\httpx\_transports\default.py:250: in handle_request
    resp = self._pool.handle_request(req)
           ^^^^^^^^^^^^^^^^^^^^^^^^^^^^^^
..\..\dark-factory-wearedevs\.venv\Lib\site-packages\httpcore\_sync\connection_pool.py:256: in handle_request
    raise exc from None
..\..\dark-factory-wearedevs\.venv\Lib\site-packages\httpcore\_sync\connection_pool.py:236: in handle_request
    response = connection.handle_request(
..\..\dark-factory-wearedevs\.venv\Lib\site-packages\httpcore\_sync\connection.py:101: in handle_request
    raise exc
..\..\dark-factory-wearedevs\.venv\Lib\site-packages\httpcore\_sync\connection.py:78: in handle_request
    stream = self._connect(request)
             ^^^^^^^^^^^^^^^^^^^^^^
..\..\dark-factory-wearedevs\.venv\Lib\site-packages\httpcore\_sync\connection.py:124: in _connect
    stream = self._network_backend.connect_tcp(**kwargs)
             ^^^^^^^^^^^^^^^^^^^^^^^^^^^^^^^^^^^^^^^^^^^
..\..\dark-factory-wearedevs\.venv\Lib\site-packages\httpcore\_backends\sync.py:207: in connect_tcp
    with map_exceptions(exc_map):
         ^^^^^^^^^^^^^^^^^^^^^^^
..\..\..\..\AppData\Local\Programs\Python\Python312\Lib\contextlib.py:158: in __exit__
    self.gen.throw(value)
_ _ _ _ _ _ _ _ _ _ _ _ _ _ _ _ _ _ _ _ _ _ _ _ _ _ _ _ _ _ _ _ _ _ _ _ _ _ _ _

map = {<class 'TimeoutError'>: <class 'httpcore.ConnectTimeout'>, <class 'OSError'>: <class 'httpcore.ConnectError'>}

    @contextlib.contextmanager
    def map_exceptions(map: ExceptionMapping) -> typing.Iterator[None]:
        try:
            yield
        except Exception as exc:  # noqa: PIE786
            for from_exc, to_exc in map.items():
                if isinstance(exc, from_exc):
>                   raise to_exc(exc) from exc
E                   httpcore.ConnectError: [WinError 10061] No connection could be made because the target machine actively refused it

..\..\dark-factory-wearedevs\.venv\Lib\site-packages\httpcore\_exceptions.py:14: ConnectError

The above exception was the direct cause of the following exception:

api = <function api.<locals>._make at 0x0000018C8CC5E700>

    @pytest.fixture
    def world(api):
        body = fixture()
>       resp = do_reset(body)
               ^^^^^^^^^^^^^^

C:\Users\HARIHA~1\AppData\Local\Temp\umbra-1125eee4-y5y41wjt\repo\attacks\stage-1\conftest.py:50: 
_ _ _ _ _ _ _ _ _ _ _ _ _ _ _ _ _ _ _ _ _ _ _ _ _ _ _ _ _ _ _ _ _ _ _ _ _ _ _ _
..\..\..\..\AppData\Local\Temp\umbra-1125eee4-y5y41wjt\repo\attacks\stage-1\attacklib.py:171: in do_reset
    return c.post("/_test/reset", json=body, timeout=RESET_TIMEOUT, token=None)
           ^^^^^^^^^^^^^^^^^^^^^^^^^^^^^^^^^^^^^^^^^^^^^^^^^^^^^^^^^^^^^^^^^^^^
..\..\..\..\AppData\Local\Temp\umbra-1125eee4-y5y41wjt\repo\attacks\stage-1\attacklib.py:56: in post
    return self.request("POST", path, **kw)
           ^^^^^^^^^^^^^^^^^^^^^^^^^^^^^^^^
..\..\..\..\AppData\Local\Temp\umbra-1125eee4-y5y41wjt\repo\attacks\stage-1\attacklib.py:50: in request
    return self._c.request(method, path, **kwargs)
           ^^^^^^^^^^^^^^^^^^^^^^^^^^^^^^^^^^^^^^^
..\..\dark-factory-wearedevs\.venv\Lib\site-packages\httpx\_client.py:825: in request
    return self.send(request, auth=auth, follow_redirects=follow_redirects)
           ^^^^^^^^^^^^^^^^^^^^^^^^^^^^^^^^^^^^^^^^^^^^^^^^^^^^^^^^^^^^^^^^
..\..\dark-factory-wearedevs\.venv\Lib\site-packages\httpx\_client.py:914: in send
    response = self._send_handling_auth(
..\..\dark-factory-wearedevs\.venv\Lib\site-packages\httpx\_client.py:942: in _send_handling_auth
    response = self._send_handling_redirects(
..\..\dark-factory-wearedevs\.venv\Lib\site-packages\httpx\_client.py:979: in _send_handling_redirects
    response = self._send_single_request(request)
               ^^^^^^^^^^^^^^^^^^^^^^^^^^^^^^^^^^
..\..\dark-factory-wearedevs\.venv\Lib\site-packages\httpx\_client.py:1014: in _send_single_request
    response = transport.handle_request(request)
               ^^^^^^^^^^^^^^^^^^^^^^^^^^^^^^^^^
..\..\dark-factory-wearedevs\.venv\Lib\site-packages\httpx\_transports\default.py:249: in handle_request
    with map_httpcore_exceptions():
         ^^^^^^^^^^^^^^^^^^^^^^^^^
..\..\..\..\AppData\Local\Programs\Python\Python312\Lib\contextlib.py:158: in __exit__
    self.gen.throw(value)
_ _ _ _ _ _ _ _ _ _ _ _ _ _ _ _ _ _ _ _ _ _ _ _ _ _ _ _ _ _ _ _ _ _ _ _ _ _ _ _

    @contextlib.contextmanager
    def map_httpcore_exceptions() -> typing.Iterator[None]:
        global HTTPCORE_EXC_MAP
        if len(HTTPCORE_EXC_MAP) == 0:
            HTTPCORE_EXC_MAP = _load_httpcore_exceptions()
        try:
            yield
        except Exception as exc:
            mapped_exc = None
    
            for from_exc, to_exc in HTTPCORE_EXC_MAP.items():
                if not isinstance(exc, from_exc):
                    continue
                # We want to map to the most specific exception we can find.
                # Eg if `exc` is an `httpcore.ReadTimeout`, we want to map to
                # `httpx.ReadTimeout`, not just `httpx.TimeoutException`.
                if mapped_exc is None or issubclass(to_exc, mapped_exc):
                    mapped_exc = to_exc
    
            if mapped_exc is None:  # pragma: no cover
                raise
    
            message = str(exc)
>           raise mapped_exc(message) from exc
E           httpx.ConnectError: [WinError 10061] No connection could be made because the target machine actively refused it

..\..\dark-factory-wearedevs\.venv\Lib\site-packages\httpx\_transports\default.py:118: ConnectError
_______ ERROR at setup of test_key_is_scoped_to_the_authenticated_user ________

    @contextlib.contextmanager
    def map_httpcore_exceptions() -> typing.Iterator[None]:
        global HTTPCORE_EXC_MAP
        if len(HTTPCORE_EXC_MAP) == 0:
            HTTPCORE_EXC_MAP = _load_httpcore_exceptions()
        try:
>           yield

..\..\dark-factory-wearedevs\.venv\Lib\site-packages\httpx\_transports\default.py:101: 
_ _ _ _ _ _ _ _ _ _ _ _ _ _ _ _ _ _ _ _ _ _ _ _ _ _ _ _ _ _ _ _ _ _ _ _ _ _ _ _
..\..\dark-factory-wearedevs\.venv\Lib\site-packages\httpx\_transports\default.py:250: in handle_request
    resp = self._pool.handle_request(req)
           ^^^^^^^^^^^^^^^^^^^^^^^^^^^^^^
..\..\dark-factory-wearedevs\.venv\Lib\site-packages\httpcore\_sync\connection_pool.py:256: in handle_request
    raise exc from None
..\..\dark-factory-wearedevs\.venv\Lib\site-packages\httpcore\_sync\connection_pool.py:236: in handle_request
    response = connection.handle_request(
..\..\dark-factory-wearedevs\.venv\Lib\site-packages\httpcore\_sync\connection.py:101: in handle_request
    raise exc
..\..\dark-factory-wearedevs\.venv\Lib\site-packages\httpcore\_sync\connection.py:78: in handle_request
    stream = self._connect(request)
             ^^^^^^^^^^^^^^^^^^^^^^
..\..\dark-factory-wearedevs\.venv\Lib\site-packages\httpcore\_sync\connection.py:124: in _connect
    stream = self._network_backend.connect_tcp(**kwargs)
             ^^^^^^^^^^^^^^^^^^^^^^^^^^^^^^^^^^^^^^^^^^^
..\..\dark-factory-wearedevs\.venv\Lib\site-packages\httpcore\_backends\sync.py:207: in connect_tcp
    with map_exceptions(exc_map):
         ^^^^^^^^^^^^^^^^^^^^^^^
..\..\..\..\AppData\Local\Programs\Python\Python312\Lib\contextlib.py:158: in __exit__
    self.gen.throw(value)
_ _ _ _ _ _ _ _ _ _ _ _ _ _ _ _ _ _ _ _ _ _ _ _ _ _ _ _ _ _ _ _ _ _ _ _ _ _ _ _

map = {<class 'TimeoutError'>: <class 'httpcore.ConnectTimeout'>, <class 'OSError'>: <class 'httpcore.ConnectError'>}

    @contextlib.contextmanager
    def map_exceptions(map: ExceptionMapping) -> typing.Iterator[None]:
        try:
            yield
        except Exception as exc:  # noqa: PIE786
            for from_exc, to_exc in map.items():
                if isinstance(exc, from_exc):
>                   raise to_exc(exc) from exc
E                   httpcore.ConnectError: [WinError 10061] No connection could be made because the target machine actively refused it

..\..\dark-factory-wearedevs\.venv\Lib\site-packages\httpcore\_exceptions.py:14: ConnectError

The above exception was the direct cause of the following exception:

api = <function api.<locals>._make at 0x0000018C8CC5DD00>

    @pytest.fixture
    def world(api):
        body = fixture()
>       resp = do_reset(body)
               ^^^^^^^^^^^^^^

C:\Users\HARIHA~1\AppData\Local\Temp\umbra-1125eee4-y5y41wjt\repo\attacks\stage-1\conftest.py:50: 
_ _ _ _ _ _ _ _ _ _ _ _ _ _ _ _ _ _ _ _ _ _ _ _ _ _ _ _ _ _ _ _ _ _ _ _ _ _ _ _
..\..\..\..\AppData\Local\Temp\umbra-1125eee4-y5y41wjt\repo\attacks\stage-1\attacklib.py:171: in do_reset
    return c.post("/_test/reset", json=body, timeout=RESET_TIMEOUT, token=None)
           ^^^^^^^^^^^^^^^^^^^^^^^^^^^^^^^^^^^^^^^^^^^^^^^^^^^^^^^^^^^^^^^^^^^^
..\..\..\..\AppData\Local\Temp\umbra-1125eee4-y5y41wjt\repo\attacks\stage-1\attacklib.py:56: in post
    return self.request("POST", path, **kw)
           ^^^^^^^^^^^^^^^^^^^^^^^^^^^^^^^^
..\..\..\..\AppData\Local\Temp\umbra-1125eee4-y5y41wjt\repo\attacks\stage-1\attacklib.py:50: in request
    return self._c.request(method, path, **kwargs)
           ^^^^^^^^^^^^^^^^^^^^^^^^^^^^^^^^^^^^^^^
..\..\dark-factory-wearedevs\.venv\Lib\site-packages\httpx\_client.py:825: in request
    return self.send(request, auth=auth, follow_redirects=follow_redirects)
           ^^^^^^^^^^^^^^^^^^^^^^^^^^^^^^^^^^^^^^^^^^^^^^^^^^^^^^^^^^^^^^^^
..\..\dark-factory-wearedevs\.venv\Lib\site-packages\httpx\_client.py:914: in send
    response = self._send_handling_auth(
..\..\dark-factory-wearedevs\.venv\Lib\site-packages\httpx\_client.py:942: in _send_handling_auth
    response = self._send_handling_redirects(
..\..\dark-factory-wearedevs\.venv\Lib\site-packages\httpx\_client.py:979: in _send_handling_redirects
    response = self._send_single_request(request)
               ^^^^^^^^^^^^^^^^^^^^^^^^^^^^^^^^^^
..\..\dark-factory-wearedevs\.venv\Lib\site-packages\httpx\_client.py:1014: in _send_single_request
    response = transport.handle_request(request)
               ^^^^^^^^^^^^^^^^^^^^^^^^^^^^^^^^^
..\..\dark-factory-wearedevs\.venv\Lib\site-packages\httpx\_transports\default.py:249: in handle_request
    with map_httpcore_exceptions():
         ^^^^^^^^^^^^^^^^^^^^^^^^^
..\..\..\..\AppData\Local\Programs\Python\Python312\Lib\contextlib.py:158: in __exit__
    self.gen.throw(value)
_ _ _ _ _ _ _ _ _ _ _ _ _ _ _ _ _ _ _ _ _ _ _ _ _ _ _ _ _ _ _ _ _ _ _ _ _ _ _ _

    @contextlib.contextmanager
    def map_httpcore_exceptions() -> typing.Iterator[None]:
        global HTTPCORE_EXC_MAP
        if len(HTTPCORE_EXC_MAP) == 0:
            HTTPCORE_EXC_MAP = _load_httpcore_exceptions()
        try:
            yield
        except Exception as exc:
            mapped_exc = None
    
            for from_exc, to_exc in HTTPCORE_EXC_MAP.items():
                if not isinstance(exc, from_exc):
                    continue
                # We want to map to the most specific exception we can find.
                # Eg if `exc` is an `httpcore.ReadTimeout`, we want to map to
                # `httpx.ReadTimeout`, not just `httpx.TimeoutException`.
                if mapped_exc is None or issubclass(to_exc, mapped_exc):
                    mapped_exc = to_exc
    
            if mapped_exc is None:  # pragma: no cover
                raise
    
            message = str(exc)
>           raise mapped_exc(message) from exc
E           httpx.ConnectError: [WinError 10061] No connection could be made because the target machine actively refused it

..\..\dark-factory-wearedevs\.venv\Lib\site-packages\httpx\_transports\default.py:118: ConnectError
______ ERROR at setup of test_request_pay_replay_after_paid_returns_200 _______

    @contextlib.contextmanager
    def map_httpcore_exceptions() -> typing.Iterator[None]:
        global HTTPCORE_EXC_MAP
        if len(HTTPCORE_EXC_MAP) == 0:
            HTTPCORE_EXC_MAP = _load_httpcore_exceptions()
        try:
>           yield

..\..\dark-factory-wearedevs\.venv\Lib\site-packages\httpx\_transports\default.py:101: 
_ _ _ _ _ _ _ _ _ _ _ _ _ _ _ _ _ _ _ _ _ _ _ _ _ _ _ _ _ _ _ _ _ _ _ _ _ _ _ _
..\..\dark-factory-wearedevs\.venv\Lib\site-packages\httpx\_transports\default.py:250: in handle_request
    resp = self._pool.handle_request(req)
           ^^^^^^^^^^^^^^^^^^^^^^^^^^^^^^
..\..\dark-factory-wearedevs\.venv\Lib\site-packages\httpcore\_sync\connection_pool.py:256: in handle_request
    raise exc from None
..\..\dark-factory-wearedevs\.venv\Lib\site-packages\httpcore\_sync\connection_pool.py:236: in handle_request
    response = connection.handle_request(
..\..\dark-factory-wearedevs\.venv\Lib\site-packages\httpcore\_sync\connection.py:101: in handle_request
    raise exc
..\..\dark-factory-wearedevs\.venv\Lib\site-packages\httpcore\_sync\connection.py:78: in handle_request
    stream = self._connect(request)
             ^^^^^^^^^^^^^^^^^^^^^^
..\..\dark-factory-wearedevs\.venv\Lib\site-packages\httpcore\_sync\connection.py:124: in _connect
    stream = self._network_backend.connect_tcp(**kwargs)
             ^^^^^^^^^^^^^^^^^^^^^^^^^^^^^^^^^^^^^^^^^^^
..\..\dark-factory-wearedevs\.venv\Lib\site-packages\httpcore\_backends\sync.py:207: in connect_tcp
    with map_exceptions(exc_map):
         ^^^^^^^^^^^^^^^^^^^^^^^
..\..\..\..\AppData\Local\Programs\Python\Python312\Lib\contextlib.py:158: in __exit__
    self.gen.throw(value)
_ _ _ _ _ _ _ _ _ _ _ _ _ _ _ _ _ _ _ _ _ _ _ _ _ _ _ _ _ _ _ _ _ _ _ _ _ _ _ _

map = {<class 'TimeoutError'>: <class 'httpcore.ConnectTimeout'>, <class 'OSError'>: <class 'httpcore.ConnectError'>}

    @contextlib.contextmanager
    def map_exceptions(map: ExceptionMapping) -> typing.Iterator[None]:
        try:
            yield
        except Exception as exc:  # noqa: PIE786
            for from_exc, to_exc in map.items():
                if isinstance(exc, from_exc):
>                   raise to_exc(exc) from exc
E                   httpcore.ConnectError: [WinError 10061] No connection could be made because the target machine actively refused it

..\..\dark-factory-wearedevs\.venv\Lib\site-packages\httpcore\_exceptions.py:14: ConnectError

The above exception was the direct cause of the following exception:

api = <function api.<locals>._make at 0x0000018C8CC5DC60>

    @pytest.fixture
    def world(api):
        body = fixture()
>       resp = do_reset(body)
               ^^^^^^^^^^^^^^

C:\Users\HARIHA~1\AppData\Local\Temp\umbra-1125eee4-y5y41wjt\repo\attacks\stage-1\conftest.py:50: 
_ _ _ _ _ _ _ _ _ _ _ _ _ _ _ _ _ _ _ _ _ _ _ _ _ _ _ _ _ _ _ _ _ _ _ _ _ _ _ _
..\..\..\..\AppData\Local\Temp\umbra-1125eee4-y5y41wjt\repo\attacks\stage-1\attacklib.py:171: in do_reset
    return c.post("/_test/reset", json=body, timeout=RESET_TIMEOUT, token=None)
           ^^^^^^^^^^^^^^^^^^^^^^^^^^^^^^^^^^^^^^^^^^^^^^^^^^^^^^^^^^^^^^^^^^^^
..\..\..\..\AppData\Local\Temp\umbra-1125eee4-y5y41wjt\repo\attacks\stage-1\attacklib.py:56: in post
    return self.request("POST", path, **kw)
           ^^^^^^^^^^^^^^^^^^^^^^^^^^^^^^^^
..\..\..\..\AppData\Local\Temp\umbra-1125eee4-y5y41wjt\repo\attacks\stage-1\attacklib.py:50: in request
    return self._c.request(method, path, **kwargs)
           ^^^^^^^^^^^^^^^^^^^^^^^^^^^^^^^^^^^^^^^
..\..\dark-factory-wearedevs\.venv\Lib\site-packages\httpx\_client.py:825: in request
    return self.send(request, auth=auth, follow_redirects=follow_redirects)
           ^^^^^^^^^^^^^^^^^^^^^^^^^^^^^^^^^^^^^^^^^^^^^^^^^^^^^^^^^^^^^^^^
..\..\dark-factory-wearedevs\.venv\Lib\site-packages\httpx\_client.py:914: in send
    response = self._send_handling_auth(
..\..\dark-factory-wearedevs\.venv\Lib\site-packages\httpx\_client.py:942: in _send_handling_auth
    response = self._send_handling_redirects(
..\..\dark-factory-wearedevs\.venv\Lib\site-packages\httpx\_client.py:979: in _send_handling_redirects
    response = self._send_single_request(request)
               ^^^^^^^^^^^^^^^^^^^^^^^^^^^^^^^^^^
..\..\dark-factory-wearedevs\.venv\Lib\site-packages\httpx\_client.py:1014: in _send_single_request
    response = transport.handle_request(request)
               ^^^^^^^^^^^^^^^^^^^^^^^^^^^^^^^^^
..\..\dark-factory-wearedevs\.venv\Lib\site-packages\httpx\_transports\default.py:249: in handle_request
    with map_httpcore_exceptions():
         ^^^^^^^^^^^^^^^^^^^^^^^^^
..\..\..\..\AppData\Local\Programs\Python\Python312\Lib\contextlib.py:158: in __exit__
    self.gen.throw(value)
_ _ _ _ _ _ _ _ _ _ _ _ _ _ _ _ _ _ _ _ _ _ _ _ _ _ _ _ _ _ _ _ _ _ _ _ _ _ _ _

    @contextlib.contextmanager
    def map_httpcore_exceptions() -> typing.Iterator[None]:
        global HTTPCORE_EXC_MAP
        if len(HTTPCORE_EXC_MAP) == 0:
            HTTPCORE_EXC_MAP = _load_httpcore_exceptions()
        try:
            yield
        except Exception as exc:
            mapped_exc = None
    
            for from_exc, to_exc in HTTPCORE_EXC_MAP.items():
                if not isinstance(exc, from_exc):
                    continue
                # We want to map to the most specific exception we can find.
                # Eg if `exc` is an `httpcore.ReadTimeout`, we want to map to
                # `httpx.ReadTimeout`, not just `httpx.TimeoutException`.
                if mapped_exc is None or issubclass(to_exc, mapped_exc):
                    mapped_exc = to_exc
    
            if mapped_exc is None:  # pragma: no cover
                raise
    
            message = str(exc)
>           raise mapped_exc(message) from exc
E           httpx.ConnectError: [WinError 10061] No connection could be made because the target machine actively refused it

..\..\dark-factory-wearedevs\.venv\Lib\site-packages\httpx\_transports\default.py:118: ConnectError
_________________ ERROR at setup of test_decline_twice_is_200 _________________

    @contextlib.contextmanager
    def map_httpcore_exceptions() -> typing.Iterator[None]:
        global HTTPCORE_EXC_MAP
        if len(HTTPCORE_EXC_MAP) == 0:
            HTTPCORE_EXC_MAP = _load_httpcore_exceptions()
        try:
>           yield

..\..\dark-factory-wearedevs\.venv\Lib\site-packages\httpx\_transports\default.py:101: 
_ _ _ _ _ _ _ _ _ _ _ _ _ _ _ _ _ _ _ _ _ _ _ _ _ _ _ _ _ _ _ _ _ _ _ _ _ _ _ _
..\..\dark-factory-wearedevs\.venv\Lib\site-packages\httpx\_transports\default.py:250: in handle_request
    resp = self._pool.handle_request(req)
           ^^^^^^^^^^^^^^^^^^^^^^^^^^^^^^
..\..\dark-factory-wearedevs\.venv\Lib\site-packages\httpcore\_sync\connection_pool.py:256: in handle_request
    raise exc from None
..\..\dark-factory-wearedevs\.venv\Lib\site-packages\httpcore\_sync\connection_pool.py:236: in handle_request
    response = connection.handle_request(
..\..\dark-factory-wearedevs\.venv\Lib\site-packages\httpcore\_sync\connection.py:101: in handle_request
    raise exc
..\..\dark-factory-wearedevs\.venv\Lib\site-packages\httpcore\_sync\connection.py:78: in handle_request
    stream = self._connect(request)
             ^^^^^^^^^^^^^^^^^^^^^^
..\..\dark-factory-wearedevs\.venv\Lib\site-packages\httpcore\_sync\connection.py:124: in _connect
    stream = self._network_backend.connect_tcp(**kwargs)
             ^^^^^^^^^^^^^^^^^^^^^^^^^^^^^^^^^^^^^^^^^^^
..\..\dark-factory-wearedevs\.venv\Lib\site-packages\httpcore\_backends\sync.py:207: in connect_tcp
    with map_exceptions(exc_map):
         ^^^^^^^^^^^^^^^^^^^^^^^
..\..\..\..\AppData\Local\Programs\Python\Python312\Lib\contextlib.py:158: in __exit__
    self.gen.throw(value)
_ _ _ _ _ _ _ _ _ _ _ _ _ _ _ _ _ _ _ _ _ _ _ _ _ _ _ _ _ _ _ _ _ _ _ _ _ _ _ _

map = {<class 'TimeoutError'>: <class 'httpcore.ConnectTimeout'>, <class 'OSError'>: <class 'httpcore.ConnectError'>}

    @contextlib.contextmanager
    def map_exceptions(map: ExceptionMapping) -> typing.Iterator[None]:
        try:
            yield
        except Exception as exc:  # noqa: PIE786
            for from_exc, to_exc in map.items():
                if isinstance(exc, from_exc):
>                   raise to_exc(exc) from exc
E                   httpcore.ConnectError: [WinError 10061] No connection could be made because the target machine actively refused it

..\..\dark-factory-wearedevs\.venv\Lib\site-packages\httpcore\_exceptions.py:14: ConnectError

The above exception was the direct cause of the following exception:

api = <function api.<locals>._make at 0x0000018C8CC5E340>

    @pytest.fixture
    def world(api):
        body = fixture()
>       resp = do_reset(body)
               ^^^^^^^^^^^^^^

C:\Users\HARIHA~1\AppData\Local\Temp\umbra-1125eee4-y5y41wjt\repo\attacks\stage-1\conftest.py:50: 
_ _ _ _ _ _ _ _ _ _ _ _ _ _ _ _ _ _ _ _ _ _ _ _ _ _ _ _ _ _ _ _ _ _ _ _ _ _ _ _
..\..\..\..\AppData\Local\Temp\umbra-1125eee4-y5y41wjt\repo\attacks\stage-1\attacklib.py:171: in do_reset
    return c.post("/_test/reset", json=body, timeout=RESET_TIMEOUT, token=None)
           ^^^^^^^^^^^^^^^^^^^^^^^^^^^^^^^^^^^^^^^^^^^^^^^^^^^^^^^^^^^^^^^^^^^^
..\..\..\..\AppData\Local\Temp\umbra-1125eee4-y5y41wjt\repo\attacks\stage-1\attacklib.py:56: in post
    return self.request("POST", path, **kw)
           ^^^^^^^^^^^^^^^^^^^^^^^^^^^^^^^^
..\..\..\..\AppData\Local\Temp\umbra-1125eee4-y5y41wjt\repo\attacks\stage-1\attacklib.py:50: in request
    return self._c.request(method, path, **kwargs)
           ^^^^^^^^^^^^^^^^^^^^^^^^^^^^^^^^^^^^^^^
..\..\dark-factory-wearedevs\.venv\Lib\site-packages\httpx\_client.py:825: in request
    return self.send(request, auth=auth, follow_redirects=follow_redirects)
           ^^^^^^^^^^^^^^^^^^^^^^^^^^^^^^^^^^^^^^^^^^^^^^^^^^^^^^^^^^^^^^^^
..\..\dark-factory-wearedevs\.venv\Lib\site-packages\httpx\_client.py:914: in send
    response = self._send_handling_auth(
..\..\dark-factory-wearedevs\.venv\Lib\site-packages\httpx\_client.py:942: in _send_handling_auth
    response = self._send_handling_redirects(
..\..\dark-factory-wearedevs\.venv\Lib\site-packages\httpx\_client.py:979: in _send_handling_redirects
    response = self._send_single_request(request)
               ^^^^^^^^^^^^^^^^^^^^^^^^^^^^^^^^^^
..\..\dark-factory-wearedevs\.venv\Lib\site-packages\httpx\_client.py:1014: in _send_single_request
    response = transport.handle_request(request)
               ^^^^^^^^^^^^^^^^^^^^^^^^^^^^^^^^^
..\..\dark-factory-wearedevs\.venv\Lib\site-packages\httpx\_transports\default.py:249: in handle_request
    with map_httpcore_exceptions():
         ^^^^^^^^^^^^^^^^^^^^^^^^^
..\..\..\..\AppData\Local\Programs\Python\Python312\Lib\contextlib.py:158: in __exit__
    self.gen.throw(value)
_ _ _ _ _ _ _ _ _ _ _ _ _ _ _ _ _ _ _ _ _ _ _ _ _ _ _ _ _ _ _ _ _ _ _ _ _ _ _ _

    @contextlib.contextmanager
    def map_httpcore_exceptions() -> typing.Iterator[None]:
        global HTTPCORE_EXC_MAP
        if len(HTTPCORE_EXC_MAP) == 0:
            HTTPCORE_EXC_MAP = _load_httpcore_exceptions()
        try:
            yield
        except Exception as exc:
            mapped_exc = None
    
            for from_exc, to_exc in HTTPCORE_EXC_MAP.items():
                if not isinstance(exc, from_exc):
                    continue
                # We want to map to the most specific exception we can find.
                # Eg if `exc` is an `httpcore.ReadTimeout`, we want to map to
                # `httpx.ReadTimeout`, not just `httpx.TimeoutException`.
                if mapped_exc is None or issubclass(to_exc, mapped_exc):
                    mapped_exc = to_exc
    
            if mapped_exc is None:  # pragma: no cover
                raise
    
            message = str(exc)
>           raise mapped_exc(message) from exc
E           httpx.ConnectError: [WinError 10061] No connection could be made because the target machine actively refused it

..\..\dark-factory-wearedevs\.venv\Lib\site-packages\httpx\_transports\default.py:118: ConnectError
_________________ ERROR at setup of test_cancel_twice_is_200 __________________

    @contextlib.contextmanager
    def map_httpcore_exceptions() -> typing.Iterator[None]:
        global HTTPCORE_EXC_MAP
        if len(HTTPCORE_EXC_MAP) == 0:
            HTTPCORE_EXC_MAP = _load_httpcore_exceptions()
        try:
>           yield

..\..\dark-factory-wearedevs\.venv\Lib\site-packages\httpx\_transports\default.py:101: 
_ _ _ _ _ _ _ _ _ _ _ _ _ _ _ _ _ _ _ _ _ _ _ _ _ _ _ _ _ _ _ _ _ _ _ _ _ _ _ _
..\..\dark-factory-wearedevs\.venv\Lib\site-packages\httpx\_transports\default.py:250: in handle_request
    resp = self._pool.handle_request(req)
           ^^^^^^^^^^^^^^^^^^^^^^^^^^^^^^
..\..\dark-factory-wearedevs\.venv\Lib\site-packages\httpcore\_sync\connection_pool.py:256: in handle_request
    raise exc from None
..\..\dark-factory-wearedevs\.venv\Lib\site-packages\httpcore\_sync\connection_pool.py:236: in handle_request
    response = connection.handle_request(
..\..\dark-factory-wearedevs\.venv\Lib\site-packages\httpcore\_sync\connection.py:101: in handle_request
    raise exc
..\..\dark-factory-wearedevs\.venv\Lib\site-packages\httpcore\_sync\connection.py:78: in handle_request
    stream = self._connect(request)
             ^^^^^^^^^^^^^^^^^^^^^^
..\..\dark-factory-wearedevs\.venv\Lib\site-packages\httpcore\_sync\connection.py:124: in _connect
    stream = self._network_backend.connect_tcp(**kwargs)
             ^^^^^^^^^^^^^^^^^^^^^^^^^^^^^^^^^^^^^^^^^^^
..\..\dark-factory-wearedevs\.venv\Lib\site-packages\httpcore\_backends\sync.py:207: in connect_tcp
    with map_exceptions(exc_map):
         ^^^^^^^^^^^^^^^^^^^^^^^
..\..\..\..\AppData\Local\Programs\Python\Python312\Lib\contextlib.py:158: in __exit__
    self.gen.throw(value)
_ _ _ _ _ _ _ _ _ _ _ _ _ _ _ _ _ _ _ _ _ _ _ _ _ _ _ _ _ _ _ _ _ _ _ _ _ _ _ _

map = {<class 'TimeoutError'>: <class 'httpcore.ConnectTimeout'>, <class 'OSError'>: <class 'httpcore.ConnectError'>}

    @contextlib.contextmanager
    def map_exceptions(map: ExceptionMapping) -> typing.Iterator[None]:
        try:
            yield
        except Exception as exc:  # noqa: PIE786
            for from_exc, to_exc in map.items():
                if isinstance(exc, from_exc):
>                   raise to_exc(exc) from exc
E                   httpcore.ConnectError: [WinError 10061] No connection could be made because the target machine actively refused it

..\..\dark-factory-wearedevs\.venv\Lib\site-packages\httpcore\_exceptions.py:14: ConnectError

The above exception was the direct cause of the following exception:

api = <function api.<locals>._make at 0x0000018C8CC5D3A0>

    @pytest.fixture
    def world(api):
        body = fixture()
>       resp = do_reset(body)
               ^^^^^^^^^^^^^^

C:\Users\HARIHA~1\AppData\Local\Temp\umbra-1125eee4-y5y41wjt\repo\attacks\stage-1\conftest.py:50: 
_ _ _ _ _ _ _ _ _ _ _ _ _ _ _ _ _ _ _ _ _ _ _ _ _ _ _ _ _ _ _ _ _ _ _ _ _ _ _ _
..\..\..\..\AppData\Local\Temp\umbra-1125eee4-y5y41wjt\repo\attacks\stage-1\attacklib.py:171: in do_reset
    return c.post("/_test/reset", json=body, timeout=RESET_TIMEOUT, token=None)
           ^^^^^^^^^^^^^^^^^^^^^^^^^^^^^^^^^^^^^^^^^^^^^^^^^^^^^^^^^^^^^^^^^^^^
..\..\..\..\AppData\Local\Temp\umbra-1125eee4-y5y41wjt\repo\attacks\stage-1\attacklib.py:56: in post
    return self.request("POST", path, **kw)
           ^^^^^^^^^^^^^^^^^^^^^^^^^^^^^^^^
..\..\..\..\AppData\Local\Temp\umbra-1125eee4-y5y41wjt\repo\attacks\stage-1\attacklib.py:50: in request
    return self._c.request(method, path, **kwargs)
           ^^^^^^^^^^^^^^^^^^^^^^^^^^^^^^^^^^^^^^^
..\..\dark-factory-wearedevs\.venv\Lib\site-packages\httpx\_client.py:825: in request
    return self.send(request, auth=auth, follow_redirects=follow_redirects)
           ^^^^^^^^^^^^^^^^^^^^^^^^^^^^^^^^^^^^^^^^^^^^^^^^^^^^^^^^^^^^^^^^
..\..\dark-factory-wearedevs\.venv\Lib\site-packages\httpx\_client.py:914: in send
    response = self._send_handling_auth(
..\..\dark-factory-wearedevs\.venv\Lib\site-packages\httpx\_client.py:942: in _send_handling_auth
    response = self._send_handling_redirects(
..\..\dark-factory-wearedevs\.venv\Lib\site-packages\httpx\_client.py:979: in _send_handling_redirects
    response = self._send_single_request(request)
               ^^^^^^^^^^^^^^^^^^^^^^^^^^^^^^^^^^
..\..\dark-factory-wearedevs\.venv\Lib\site-packages\httpx\_client.py:1014: in _send_single_request
    response = transport.handle_request(request)
               ^^^^^^^^^^^^^^^^^^^^^^^^^^^^^^^^^
..\..\dark-factory-wearedevs\.venv\Lib\site-packages\httpx\_transports\default.py:249: in handle_request
    with map_httpcore_exceptions():
         ^^^^^^^^^^^^^^^^^^^^^^^^^
..\..\..\..\AppData\Local\Programs\Python\Python312\Lib\contextlib.py:158: in __exit__
    self.gen.throw(value)
_ _ _ _ _ _ _ _ _ _ _ _ _ _ _ _ _ _ _ _ _ _ _ _ _ _ _ _ _ _ _ _ _ _ _ _ _ _ _ _

    @contextlib.contextmanager
    def map_httpcore_exceptions() -> typing.Iterator[None]:
        global HTTPCORE_EXC_MAP
        if len(HTTPCORE_EXC_MAP) == 0:
            HTTPCORE_EXC_MAP = _load_httpcore_exceptions()
        try:
            yield
        except Exception as exc:
            mapped_exc = None
    
            for from_exc, to_exc in HTTPCORE_EXC_MAP.items():
                if not isinstance(exc, from_exc):
                    continue
                # We want to map to the most specific exception we can find.
                # Eg if `exc` is an `httpcore.ReadTimeout`, we want to map to
                # `httpx.ReadTimeout`, not just `httpx.TimeoutException`.
                if mapped_exc is None or issubclass(to_exc, mapped_exc):
                    mapped_exc = to_exc
    
            if mapped_exc is None:  # pragma: no cover
                raise
    
            message = str(exc)
>           raise mapped_exc(message) from exc
E           httpx.ConnectError: [WinError 10061] No connection could be made because the target machine actively refused it

..\..\dark-factory-wearedevs\.venv\Lib\site-packages\httpx\_transports\default.py:118: ConnectError
_ ERROR at setup of test_split_replay_is_identical_and_creates_nothing_extra __

    @contextlib.contextmanager
    def map_httpcore_exceptions() -> typing.Iterator[None]:
        global HTTPCORE_EXC_MAP
        if len(HTTPCORE_EXC_MAP) == 0:
            HTTPCORE_EXC_MAP = _load_httpcore_exceptions()
        try:
>           yield

..\..\dark-factory-wearedevs\.venv\Lib\site-packages\httpx\_transports\default.py:101: 
_ _ _ _ _ _ _ _ _ _ _ _ _ _ _ _ _ _ _ _ _ _ _ _ _ _ _ _ _ _ _ _ _ _ _ _ _ _ _ _
..\..\dark-factory-wearedevs\.venv\Lib\site-packages\httpx\_transports\default.py:250: in handle_request
    resp = self._pool.handle_request(req)
           ^^^^^^^^^^^^^^^^^^^^^^^^^^^^^^
..\..\dark-factory-wearedevs\.venv\Lib\site-packages\httpcore\_sync\connection_pool.py:256: in handle_request
    raise exc from None
..\..\dark-factory-wearedevs\.venv\Lib\site-packages\httpcore\_sync\connection_pool.py:236: in handle_request
    response = connection.handle_request(
..\..\dark-factory-wearedevs\.venv\Lib\site-packages\httpcore\_sync\connection.py:101: in handle_request
    raise exc
..\..\dark-factory-wearedevs\.venv\Lib\site-packages\httpcore\_sync\connection.py:78: in handle_request
    stream = self._connect(request)
             ^^^^^^^^^^^^^^^^^^^^^^
..\..\dark-factory-wearedevs\.venv\Lib\site-packages\httpcore\_sync\connection.py:124: in _connect
    stream = self._network_backend.connect_tcp(**kwargs)
             ^^^^^^^^^^^^^^^^^^^^^^^^^^^^^^^^^^^^^^^^^^^
..\..\dark-factory-wearedevs\.venv\Lib\site-packages\httpcore\_backends\sync.py:207: in connect_tcp
    with map_exceptions(exc_map):
         ^^^^^^^^^^^^^^^^^^^^^^^
..\..\..\..\AppData\Local\Programs\Python\Python312\Lib\contextlib.py:158: in __exit__
    self.gen.throw(value)
_ _ _ _ _ _ _ _ _ _ _ _ _ _ _ _ _ _ _ _ _ _ _ _ _ _ _ _ _ _ _ _ _ _ _ _ _ _ _ _

map = {<class 'TimeoutError'>: <class 'httpcore.ConnectTimeout'>, <class 'OSError'>: <class 'httpcore.ConnectError'>}

    @contextlib.contextmanager
    def map_exceptions(map: ExceptionMapping) -> typing.Iterator[None]:
        try:
            yield
        except Exception as exc:  # noqa: PIE786
            for from_exc, to_exc in map.items():
                if isinstance(exc, from_exc):
>                   raise to_exc(exc) from exc
E                   httpcore.ConnectError: [WinError 10061] No connection could be made because the target machine actively refused it

..\..\dark-factory-wearedevs\.venv\Lib\site-packages\httpcore\_exceptions.py:14: ConnectError

The above exception was the direct cause of the following exception:

api = <function api.<locals>._make at 0x0000018C8CC5F100>

    @pytest.fixture
    def world(api):
        body = fixture()
>       resp = do_reset(body)
               ^^^^^^^^^^^^^^

C:\Users\HARIHA~1\AppData\Local\Temp\umbra-1125eee4-y5y41wjt\repo\attacks\stage-1\conftest.py:50: 
_ _ _ _ _ _ _ _ _ _ _ _ _ _ _ _ _ _ _ _ _ _ _ _ _ _ _ _ _ _ _ _ _ _ _ _ _ _ _ _
..\..\..\..\AppData\Local\Temp\umbra-1125eee4-y5y41wjt\repo\attacks\stage-1\attacklib.py:171: in do_reset
    return c.post("/_test/reset", json=body, timeout=RESET_TIMEOUT, token=None)
           ^^^^^^^^^^^^^^^^^^^^^^^^^^^^^^^^^^^^^^^^^^^^^^^^^^^^^^^^^^^^^^^^^^^^
..\..\..\..\AppData\Local\Temp\umbra-1125eee4-y5y41wjt\repo\attacks\stage-1\attacklib.py:56: in post
    return self.request("POST", path, **kw)
           ^^^^^^^^^^^^^^^^^^^^^^^^^^^^^^^^
..\..\..\..\AppData\Local\Temp\umbra-1125eee4-y5y41wjt\repo\attacks\stage-1\attacklib.py:50: in request
    return self._c.request(method, path, **kwargs)
           ^^^^^^^^^^^^^^^^^^^^^^^^^^^^^^^^^^^^^^^
..\..\dark-factory-wearedevs\.venv\Lib\site-packages\httpx\_client.py:825: in request
    return self.send(request, auth=auth, follow_redirects=follow_redirects)
           ^^^^^^^^^^^^^^^^^^^^^^^^^^^^^^^^^^^^^^^^^^^^^^^^^^^^^^^^^^^^^^^^
..\..\dark-factory-wearedevs\.venv\Lib\site-packages\httpx\_client.py:914: in send
    response = self._send_handling_auth(
..\..\dark-factory-wearedevs\.venv\Lib\site-packages\httpx\_client.py:942: in _send_handling_auth
    response = self._send_handling_redirects(
..\..\dark-factory-wearedevs\.venv\Lib\site-packages\httpx\_client.py:979: in _send_handling_redirects
    response = self._send_single_request(request)
               ^^^^^^^^^^^^^^^^^^^^^^^^^^^^^^^^^^
..\..\dark-factory-wearedevs\.venv\Lib\site-packages\httpx\_client.py:1014: in _send_single_request
    response = transport.handle_request(request)
               ^^^^^^^^^^^^^^^^^^^^^^^^^^^^^^^^^
..\..\dark-factory-wearedevs\.venv\Lib\site-packages\httpx\_transports\default.py:249: in handle_request
    with map_httpcore_exceptions():
         ^^^^^^^^^^^^^^^^^^^^^^^^^
..\..\..\..\AppData\Local\Programs\Python\Python312\Lib\contextlib.py:158: in __exit__
    self.gen.throw(value)
_ _ _ _ _ _ _ _ _ _ _ _ _ _ _ _ _ _ _ _ _ _ _ _ _ _ _ _ _ _ _ _ _ _ _ _ _ _ _ _

    @contextlib.contextmanager
    def map_httpcore_exceptions() -> typing.Iterator[None]:
        global HTTPCORE_EXC_MAP
        if len(HTTPCORE_EXC_MAP) == 0:
            HTTPCORE_EXC_MAP = _load_httpcore_exceptions()
        try:
            yield
        except Exception as exc:
            mapped_exc = None
    
            for from_exc, to_exc in HTTPCORE_EXC_MAP.items():
                if not isinstance(exc, from_exc):
                    continue
                # We want to map to the most specific exception we can find.
                # Eg if `exc` is an `httpcore.ReadTimeout`, we want to map to
                # `httpx.ReadTimeout`, not just `httpx.TimeoutException`.
                if mapped_exc is None or issubclass(to_exc, mapped_exc):
                    mapped_exc = to_exc
    
            if mapped_exc is None:  # pragma: no cover
                raise
    
            message = str(exc)
>           raise mapped_exc(message) from exc
E           httpx.ConnectError: [WinError 10061] No connection could be made because the target machine actively refused it

..\..\dark-factory-wearedevs\.venv\Lib\site-packages\httpx\_transports\default.py:118: ConnectError
_ ERROR at setup of test_settlement_replay_is_identical_and_moves_nothing_extra _

    @contextlib.contextmanager
    def map_httpcore_exceptions() -> typing.Iterator[None]:
        global HTTPCORE_EXC_MAP
        if len(HTTPCORE_EXC_MAP) == 0:
            HTTPCORE_EXC_MAP = _load_httpcore_exceptions()
        try:
>           yield

..\..\dark-factory-wearedevs\.venv\Lib\site-packages\httpx\_transports\default.py:101: 
_ _ _ _ _ _ _ _ _ _ _ _ _ _ _ _ _ _ _ _ _ _ _ _ _ _ _ _ _ _ _ _ _ _ _ _ _ _ _ _
..\..\dark-factory-wearedevs\.venv\Lib\site-packages\httpx\_transports\default.py:250: in handle_request
    resp = self._pool.handle_request(req)
           ^^^^^^^^^^^^^^^^^^^^^^^^^^^^^^
..\..\dark-factory-wearedevs\.venv\Lib\site-packages\httpcore\_sync\connection_pool.py:256: in handle_request
    raise exc from None
..\..\dark-factory-wearedevs\.venv\Lib\site-packages\httpcore\_sync\connection_pool.py:236: in handle_request
    response = connection.handle_request(
..\..\dark-factory-wearedevs\.venv\Lib\site-packages\httpcore\_sync\connection.py:101: in handle_request
    raise exc
..\..\dark-factory-wearedevs\.venv\Lib\site-packages\httpcore\_sync\connection.py:78: in handle_request
    stream = self._connect(request)
             ^^^^^^^^^^^^^^^^^^^^^^
..\..\dark-factory-wearedevs\.venv\Lib\site-packages\httpcore\_sync\connection.py:124: in _connect
    stream = self._network_backend.connect_tcp(**kwargs)
             ^^^^^^^^^^^^^^^^^^^^^^^^^^^^^^^^^^^^^^^^^^^
..\..\dark-factory-wearedevs\.venv\Lib\site-packages\httpcore\_backends\sync.py:207: in connect_tcp
    with map_exceptions(exc_map):
         ^^^^^^^^^^^^^^^^^^^^^^^
..\..\..\..\AppData\Local\Programs\Python\Python312\Lib\contextlib.py:158: in __exit__
    self.gen.throw(value)
_ _ _ _ _ _ _ _ _ _ _ _ _ _ _ _ _ _ _ _ _ _ _ _ _ _ _ _ _ _ _ _ _ _ _ _ _ _ _ _

map = {<class 'TimeoutError'>: <class 'httpcore.ConnectTimeout'>, <class 'OSError'>: <class 'httpcore.ConnectError'>}

    @contextlib.contextmanager
    def map_exceptions(map: ExceptionMapping) -> typing.Iterator[None]:
        try:
            yield
        except Exception as exc:  # noqa: PIE786
            for from_exc, to_exc in map.items():
                if isinstance(exc, from_exc):
>                   raise to_exc(exc) from exc
E                   httpcore.ConnectError: [WinError 10061] No connection could be made because the target machine actively refused it

..\..\dark-factory-wearedevs\.venv\Lib\site-packages\httpcore\_exceptions.py:14: ConnectError

The above exception was the direct cause of the following exception:

api = <function api.<locals>._make at 0x0000018C8CC5EA20>

    @pytest.fixture
    def world(api):
        body = fixture()
>       resp = do_reset(body)
               ^^^^^^^^^^^^^^

C:\Users\HARIHA~1\AppData\Local\Temp\umbra-1125eee4-y5y41wjt\repo\attacks\stage-1\conftest.py:50: 
_ _ _ _ _ _ _ _ _ _ _ _ _ _ _ _ _ _ _ _ _ _ _ _ _ _ _ _ _ _ _ _ _ _ _ _ _ _ _ _
..\..\..\..\AppData\Local\Temp\umbra-1125eee4-y5y41wjt\repo\attacks\stage-1\attacklib.py:171: in do_reset
    return c.post("/_test/reset", json=body, timeout=RESET_TIMEOUT, token=None)
           ^^^^^^^^^^^^^^^^^^^^^^^^^^^^^^^^^^^^^^^^^^^^^^^^^^^^^^^^^^^^^^^^^^^^
..\..\..\..\AppData\Local\Temp\umbra-1125eee4-y5y41wjt\repo\attacks\stage-1\attacklib.py:56: in post
    return self.request("POST", path, **kw)
           ^^^^^^^^^^^^^^^^^^^^^^^^^^^^^^^^
..\..\..\..\AppData\Local\Temp\umbra-1125eee4-y5y41wjt\repo\attacks\stage-1\attacklib.py:50: in request
    return self._c.request(method, path, **kwargs)
           ^^^^^^^^^^^^^^^^^^^^^^^^^^^^^^^^^^^^^^^
..\..\dark-factory-wearedevs\.venv\Lib\site-packages\httpx\_client.py:825: in request
    return self.send(request, auth=auth, follow_redirects=follow_redirects)
           ^^^^^^^^^^^^^^^^^^^^^^^^^^^^^^^^^^^^^^^^^^^^^^^^^^^^^^^^^^^^^^^^
..\..\dark-factory-wearedevs\.venv\Lib\site-packages\httpx\_client.py:914: in send
    response = self._send_handling_auth(
..\..\dark-factory-wearedevs\.venv\Lib\site-packages\httpx\_client.py:942: in _send_handling_auth
    response = self._send_handling_redirects(
..\..\dark-factory-wearedevs\.venv\Lib\site-packages\httpx\_client.py:979: in _send_handling_redirects
    response = self._send_single_request(request)
               ^^^^^^^^^^^^^^^^^^^^^^^^^^^^^^^^^^
..\..\dark-factory-wearedevs\.venv\Lib\site-packages\httpx\_client.py:1014: in _send_single_request
    response = transport.handle_request(request)
               ^^^^^^^^^^^^^^^^^^^^^^^^^^^^^^^^^
..\..\dark-factory-wearedevs\.venv\Lib\site-packages\httpx\_transports\default.py:249: in handle_request
    with map_httpcore_exceptions():
         ^^^^^^^^^^^^^^^^^^^^^^^^^
..\..\..\..\AppData\Local\Programs\Python\Python312\Lib\contextlib.py:158: in __exit__
    self.gen.throw(value)
_ _ _ _ _ _ _ _ _ _ _ _ _ _ _ _ _ _ _ _ _ _ _ _ _ _ _ _ _ _ _ _ _ _ _ _ _ _ _ _

    @contextlib.contextmanager
    def map_httpcore_exceptions() -> typing.Iterator[None]:
        global HTTPCORE_EXC_MAP
        if len(HTTPCORE_EXC_MAP) == 0:
            HTTPCORE_EXC_MAP = _load_httpcore_exceptions()
        try:
            yield
        except Exception as exc:
            mapped_exc = None
    
            for from_exc, to_exc in HTTPCORE_EXC_MAP.items():
                if not isinstance(exc, from_exc):
                    continue
                # We want to map to the most specific exception we can find.
                # Eg if `exc` is an `httpcore.ReadTimeout`, we want to map to
                # `httpx.ReadTimeout`, not just `httpx.TimeoutException`.
                if mapped_exc is None or issubclass(to_exc, mapped_exc):
                    mapped_exc = to_exc
    
            if mapped_exc is None:  # pragma: no cover
                raise
    
            message = str(exc)
>           raise mapped_exc(message) from exc
E           httpx.ConnectError: [WinError 10061] No connection could be made because the target machine actively refused it

..\..\dark-factory-wearedevs\.venv\Lib\site-packages\httpx\_transports\default.py:118: ConnectError
______________ ERROR at setup of test_pay_by_wrong_party_is_403 _______________

    @contextlib.contextmanager
    def map_httpcore_exceptions() -> typing.Iterator[None]:
        global HTTPCORE_EXC_MAP
        if len(HTTPCORE_EXC_MAP) == 0:
            HTTPCORE_EXC_MAP = _load_httpcore_exceptions()
        try:
>           yield

..\..\dark-factory-wearedevs\.venv\Lib\site-packages\httpx\_transports\default.py:101: 
_ _ _ _ _ _ _ _ _ _ _ _ _ _ _ _ _ _ _ _ _ _ _ _ _ _ _ _ _ _ _ _ _ _ _ _ _ _ _ _
..\..\dark-factory-wearedevs\.venv\Lib\site-packages\httpx\_transports\default.py:250: in handle_request
    resp = self._pool.handle_request(req)
           ^^^^^^^^^^^^^^^^^^^^^^^^^^^^^^
..\..\dark-factory-wearedevs\.venv\Lib\site-packages\httpcore\_sync\connection_pool.py:256: in handle_request
    raise exc from None
..\..\dark-factory-wearedevs\.venv\Lib\site-packages\httpcore\_sync\connection_pool.py:236: in handle_request
    response = connection.handle_request(
..\..\dark-factory-wearedevs\.venv\Lib\site-packages\httpcore\_sync\connection.py:101: in handle_request
    raise exc
..\..\dark-factory-wearedevs\.venv\Lib\site-packages\httpcore\_sync\connection.py:78: in handle_request
    stream = self._connect(request)
             ^^^^^^^^^^^^^^^^^^^^^^
..\..\dark-factory-wearedevs\.venv\Lib\site-packages\httpcore\_sync\connection.py:124: in _connect
    stream = self._network_backend.connect_tcp(**kwargs)
             ^^^^^^^^^^^^^^^^^^^^^^^^^^^^^^^^^^^^^^^^^^^
..\..\dark-factory-wearedevs\.venv\Lib\site-packages\httpcore\_backends\sync.py:207: in connect_tcp
    with map_exceptions(exc_map):
         ^^^^^^^^^^^^^^^^^^^^^^^
..\..\..\..\AppData\Local\Programs\Python\Python312\Lib\contextlib.py:158: in __exit__
    self.gen.throw(value)
_ _ _ _ _ _ _ _ _ _ _ _ _ _ _ _ _ _ _ _ _ _ _ _ _ _ _ _ _ _ _ _ _ _ _ _ _ _ _ _

map = {<class 'TimeoutError'>: <class 'httpcore.ConnectTimeout'>, <class 'OSError'>: <class 'httpcore.ConnectError'>}

    @contextlib.contextmanager
    def map_exceptions(map: ExceptionMapping) -> typing.Iterator[None]:
        try:
            yield
        except Exception as exc:  # noqa: PIE786
            for from_exc, to_exc in map.items():
                if isinstance(exc, from_exc):
>                   raise to_exc(exc) from exc
E                   httpcore.ConnectError: [WinError 10061] No connection could be made because the target machine actively refused it

..\..\dark-factory-wearedevs\.venv\Lib\site-packages\httpcore\_exceptions.py:14: ConnectError

The above exception was the direct cause of the following exception:

api = <function api.<locals>._make at 0x0000018C8CC5F880>

    @pytest.fixture
    def world(api):
        body = fixture()
>       resp = do_reset(body)
               ^^^^^^^^^^^^^^

C:\Users\HARIHA~1\AppData\Local\Temp\umbra-1125eee4-y5y41wjt\repo\attacks\stage-1\conftest.py:50: 
_ _ _ _ _ _ _ _ _ _ _ _ _ _ _ _ _ _ _ _ _ _ _ _ _ _ _ _ _ _ _ _ _ _ _ _ _ _ _ _
..\..\..\..\AppData\Local\Temp\umbra-1125eee4-y5y41wjt\repo\attacks\stage-1\attacklib.py:171: in do_reset
    return c.post("/_test/reset", json=body, timeout=RESET_TIMEOUT, token=None)
           ^^^^^^^^^^^^^^^^^^^^^^^^^^^^^^^^^^^^^^^^^^^^^^^^^^^^^^^^^^^^^^^^^^^^
..\..\..\..\AppData\Local\Temp\umbra-1125eee4-y5y41wjt\repo\attacks\stage-1\attacklib.py:56: in post
    return self.request("POST", path, **kw)
           ^^^^^^^^^^^^^^^^^^^^^^^^^^^^^^^^
..\..\..\..\AppData\Local\Temp\umbra-1125eee4-y5y41wjt\repo\attacks\stage-1\attacklib.py:50: in request
    return self._c.request(method, path, **kwargs)
           ^^^^^^^^^^^^^^^^^^^^^^^^^^^^^^^^^^^^^^^
..\..\dark-factory-wearedevs\.venv\Lib\site-packages\httpx\_client.py:825: in request
    return self.send(request, auth=auth, follow_redirects=follow_redirects)
           ^^^^^^^^^^^^^^^^^^^^^^^^^^^^^^^^^^^^^^^^^^^^^^^^^^^^^^^^^^^^^^^^
..\..\dark-factory-wearedevs\.venv\Lib\site-packages\httpx\_client.py:914: in send
    response = self._send_handling_auth(
..\..\dark-factory-wearedevs\.venv\Lib\site-packages\httpx\_client.py:942: in _send_handling_auth
    response = self._send_handling_redirects(
..\..\dark-factory-wearedevs\.venv\Lib\site-packages\httpx\_client.py:979: in _send_handling_redirects
    response = self._send_single_request(request)
               ^^^^^^^^^^^^^^^^^^^^^^^^^^^^^^^^^^
..\..\dark-factory-wearedevs\.venv\Lib\site-packages\httpx\_client.py:1014: in _send_single_request
    response = transport.handle_request(request)
               ^^^^^^^^^^^^^^^^^^^^^^^^^^^^^^^^^
..\..\dark-factory-wearedevs\.venv\Lib\site-packages\httpx\_transports\default.py:249: in handle_request
    with map_httpcore_exceptions():
         ^^^^^^^^^^^^^^^^^^^^^^^^^
..\..\..\..\AppData\Local\Programs\Python\Python312\Lib\contextlib.py:158: in __exit__
    self.gen.throw(value)
_ _ _ _ _ _ _ _ _ _ _ _ _ _ _ _ _ _ _ _ _ _ _ _ _ _ _ _ _ _ _ _ _ _ _ _ _ _ _ _

    @contextlib.contextmanager
    def map_httpcore_exceptions() -> typing.Iterator[None]:
        global HTTPCORE_EXC_MAP
        if len(HTTPCORE_EXC_MAP) == 0:
            HTTPCORE_EXC_MAP = _load_httpcore_exceptions()
        try:
            yield
        except Exception as exc:
            mapped_exc = None
    
            for from_exc, to_exc in HTTPCORE_EXC_MAP.items():
                if not isinstance(exc, from_exc):
                    continue
                # We want to map to the most specific exception we can find.
                # Eg if `exc` is an `httpcore.ReadTimeout`, we want to map to
                # `httpx.ReadTimeout`, not just `httpx.TimeoutException`.
                if mapped_exc is None or issubclass(to_exc, mapped_exc):
                    mapped_exc = to_exc
    
            if mapped_exc is None:  # pragma: no cover
                raise
    
            message = str(exc)
>           raise mapped_exc(message) from exc
E           httpx.ConnectError: [WinError 10061] No connection could be made because the target machine actively refused it

..\..\dark-factory-wearedevs\.venv\Lib\site-packages\httpx\_transports\default.py:118: ConnectError
______ ERROR at setup of test_decline_and_cancel_by_wrong_party_are_403 _______

    @contextlib.contextmanager
    def map_httpcore_exceptions() -> typing.Iterator[None]:
        global HTTPCORE_EXC_MAP
        if len(HTTPCORE_EXC_MAP) == 0:
            HTTPCORE_EXC_MAP = _load_httpcore_exceptions()
        try:
>           yield

..\..\dark-factory-wearedevs\.venv\Lib\site-packages\httpx\_transports\default.py:101: 
_ _ _ _ _ _ _ _ _ _ _ _ _ _ _ _ _ _ _ _ _ _ _ _ _ _ _ _ _ _ _ _ _ _ _ _ _ _ _ _
..\..\dark-factory-wearedevs\.venv\Lib\site-packages\httpx\_transports\default.py:250: in handle_request
    resp = self._pool.handle_request(req)
           ^^^^^^^^^^^^^^^^^^^^^^^^^^^^^^
..\..\dark-factory-wearedevs\.venv\Lib\site-packages\httpcore\_sync\connection_pool.py:256: in handle_request
    raise exc from None
..\..\dark-factory-wearedevs\.venv\Lib\site-packages\httpcore\_sync\connection_pool.py:236: in handle_request
    response = connection.handle_request(
..\..\dark-factory-wearedevs\.venv\Lib\site-packages\httpcore\_sync\connection.py:101: in handle_request
    raise exc
..\..\dark-factory-wearedevs\.venv\Lib\site-packages\httpcore\_sync\connection.py:78: in handle_request
    stream = self._connect(request)
             ^^^^^^^^^^^^^^^^^^^^^^
..\..\dark-factory-wearedevs\.venv\Lib\site-packages\httpcore\_sync\connection.py:124: in _connect
    stream = self._network_backend.connect_tcp(**kwargs)
             ^^^^^^^^^^^^^^^^^^^^^^^^^^^^^^^^^^^^^^^^^^^
..\..\dark-factory-wearedevs\.venv\Lib\site-packages\httpcore\_backends\sync.py:207: in connect_tcp
    with map_exceptions(exc_map):
         ^^^^^^^^^^^^^^^^^^^^^^^
..\..\..\..\AppData\Local\Programs\Python\Python312\Lib\contextlib.py:158: in __exit__
    self.gen.throw(value)
_ _ _ _ _ _ _ _ _ _ _ _ _ _ _ _ _ _ _ _ _ _ _ _ _ _ _ _ _ _ _ _ _ _ _ _ _ _ _ _

map = {<class 'TimeoutError'>: <class 'httpcore.ConnectTimeout'>, <class 'OSError'>: <class 'httpcore.ConnectError'>}

    @contextlib.contextmanager
    def map_exceptions(map: ExceptionMapping) -> typing.Iterator[None]:
        try:
            yield
        except Exception as exc:  # noqa: PIE786
            for from_exc, to_exc in map.items():
                if isinstance(exc, from_exc):
>                   raise to_exc(exc) from exc
E                   httpcore.ConnectError: [WinError 10061] No connection could be made because the target machine actively refused it

..\..\dark-factory-wearedevs\.venv\Lib\site-packages\httpcore\_exceptions.py:14: ConnectError

The above exception was the direct cause of the following exception:

api = <function api.<locals>._make at 0x0000018C8CC5F4C0>

    @pytest.fixture
    def world(api):
        body = fixture()
>       resp = do_reset(body)
               ^^^^^^^^^^^^^^

C:\Users\HARIHA~1\AppData\Local\Temp\umbra-1125eee4-y5y41wjt\repo\attacks\stage-1\conftest.py:50: 
_ _ _ _ _ _ _ _ _ _ _ _ _ _ _ _ _ _ _ _ _ _ _ _ _ _ _ _ _ _ _ _ _ _ _ _ _ _ _ _
..\..\..\..\AppData\Local\Temp\umbra-1125eee4-y5y41wjt\repo\attacks\stage-1\attacklib.py:171: in do_reset
    return c.post("/_test/reset", json=body, timeout=RESET_TIMEOUT, token=None)
           ^^^^^^^^^^^^^^^^^^^^^^^^^^^^^^^^^^^^^^^^^^^^^^^^^^^^^^^^^^^^^^^^^^^^
..\..\..\..\AppData\Local\Temp\umbra-1125eee4-y5y41wjt\repo\attacks\stage-1\attacklib.py:56: in post
    return self.request("POST", path, **kw)
           ^^^^^^^^^^^^^^^^^^^^^^^^^^^^^^^^
..\..\..\..\AppData\Local\Temp\umbra-1125eee4-y5y41wjt\repo\attacks\stage-1\attacklib.py:50: in request
    return self._c.request(method, path, **kwargs)
           ^^^^^^^^^^^^^^^^^^^^^^^^^^^^^^^^^^^^^^^
..\..\dark-factory-wearedevs\.venv\Lib\site-packages\httpx\_client.py:825: in request
    return self.send(request, auth=auth, follow_redirects=follow_redirects)
           ^^^^^^^^^^^^^^^^^^^^^^^^^^^^^^^^^^^^^^^^^^^^^^^^^^^^^^^^^^^^^^^^
..\..\dark-factory-wearedevs\.venv\Lib\site-packages\httpx\_client.py:914: in send
    response = self._send_handling_auth(
..\..\dark-factory-wearedevs\.venv\Lib\site-packages\httpx\_client.py:942: in _send_handling_auth
    response = self._send_handling_redirects(
..\..\dark-factory-wearedevs\.venv\Lib\site-packages\httpx\_client.py:979: in _send_handling_redirects
    response = self._send_single_request(request)
               ^^^^^^^^^^^^^^^^^^^^^^^^^^^^^^^^^^
..\..\dark-factory-wearedevs\.venv\Lib\site-packages\httpx\_client.py:1014: in _send_single_request
    response = transport.handle_request(request)
               ^^^^^^^^^^^^^^^^^^^^^^^^^^^^^^^^^
..\..\dark-factory-wearedevs\.venv\Lib\site-packages\httpx\_transports\default.py:249: in handle_request
    with map_httpcore_exceptions():
         ^^^^^^^^^^^^^^^^^^^^^^^^^
..\..\..\..\AppData\Local\Programs\Python\Python312\Lib\contextlib.py:158: in __exit__
    self.gen.throw(value)
_ _ _ _ _ _ _ _ _ _ _ _ _ _ _ _ _ _ _ _ _ _ _ _ _ _ _ _ _ _ _ _ _ _ _ _ _ _ _ _

    @contextlib.contextmanager
    def map_httpcore_exceptions() -> typing.Iterator[None]:
        global HTTPCORE_EXC_MAP
        if len(HTTPCORE_EXC_MAP) == 0:
            HTTPCORE_EXC_MAP = _load_httpcore_exceptions()
        try:
            yield
        except Exception as exc:
            mapped_exc = None
    
            for from_exc, to_exc in HTTPCORE_EXC_MAP.items():
                if not isinstance(exc, from_exc):
                    continue
                # We want to map to the most specific exception we can find.
                # Eg if `exc` is an `httpcore.ReadTimeout`, we want to map to
                # `httpx.ReadTimeout`, not just `httpx.TimeoutException`.
                if mapped_exc is None or issubclass(to_exc, mapped_exc):
                    mapped_exc = to_exc
    
            if mapped_exc is None:  # pragma: no cover
                raise
    
            message = str(exc)
>           raise mapped_exc(message) from exc
E           httpx.ConnectError: [WinError 10061] No connection could be made because the target machine actively refused it

..\..\dark-factory-wearedevs\.venv\Lib\site-packages\httpx\_transports\default.py:118: ConnectError
________________ ERROR at setup of test_unknown_request_is_404 ________________

    @contextlib.contextmanager
    def map_httpcore_exceptions() -> typing.Iterator[None]:
        global HTTPCORE_EXC_MAP
        if len(HTTPCORE_EXC_MAP) == 0:
            HTTPCORE_EXC_MAP = _load_httpcore_exceptions()
        try:
>           yield

..\..\dark-factory-wearedevs\.venv\Lib\site-packages\httpx\_transports\default.py:101: 
_ _ _ _ _ _ _ _ _ _ _ _ _ _ _ _ _ _ _ _ _ _ _ _ _ _ _ _ _ _ _ _ _ _ _ _ _ _ _ _
..\..\dark-factory-wearedevs\.venv\Lib\site-packages\httpx\_transports\default.py:250: in handle_request
    resp = self._pool.handle_request(req)
           ^^^^^^^^^^^^^^^^^^^^^^^^^^^^^^
..\..\dark-factory-wearedevs\.venv\Lib\site-packages\httpcore\_sync\connection_pool.py:256: in handle_request
    raise exc from None
..\..\dark-factory-wearedevs\.venv\Lib\site-packages\httpcore\_sync\connection_pool.py:236: in handle_request
    response = connection.handle_request(
..\..\dark-factory-wearedevs\.venv\Lib\site-packages\httpcore\_sync\connection.py:101: in handle_request
    raise exc
..\..\dark-factory-wearedevs\.venv\Lib\site-packages\httpcore\_sync\connection.py:78: in handle_request
    stream = self._connect(request)
             ^^^^^^^^^^^^^^^^^^^^^^
..\..\dark-factory-wearedevs\.venv\Lib\site-packages\httpcore\_sync\connection.py:124: in _connect
    stream = self._network_backend.connect_tcp(**kwargs)
             ^^^^^^^^^^^^^^^^^^^^^^^^^^^^^^^^^^^^^^^^^^^
..\..\dark-factory-wearedevs\.venv\Lib\site-packages\httpcore\_backends\sync.py:207: in connect_tcp
    with map_exceptions(exc_map):
         ^^^^^^^^^^^^^^^^^^^^^^^
..\..\..\..\AppData\Local\Programs\Python\Python312\Lib\contextlib.py:158: in __exit__
    self.gen.throw(value)
_ _ _ _ _ _ _ _ _ _ _ _ _ _ _ _ _ _ _ _ _ _ _ _ _ _ _ _ _ _ _ _ _ _ _ _ _ _ _ _

map = {<class 'TimeoutError'>: <class 'httpcore.ConnectTimeout'>, <class 'OSError'>: <class 'httpcore.ConnectError'>}

    @contextlib.contextmanager
    def map_exceptions(map: ExceptionMapping) -> typing.Iterator[None]:
        try:
            yield
        except Exception as exc:  # noqa: PIE786
            for from_exc, to_exc in map.items():
                if isinstance(exc, from_exc):
>                   raise to_exc(exc) from exc
E                   httpcore.ConnectError: [WinError 10061] No connection could be made because the target machine actively refused it

..\..\dark-factory-wearedevs\.venv\Lib\site-packages\httpcore\_exceptions.py:14: ConnectError

The above exception was the direct cause of the following exception:

api = <function api.<locals>._make at 0x0000018C8A90F100>

    @pytest.fixture
    def world(api):
        body = fixture()
>       resp = do_reset(body)
               ^^^^^^^^^^^^^^

C:\Users\HARIHA~1\AppData\Local\Temp\umbra-1125eee4-y5y41wjt\repo\attacks\stage-1\conftest.py:50: 
_ _ _ _ _ _ _ _ _ _ _ _ _ _ _ _ _ _ _ _ _ _ _ _ _ _ _ _ _ _ _ _ _ _ _ _ _ _ _ _
..\..\..\..\AppData\Local\Temp\umbra-1125eee4-y5y41wjt\repo\attacks\stage-1\attacklib.py:171: in do_reset
    return c.post("/_test/reset", json=body, timeout=RESET_TIMEOUT, token=None)
           ^^^^^^^^^^^^^^^^^^^^^^^^^^^^^^^^^^^^^^^^^^^^^^^^^^^^^^^^^^^^^^^^^^^^
..\..\..\..\AppData\Local\Temp\umbra-1125eee4-y5y41wjt\repo\attacks\stage-1\attacklib.py:56: in post
    return self.request("POST", path, **kw)
           ^^^^^^^^^^^^^^^^^^^^^^^^^^^^^^^^
..\..\..\..\AppData\Local\Temp\umbra-1125eee4-y5y41wjt\repo\attacks\stage-1\attacklib.py:50: in request
    return self._c.request(method, path, **kwargs)
           ^^^^^^^^^^^^^^^^^^^^^^^^^^^^^^^^^^^^^^^
..\..\dark-factory-wearedevs\.venv\Lib\site-packages\httpx\_client.py:825: in request
    return self.send(request, auth=auth, follow_redirects=follow_redirects)
           ^^^^^^^^^^^^^^^^^^^^^^^^^^^^^^^^^^^^^^^^^^^^^^^^^^^^^^^^^^^^^^^^
..\..\dark-factory-wearedevs\.venv\Lib\site-packages\httpx\_client.py:914: in send
    response = self._send_handling_auth(
..\..\dark-factory-wearedevs\.venv\Lib\site-packages\httpx\_client.py:942: in _send_handling_auth
    response = self._send_handling_redirects(
..\..\dark-factory-wearedevs\.venv\Lib\site-packages\httpx\_client.py:979: in _send_handling_redirects
    response = self._send_single_request(request)
               ^^^^^^^^^^^^^^^^^^^^^^^^^^^^^^^^^^
..\..\dark-factory-wearedevs\.venv\Lib\site-packages\httpx\_client.py:1014: in _send_single_request
    response = transport.handle_request(request)
               ^^^^^^^^^^^^^^^^^^^^^^^^^^^^^^^^^
..\..\dark-factory-wearedevs\.venv\Lib\site-packages\httpx\_transports\default.py:249: in handle_request
    with map_httpcore_exceptions():
         ^^^^^^^^^^^^^^^^^^^^^^^^^
..\..\..\..\AppData\Local\Programs\Python\Python312\Lib\contextlib.py:158: in __exit__
    self.gen.throw(value)
_ _ _ _ _ _ _ _ _ _ _ _ _ _ _ _ _ _ _ _ _ _ _ _ _ _ _ _ _ _ _ _ _ _ _ _ _ _ _ _

    @contextlib.contextmanager
    def map_httpcore_exceptions() -> typing.Iterator[None]:
        global HTTPCORE_EXC_MAP
        if len(HTTPCORE_EXC_MAP) == 0:
            HTTPCORE_EXC_MAP = _load_httpcore_exceptions()
        try:
            yield
        except Exception as exc:
            mapped_exc = None
    
            for from_exc, to_exc in HTTPCORE_EXC_MAP.items():
                if not isinstance(exc, from_exc):
                    continue
                # We want to map to the most specific exception we can find.
                # Eg if `exc` is an `httpcore.ReadTimeout`, we want to map to
                # `httpx.ReadTimeout`, not just `httpx.TimeoutException`.
                if mapped_exc is None or issubclass(to_exc, mapped_exc):
                    mapped_exc = to_exc
    
            if mapped_exc is None:  # pragma: no cover
                raise
    
            message = str(exc)
>           raise mapped_exc(message) from exc
E           httpx.ConnectError: [WinError 10061] No connection could be made because the target machine actively refused it

..\..\dark-factory-wearedevs\.venv\Lib\site-packages\httpx\_transports\default.py:118: ConnectError
______________ ERROR at setup of test_decline_after_paid_is_409 _______________

    @contextlib.contextmanager
    def map_httpcore_exceptions() -> typing.Iterator[None]:
        global HTTPCORE_EXC_MAP
        if len(HTTPCORE_EXC_MAP) == 0:
            HTTPCORE_EXC_MAP = _load_httpcore_exceptions()
        try:
>           yield

..\..\dark-factory-wearedevs\.venv\Lib\site-packages\httpx\_transports\default.py:101: 
_ _ _ _ _ _ _ _ _ _ _ _ _ _ _ _ _ _ _ _ _ _ _ _ _ _ _ _ _ _ _ _ _ _ _ _ _ _ _ _
..\..\dark-factory-wearedevs\.venv\Lib\site-packages\httpx\_transports\default.py:250: in handle_request
    resp = self._pool.handle_request(req)
           ^^^^^^^^^^^^^^^^^^^^^^^^^^^^^^
..\..\dark-factory-wearedevs\.venv\Lib\site-packages\httpcore\_sync\connection_pool.py:256: in handle_request
    raise exc from None
..\..\dark-factory-wearedevs\.venv\Lib\site-packages\httpcore\_sync\connection_pool.py:236: in handle_request
    response = connection.handle_request(
..\..\dark-factory-wearedevs\.venv\Lib\site-packages\httpcore\_sync\connection.py:101: in handle_request
    raise exc
..\..\dark-factory-wearedevs\.venv\Lib\site-packages\httpcore\_sync\connection.py:78: in handle_request
    stream = self._connect(request)
             ^^^^^^^^^^^^^^^^^^^^^^
..\..\dark-factory-wearedevs\.venv\Lib\site-packages\httpcore\_sync\connection.py:124: in _connect
    stream = self._network_backend.connect_tcp(**kwargs)
             ^^^^^^^^^^^^^^^^^^^^^^^^^^^^^^^^^^^^^^^^^^^
..\..\dark-factory-wearedevs\.venv\Lib\site-packages\httpcore\_backends\sync.py:207: in connect_tcp
    with map_exceptions(exc_map):
         ^^^^^^^^^^^^^^^^^^^^^^^
..\..\..\..\AppData\Local\Programs\Python\Python312\Lib\contextlib.py:158: in __exit__
    self.gen.throw(value)
_ _ _ _ _ _ _ _ _ _ _ _ _ _ _ _ _ _ _ _ _ _ _ _ _ _ _ _ _ _ _ _ _ _ _ _ _ _ _ _

map = {<class 'TimeoutError'>: <class 'httpcore.ConnectTimeout'>, <class 'OSError'>: <class 'httpcore.ConnectError'>}

    @contextlib.contextmanager
    def map_exceptions(map: ExceptionMapping) -> typing.Iterator[None]:
        try:
            yield
        except Exception as exc:  # noqa: PIE786
            for from_exc, to_exc in map.items():
                if isinstance(exc, from_exc):
>                   raise to_exc(exc) from exc
E                   httpcore.ConnectError: [WinError 10061] No connection could be made because the target machine actively refused it

..\..\dark-factory-wearedevs\.venv\Lib\site-packages\httpcore\_exceptions.py:14: ConnectError

The above exception was the direct cause of the following exception:

api = <function api.<locals>._make at 0x0000018C8CC5F740>

    @pytest.fixture
    def world(api):
        body = fixture()
>       resp = do_reset(body)
               ^^^^^^^^^^^^^^

C:\Users\HARIHA~1\AppData\Local\Temp\umbra-1125eee4-y5y41wjt\repo\attacks\stage-1\conftest.py:50: 
_ _ _ _ _ _ _ _ _ _ _ _ _ _ _ _ _ _ _ _ _ _ _ _ _ _ _ _ _ _ _ _ _ _ _ _ _ _ _ _
..\..\..\..\AppData\Local\Temp\umbra-1125eee4-y5y41wjt\repo\attacks\stage-1\attacklib.py:171: in do_reset
    return c.post("/_test/reset", json=body, timeout=RESET_TIMEOUT, token=None)
           ^^^^^^^^^^^^^^^^^^^^^^^^^^^^^^^^^^^^^^^^^^^^^^^^^^^^^^^^^^^^^^^^^^^^
..\..\..\..\AppData\Local\Temp\umbra-1125eee4-y5y41wjt\repo\attacks\stage-1\attacklib.py:56: in post
    return self.request("POST", path, **kw)
           ^^^^^^^^^^^^^^^^^^^^^^^^^^^^^^^^
..\..\..\..\AppData\Local\Temp\umbra-1125eee4-y5y41wjt\repo\attacks\stage-1\attacklib.py:50: in request
    return self._c.request(method, path, **kwargs)
           ^^^^^^^^^^^^^^^^^^^^^^^^^^^^^^^^^^^^^^^
..\..\dark-factory-wearedevs\.venv\Lib\site-packages\httpx\_client.py:825: in request
    return self.send(request, auth=auth, follow_redirects=follow_redirects)
           ^^^^^^^^^^^^^^^^^^^^^^^^^^^^^^^^^^^^^^^^^^^^^^^^^^^^^^^^^^^^^^^^
..\..\dark-factory-wearedevs\.venv\Lib\site-packages\httpx\_client.py:914: in send
    response = self._send_handling_auth(
..\..\dark-factory-wearedevs\.venv\Lib\site-packages\httpx\_client.py:942: in _send_handling_auth
    response = self._send_handling_redirects(
..\..\dark-factory-wearedevs\.venv\Lib\site-packages\httpx\_client.py:979: in _send_handling_redirects
    response = self._send_single_request(request)
               ^^^^^^^^^^^^^^^^^^^^^^^^^^^^^^^^^^
..\..\dark-factory-wearedevs\.venv\Lib\site-packages\httpx\_client.py:1014: in _send_single_request
    response = transport.handle_request(request)
               ^^^^^^^^^^^^^^^^^^^^^^^^^^^^^^^^^
..\..\dark-factory-wearedevs\.venv\Lib\site-packages\httpx\_transports\default.py:249: in handle_request
    with map_httpcore_exceptions():
         ^^^^^^^^^^^^^^^^^^^^^^^^^
..\..\..\..\AppData\Local\Programs\Python\Python312\Lib\contextlib.py:158: in __exit__
    self.gen.throw(value)
_ _ _ _ _ _ _ _ _ _ _ _ _ _ _ _ _ _ _ _ _ _ _ _ _ _ _ _ _ _ _ _ _ _ _ _ _ _ _ _

    @contextlib.contextmanager
    def map_httpcore_exceptions() -> typing.Iterator[None]:
        global HTTPCORE_EXC_MAP
        if len(HTTPCORE_EXC_MAP) == 0:
            HTTPCORE_EXC_MAP = _load_httpcore_exceptions()
        try:
            yield
        except Exception as exc:
            mapped_exc = None
    
            for from_exc, to_exc in HTTPCORE_EXC_MAP.items():
                if not isinstance(exc, from_exc):
                    continue
                # We want to map to the most specific exception we can find.
                # Eg if `exc` is an `httpcore.ReadTimeout`, we want to map to
                # `httpx.ReadTimeout`, not just `httpx.TimeoutException`.
                if mapped_exc is None or issubclass(to_exc, mapped_exc):
                    mapped_exc = to_exc
    
            if mapped_exc is None:  # pragma: no cover
                raise
    
            message = str(exc)
>           raise mapped_exc(message) from exc
E           httpx.ConnectError: [WinError 10061] No connection could be made because the target machine actively refused it

..\..\dark-factory-wearedevs\.venv\Lib\site-packages\httpx\_transports\default.py:118: ConnectError
_ ERROR at setup of test_cancel_after_decline_is_409_and_decline_after_cancel_is_409 _

    @contextlib.contextmanager
    def map_httpcore_exceptions() -> typing.Iterator[None]:
        global HTTPCORE_EXC_MAP
        if len(HTTPCORE_EXC_MAP) == 0:
            HTTPCORE_EXC_MAP = _load_httpcore_exceptions()
        try:
>           yield

..\..\dark-factory-wearedevs\.venv\Lib\site-packages\httpx\_transports\default.py:101: 
_ _ _ _ _ _ _ _ _ _ _ _ _ _ _ _ _ _ _ _ _ _ _ _ _ _ _ _ _ _ _ _ _ _ _ _ _ _ _ _
..\..\dark-factory-wearedevs\.venv\Lib\site-packages\httpx\_transports\default.py:250: in handle_request
    resp = self._pool.handle_request(req)
           ^^^^^^^^^^^^^^^^^^^^^^^^^^^^^^
..\..\dark-factory-wearedevs\.venv\Lib\site-packages\httpcore\_sync\connection_pool.py:256: in handle_request
    raise exc from None
..\..\dark-factory-wearedevs\.venv\Lib\site-packages\httpcore\_sync\connection_pool.py:236: in handle_request
    response = connection.handle_request(
..\..\dark-factory-wearedevs\.venv\Lib\site-packages\httpcore\_sync\connection.py:101: in handle_request
    raise exc
..\..\dark-factory-wearedevs\.venv\Lib\site-packages\httpcore\_sync\connection.py:78: in handle_request
    stream = self._connect(request)
             ^^^^^^^^^^^^^^^^^^^^^^
..\..\dark-factory-wearedevs\.venv\Lib\site-packages\httpcore\_sync\connection.py:124: in _connect
    stream = self._network_backend.connect_tcp(**kwargs)
             ^^^^^^^^^^^^^^^^^^^^^^^^^^^^^^^^^^^^^^^^^^^
..\..\dark-factory-wearedevs\.venv\Lib\site-packages\httpcore\_backends\sync.py:207: in connect_tcp
    with map_exceptions(exc_map):
         ^^^^^^^^^^^^^^^^^^^^^^^
..\..\..\..\AppData\Local\Programs\Python\Python312\Lib\contextlib.py:158: in __exit__
    self.gen.throw(value)
_ _ _ _ _ _ _ _ _ _ _ _ _ _ _ _ _ _ _ _ _ _ _ _ _ _ _ _ _ _ _ _ _ _ _ _ _ _ _ _

map = {<class 'TimeoutError'>: <class 'httpcore.ConnectTimeout'>, <class 'OSError'>: <class 'httpcore.ConnectError'>}

    @contextlib.contextmanager
    def map_exceptions(map: ExceptionMapping) -> typing.Iterator[None]:
        try:
            yield
        except Exception as exc:  # noqa: PIE786
            for from_exc, to_exc in map.items():
                if isinstance(exc, from_exc):
>                   raise to_exc(exc) from exc
E                   httpcore.ConnectError: [WinError 10061] No connection could be made because the target machine actively refused it

..\..\dark-factory-wearedevs\.venv\Lib\site-packages\httpcore\_exceptions.py:14: ConnectError

The above exception was the direct cause of the following exception:

api = <function api.<locals>._make at 0x0000018C8A90F420>

    @pytest.fixture
    def world(api):
        body = fixture()
>       resp = do_reset(body)
               ^^^^^^^^^^^^^^

C:\Users\HARIHA~1\AppData\Local\Temp\umbra-1125eee4-y5y41wjt\repo\attacks\stage-1\conftest.py:50: 
_ _ _ _ _ _ _ _ _ _ _ _ _ _ _ _ _ _ _ _ _ _ _ _ _ _ _ _ _ _ _ _ _ _ _ _ _ _ _ _
..\..\..\..\AppData\Local\Temp\umbra-1125eee4-y5y41wjt\repo\attacks\stage-1\attacklib.py:171: in do_reset
    return c.post("/_test/reset", json=body, timeout=RESET_TIMEOUT, token=None)
           ^^^^^^^^^^^^^^^^^^^^^^^^^^^^^^^^^^^^^^^^^^^^^^^^^^^^^^^^^^^^^^^^^^^^
..\..\..\..\AppData\Local\Temp\umbra-1125eee4-y5y41wjt\repo\attacks\stage-1\attacklib.py:56: in post
    return self.request("POST", path, **kw)
           ^^^^^^^^^^^^^^^^^^^^^^^^^^^^^^^^
..\..\..\..\AppData\Local\Temp\umbra-1125eee4-y5y41wjt\repo\attacks\stage-1\attacklib.py:50: in request
    return self._c.request(method, path, **kwargs)
           ^^^^^^^^^^^^^^^^^^^^^^^^^^^^^^^^^^^^^^^
..\..\dark-factory-wearedevs\.venv\Lib\site-packages\httpx\_client.py:825: in request
    return self.send(request, auth=auth, follow_redirects=follow_redirects)
           ^^^^^^^^^^^^^^^^^^^^^^^^^^^^^^^^^^^^^^^^^^^^^^^^^^^^^^^^^^^^^^^^
..\..\dark-factory-wearedevs\.venv\Lib\site-packages\httpx\_client.py:914: in send
    response = self._send_handling_auth(
..\..\dark-factory-wearedevs\.venv\Lib\site-packages\httpx\_client.py:942: in _send_handling_auth
    response = self._send_handling_redirects(
..\..\dark-factory-wearedevs\.venv\Lib\site-packages\httpx\_client.py:979: in _send_handling_redirects
    response = self._send_single_request(request)
               ^^^^^^^^^^^^^^^^^^^^^^^^^^^^^^^^^^
..\..\dark-factory-wearedevs\.venv\Lib\site-packages\httpx\_client.py:1014: in _send_single_request
    response = transport.handle_request(request)
               ^^^^^^^^^^^^^^^^^^^^^^^^^^^^^^^^^
..\..\dark-factory-wearedevs\.venv\Lib\site-packages\httpx\_transports\default.py:249: in handle_request
    with map_httpcore_exceptions():
         ^^^^^^^^^^^^^^^^^^^^^^^^^
..\..\..\..\AppData\Local\Programs\Python\Python312\Lib\contextlib.py:158: in __exit__
    self.gen.throw(value)
_ _ _ _ _ _ _ _ _ _ _ _ _ _ _ _ _ _ _ _ _ _ _ _ _ _ _ _ _ _ _ _ _ _ _ _ _ _ _ _

    @contextlib.contextmanager
    def map_httpcore_exceptions() -> typing.Iterator[None]:
        global HTTPCORE_EXC_MAP
        if len(HTTPCORE_EXC_MAP) == 0:
            HTTPCORE_EXC_MAP = _load_httpcore_exceptions()
        try:
            yield
        except Exception as exc:
            mapped_exc = None
    
            for from_exc, to_exc in HTTPCORE_EXC_MAP.items():
                if not isinstance(exc, from_exc):
                    continue
                # We want to map to the most specific exception we can find.
                # Eg if `exc` is an `httpcore.ReadTimeout`, we want to map to
                # `httpx.ReadTimeout`, not just `httpx.TimeoutException`.
                if mapped_exc is None or issubclass(to_exc, mapped_exc):
                    mapped_exc = to_exc
    
            if mapped_exc is None:  # pragma: no cover
                raise
    
            message = str(exc)
>           raise mapped_exc(message) from exc
E           httpx.ConnectError: [WinError 10061] No connection could be made because the target machine actively refused it

..\..\dark-factory-wearedevs\.venv\Lib\site-packages\httpx\_transports\default.py:118: ConnectError
______ ERROR at setup of test_request_pay_replay_body_must_be_identical _______

    @contextlib.contextmanager
    def map_httpcore_exceptions() -> typing.Iterator[None]:
        global HTTPCORE_EXC_MAP
        if len(HTTPCORE_EXC_MAP) == 0:
            HTTPCORE_EXC_MAP = _load_httpcore_exceptions()
        try:
>           yield

..\..\dark-factory-wearedevs\.venv\Lib\site-packages\httpx\_transports\default.py:101: 
_ _ _ _ _ _ _ _ _ _ _ _ _ _ _ _ _ _ _ _ _ _ _ _ _ _ _ _ _ _ _ _ _ _ _ _ _ _ _ _
..\..\dark-factory-wearedevs\.venv\Lib\site-packages\httpx\_transports\default.py:250: in handle_request
    resp = self._pool.handle_request(req)
           ^^^^^^^^^^^^^^^^^^^^^^^^^^^^^^
..\..\dark-factory-wearedevs\.venv\Lib\site-packages\httpcore\_sync\connection_pool.py:256: in handle_request
    raise exc from None
..\..\dark-factory-wearedevs\.venv\Lib\site-packages\httpcore\_sync\connection_pool.py:236: in handle_request
    response = connection.handle_request(
..\..\dark-factory-wearedevs\.venv\Lib\site-packages\httpcore\_sync\connection.py:101: in handle_request
    raise exc
..\..\dark-factory-wearedevs\.venv\Lib\site-packages\httpcore\_sync\connection.py:78: in handle_request
    stream = self._connect(request)
             ^^^^^^^^^^^^^^^^^^^^^^
..\..\dark-factory-wearedevs\.venv\Lib\site-packages\httpcore\_sync\connection.py:124: in _connect
    stream = self._network_backend.connect_tcp(**kwargs)
             ^^^^^^^^^^^^^^^^^^^^^^^^^^^^^^^^^^^^^^^^^^^
..\..\dark-factory-wearedevs\.venv\Lib\site-packages\httpcore\_backends\sync.py:207: in connect_tcp
    with map_exceptions(exc_map):
         ^^^^^^^^^^^^^^^^^^^^^^^
..\..\..\..\AppData\Local\Programs\Python\Python312\Lib\contextlib.py:158: in __exit__
    self.gen.throw(value)
_ _ _ _ _ _ _ _ _ _ _ _ _ _ _ _ _ _ _ _ _ _ _ _ _ _ _ _ _ _ _ _ _ _ _ _ _ _ _ _

map = {<class 'TimeoutError'>: <class 'httpcore.ConnectTimeout'>, <class 'OSError'>: <class 'httpcore.ConnectError'>}

    @contextlib.contextmanager
    def map_exceptions(map: ExceptionMapping) -> typing.Iterator[None]:
        try:
            yield
        except Exception as exc:  # noqa: PIE786
            for from_exc, to_exc in map.items():
                if isinstance(exc, from_exc):
>                   raise to_exc(exc) from exc
E                   httpcore.ConnectError: [WinError 10061] No connection could be made because the target machine actively refused it

..\..\dark-factory-wearedevs\.venv\Lib\site-packages\httpcore\_exceptions.py:14: ConnectError

The above exception was the direct cause of the following exception:

api = <function api.<locals>._make at 0x0000018C8A90DB20>

    @pytest.fixture
    def world(api):
        body = fixture()
>       resp = do_reset(body)
               ^^^^^^^^^^^^^^

C:\Users\HARIHA~1\AppData\Local\Temp\umbra-1125eee4-y5y41wjt\repo\attacks\stage-1\conftest.py:50: 
_ _ _ _ _ _ _ _ _ _ _ _ _ _ _ _ _ _ _ _ _ _ _ _ _ _ _ _ _ _ _ _ _ _ _ _ _ _ _ _
..\..\..\..\AppData\Local\Temp\umbra-1125eee4-y5y41wjt\repo\attacks\stage-1\attacklib.py:171: in do_reset
    return c.post("/_test/reset", json=body, timeout=RESET_TIMEOUT, token=None)
           ^^^^^^^^^^^^^^^^^^^^^^^^^^^^^^^^^^^^^^^^^^^^^^^^^^^^^^^^^^^^^^^^^^^^
..\..\..\..\AppData\Local\Temp\umbra-1125eee4-y5y41wjt\repo\attacks\stage-1\attacklib.py:56: in post
    return self.request("POST", path, **kw)
           ^^^^^^^^^^^^^^^^^^^^^^^^^^^^^^^^
..\..\..\..\AppData\Local\Temp\umbra-1125eee4-y5y41wjt\repo\attacks\stage-1\attacklib.py:50: in request
    return self._c.request(method, path, **kwargs)
           ^^^^^^^^^^^^^^^^^^^^^^^^^^^^^^^^^^^^^^^
..\..\dark-factory-wearedevs\.venv\Lib\site-packages\httpx\_client.py:825: in request
    return self.send(request, auth=auth, follow_redirects=follow_redirects)
           ^^^^^^^^^^^^^^^^^^^^^^^^^^^^^^^^^^^^^^^^^^^^^^^^^^^^^^^^^^^^^^^^
..\..\dark-factory-wearedevs\.venv\Lib\site-packages\httpx\_client.py:914: in send
    response = self._send_handling_auth(
..\..\dark-factory-wearedevs\.venv\Lib\site-packages\httpx\_client.py:942: in _send_handling_auth
    response = self._send_handling_redirects(
..\..\dark-factory-wearedevs\.venv\Lib\site-packages\httpx\_client.py:979: in _send_handling_redirects
    response = self._send_single_request(request)
               ^^^^^^^^^^^^^^^^^^^^^^^^^^^^^^^^^^
..\..\dark-factory-wearedevs\.venv\Lib\site-packages\httpx\_client.py:1014: in _send_single_request
    response = transport.handle_request(request)
               ^^^^^^^^^^^^^^^^^^^^^^^^^^^^^^^^^
..\..\dark-factory-wearedevs\.venv\Lib\site-packages\httpx\_transports\default.py:249: in handle_request
    with map_httpcore_exceptions():
         ^^^^^^^^^^^^^^^^^^^^^^^^^
..\..\..\..\AppData\Local\Programs\Python\Python312\Lib\contextlib.py:158: in __exit__
    self.gen.throw(value)
_ _ _ _ _ _ _ _ _ _ _ _ _ _ _ _ _ _ _ _ _ _ _ _ _ _ _ _ _ _ _ _ _ _ _ _ _ _ _ _

    @contextlib.contextmanager
    def map_httpcore_exceptions() -> typing.Iterator[None]:
        global HTTPCORE_EXC_MAP
        if len(HTTPCORE_EXC_MAP) == 0:
            HTTPCORE_EXC_MAP = _load_httpcore_exceptions()
        try:
            yield
        except Exception as exc:
            mapped_exc = None
    
            for from_exc, to_exc in HTTPCORE_EXC_MAP.items():
                if not isinstance(exc, from_exc):
                    continue
                # We want to map to the most specific exception we can find.
                # Eg if `exc` is an `httpcore.ReadTimeout`, we want to map to
                # `httpx.ReadTimeout`, not just `httpx.TimeoutException`.
                if mapped_exc is None or issubclass(to_exc, mapped_exc):
                    mapped_exc = to_exc
    
            if mapped_exc is None:  # pragma: no cover
                raise
    
            message = str(exc)
>           raise mapped_exc(message) from exc
E           httpx.ConnectError: [WinError 10061] No connection could be made because the target machine actively refused it

..\..\dark-factory-wearedevs\.venv\Lib\site-packages\httpx\_transports\default.py:118: ConnectError
___________________ ERROR at setup of test_direction_filter ___________________

    @contextlib.contextmanager
    def map_httpcore_exceptions() -> typing.Iterator[None]:
        global HTTPCORE_EXC_MAP
        if len(HTTPCORE_EXC_MAP) == 0:
            HTTPCORE_EXC_MAP = _load_httpcore_exceptions()
        try:
>           yield

..\..\dark-factory-wearedevs\.venv\Lib\site-packages\httpx\_transports\default.py:101: 
_ _ _ _ _ _ _ _ _ _ _ _ _ _ _ _ _ _ _ _ _ _ _ _ _ _ _ _ _ _ _ _ _ _ _ _ _ _ _ _
..\..\dark-factory-wearedevs\.venv\Lib\site-packages\httpx\_transports\default.py:250: in handle_request
    resp = self._pool.handle_request(req)
           ^^^^^^^^^^^^^^^^^^^^^^^^^^^^^^
..\..\dark-factory-wearedevs\.venv\Lib\site-packages\httpcore\_sync\connection_pool.py:256: in handle_request
    raise exc from None
..\..\dark-factory-wearedevs\.venv\Lib\site-packages\httpcore\_sync\connection_pool.py:236: in handle_request
    response = connection.handle_request(
..\..\dark-factory-wearedevs\.venv\Lib\site-packages\httpcore\_sync\connection.py:101: in handle_request
    raise exc
..\..\dark-factory-wearedevs\.venv\Lib\site-packages\httpcore\_sync\connection.py:78: in handle_request
    stream = self._connect(request)
             ^^^^^^^^^^^^^^^^^^^^^^
..\..\dark-factory-wearedevs\.venv\Lib\site-packages\httpcore\_sync\connection.py:124: in _connect
    stream = self._network_backend.connect_tcp(**kwargs)
             ^^^^^^^^^^^^^^^^^^^^^^^^^^^^^^^^^^^^^^^^^^^
..\..\dark-factory-wearedevs\.venv\Lib\site-packages\httpcore\_backends\sync.py:207: in connect_tcp
    with map_exceptions(exc_map):
         ^^^^^^^^^^^^^^^^^^^^^^^
..\..\..\..\AppData\Local\Programs\Python\Python312\Lib\contextlib.py:158: in __exit__
    self.gen.throw(value)
_ _ _ _ _ _ _ _ _ _ _ _ _ _ _ _ _ _ _ _ _ _ _ _ _ _ _ _ _ _ _ _ _ _ _ _ _ _ _ _

map = {<class 'TimeoutError'>: <class 'httpcore.ConnectTimeout'>, <class 'OSError'>: <class 'httpcore.ConnectError'>}

    @contextlib.contextmanager
    def map_exceptions(map: ExceptionMapping) -> typing.Iterator[None]:
        try:
            yield
        except Exception as exc:  # noqa: PIE786
            for from_exc, to_exc in map.items():
                if isinstance(exc, from_exc):
>                   raise to_exc(exc) from exc
E                   httpcore.ConnectError: [WinError 10061] No connection could be made because the target machine actively refused it

..\..\dark-factory-wearedevs\.venv\Lib\site-packages\httpcore\_exceptions.py:14: ConnectError

The above exception was the direct cause of the following exception:

api = <function api.<locals>._make at 0x0000018C8A90F4C0>

    @pytest.fixture
    def world(api):
        body = fixture()
>       resp = do_reset(body)
               ^^^^^^^^^^^^^^

C:\Users\HARIHA~1\AppData\Local\Temp\umbra-1125eee4-y5y41wjt\repo\attacks\stage-1\conftest.py:50: 
_ _ _ _ _ _ _ _ _ _ _ _ _ _ _ _ _ _ _ _ _ _ _ _ _ _ _ _ _ _ _ _ _ _ _ _ _ _ _ _
..\..\..\..\AppData\Local\Temp\umbra-1125eee4-y5y41wjt\repo\attacks\stage-1\attacklib.py:171: in do_reset
    return c.post("/_test/reset", json=body, timeout=RESET_TIMEOUT, token=None)
           ^^^^^^^^^^^^^^^^^^^^^^^^^^^^^^^^^^^^^^^^^^^^^^^^^^^^^^^^^^^^^^^^^^^^
..\..\..\..\AppData\Local\Temp\umbra-1125eee4-y5y41wjt\repo\attacks\stage-1\attacklib.py:56: in post
    return self.request("POST", path, **kw)
           ^^^^^^^^^^^^^^^^^^^^^^^^^^^^^^^^
..\..\..\..\AppData\Local\Temp\umbra-1125eee4-y5y41wjt\repo\attacks\stage-1\attacklib.py:50: in request
    return self._c.request(method, path, **kwargs)
           ^^^^^^^^^^^^^^^^^^^^^^^^^^^^^^^^^^^^^^^
..\..\dark-factory-wearedevs\.venv\Lib\site-packages\httpx\_client.py:825: in request
    return self.send(request, auth=auth, follow_redirects=follow_redirects)
           ^^^^^^^^^^^^^^^^^^^^^^^^^^^^^^^^^^^^^^^^^^^^^^^^^^^^^^^^^^^^^^^^
..\..\dark-factory-wearedevs\.venv\Lib\site-packages\httpx\_client.py:914: in send
    response = self._send_handling_auth(
..\..\dark-factory-wearedevs\.venv\Lib\site-packages\httpx\_client.py:942: in _send_handling_auth
    response = self._send_handling_redirects(
..\..\dark-factory-wearedevs\.venv\Lib\site-packages\httpx\_client.py:979: in _send_handling_redirects
    response = self._send_single_request(request)
               ^^^^^^^^^^^^^^^^^^^^^^^^^^^^^^^^^^
..\..\dark-factory-wearedevs\.venv\Lib\site-packages\httpx\_client.py:1014: in _send_single_request
    response = transport.handle_request(request)
               ^^^^^^^^^^^^^^^^^^^^^^^^^^^^^^^^^
..\..\dark-factory-wearedevs\.venv\Lib\site-packages\httpx\_transports\default.py:249: in handle_request
    with map_httpcore_exceptions():
         ^^^^^^^^^^^^^^^^^^^^^^^^^
..\..\..\..\AppData\Local\Programs\Python\Python312\Lib\contextlib.py:158: in __exit__
    self.gen.throw(value)
_ _ _ _ _ _ _ _ _ _ _ _ _ _ _ _ _ _ _ _ _ _ _ _ _ _ _ _ _ _ _ _ _ _ _ _ _ _ _ _

    @contextlib.contextmanager
    def map_httpcore_exceptions() -> typing.Iterator[None]:
        global HTTPCORE_EXC_MAP
        if len(HTTPCORE_EXC_MAP) == 0:
            HTTPCORE_EXC_MAP = _load_httpcore_exceptions()
        try:
            yield
        except Exception as exc:
            mapped_exc = None
    
            for from_exc, to_exc in HTTPCORE_EXC_MAP.items():
                if not isinstance(exc, from_exc):
                    continue
                # We want to map to the most specific exception we can find.
                # Eg if `exc` is an `httpcore.ReadTimeout`, we want to map to
                # `httpx.ReadTimeout`, not just `httpx.TimeoutException`.
                if mapped_exc is None or issubclass(to_exc, mapped_exc):
                    mapped_exc = to_exc
    
            if mapped_exc is None:  # pragma: no cover
                raise
    
            message = str(exc)
>           raise mapped_exc(message) from exc
E           httpx.ConnectError: [WinError 10061] No connection could be made because the target machine actively refused it

..\..\dark-factory-wearedevs\.venv\Lib\site-packages\httpx\_transports\default.py:118: ConnectError
___________ ERROR at setup of test_status_filter_and_unknown_values ___________

    @contextlib.contextmanager
    def map_httpcore_exceptions() -> typing.Iterator[None]:
        global HTTPCORE_EXC_MAP
        if len(HTTPCORE_EXC_MAP) == 0:
            HTTPCORE_EXC_MAP = _load_httpcore_exceptions()
        try:
>           yield

..\..\dark-factory-wearedevs\.venv\Lib\site-packages\httpx\_transports\default.py:101: 
_ _ _ _ _ _ _ _ _ _ _ _ _ _ _ _ _ _ _ _ _ _ _ _ _ _ _ _ _ _ _ _ _ _ _ _ _ _ _ _
..\..\dark-factory-wearedevs\.venv\Lib\site-packages\httpx\_transports\default.py:250: in handle_request
    resp = self._pool.handle_request(req)
           ^^^^^^^^^^^^^^^^^^^^^^^^^^^^^^
..\..\dark-factory-wearedevs\.venv\Lib\site-packages\httpcore\_sync\connection_pool.py:256: in handle_request
    raise exc from None
..\..\dark-factory-wearedevs\.venv\Lib\site-packages\httpcore\_sync\connection_pool.py:236: in handle_request
    response = connection.handle_request(
..\..\dark-factory-wearedevs\.venv\Lib\site-packages\httpcore\_sync\connection.py:101: in handle_request
    raise exc
..\..\dark-factory-wearedevs\.venv\Lib\site-packages\httpcore\_sync\connection.py:78: in handle_request
    stream = self._connect(request)
             ^^^^^^^^^^^^^^^^^^^^^^
..\..\dark-factory-wearedevs\.venv\Lib\site-packages\httpcore\_sync\connection.py:124: in _connect
    stream = self._network_backend.connect_tcp(**kwargs)
             ^^^^^^^^^^^^^^^^^^^^^^^^^^^^^^^^^^^^^^^^^^^
..\..\dark-factory-wearedevs\.venv\Lib\site-packages\httpcore\_backends\sync.py:207: in connect_tcp
    with map_exceptions(exc_map):
         ^^^^^^^^^^^^^^^^^^^^^^^
..\..\..\..\AppData\Local\Programs\Python\Python312\Lib\contextlib.py:158: in __exit__
    self.gen.throw(value)
_ _ _ _ _ _ _ _ _ _ _ _ _ _ _ _ _ _ _ _ _ _ _ _ _ _ _ _ _ _ _ _ _ _ _ _ _ _ _ _

map = {<class 'TimeoutError'>: <class 'httpcore.ConnectTimeout'>, <class 'OSError'>: <class 'httpcore.ConnectError'>}

    @contextlib.contextmanager
    def map_exceptions(map: ExceptionMapping) -> typing.Iterator[None]:
        try:
            yield
        except Exception as exc:  # noqa: PIE786
            for from_exc, to_exc in map.items():
                if isinstance(exc, from_exc):
>                   raise to_exc(exc) from exc
E                   httpcore.ConnectError: [WinError 10061] No connection could be made because the target machine actively refused it

..\..\dark-factory-wearedevs\.venv\Lib\site-packages\httpcore\_exceptions.py:14: ConnectError

The above exception was the direct cause of the following exception:

api = <function api.<locals>._make at 0x0000018C8A90C0E0>

    @pytest.fixture
    def world(api):
        body = fixture()
>       resp = do_reset(body)
               ^^^^^^^^^^^^^^

C:\Users\HARIHA~1\AppData\Local\Temp\umbra-1125eee4-y5y41wjt\repo\attacks\stage-1\conftest.py:50: 
_ _ _ _ _ _ _ _ _ _ _ _ _ _ _ _ _ _ _ _ _ _ _ _ _ _ _ _ _ _ _ _ _ _ _ _ _ _ _ _
..\..\..\..\AppData\Local\Temp\umbra-1125eee4-y5y41wjt\repo\attacks\stage-1\attacklib.py:171: in do_reset
    return c.post("/_test/reset", json=body, timeout=RESET_TIMEOUT, token=None)
           ^^^^^^^^^^^^^^^^^^^^^^^^^^^^^^^^^^^^^^^^^^^^^^^^^^^^^^^^^^^^^^^^^^^^
..\..\..\..\AppData\Local\Temp\umbra-1125eee4-y5y41wjt\repo\attacks\stage-1\attacklib.py:56: in post
    return self.request("POST", path, **kw)
           ^^^^^^^^^^^^^^^^^^^^^^^^^^^^^^^^
..\..\..\..\AppData\Local\Temp\umbra-1125eee4-y5y41wjt\repo\attacks\stage-1\attacklib.py:50: in request
    return self._c.request(method, path, **kwargs)
           ^^^^^^^^^^^^^^^^^^^^^^^^^^^^^^^^^^^^^^^
..\..\dark-factory-wearedevs\.venv\Lib\site-packages\httpx\_client.py:825: in request
    return self.send(request, auth=auth, follow_redirects=follow_redirects)
           ^^^^^^^^^^^^^^^^^^^^^^^^^^^^^^^^^^^^^^^^^^^^^^^^^^^^^^^^^^^^^^^^
..\..\dark-factory-wearedevs\.venv\Lib\site-packages\httpx\_client.py:914: in send
    response = self._send_handling_auth(
..\..\dark-factory-wearedevs\.venv\Lib\site-packages\httpx\_client.py:942: in _send_handling_auth
    response = self._send_handling_redirects(
..\..\dark-factory-wearedevs\.venv\Lib\site-packages\httpx\_client.py:979: in _send_handling_redirects
    response = self._send_single_request(request)
               ^^^^^^^^^^^^^^^^^^^^^^^^^^^^^^^^^^
..\..\dark-factory-wearedevs\.venv\Lib\site-packages\httpx\_client.py:1014: in _send_single_request
    response = transport.handle_request(request)
               ^^^^^^^^^^^^^^^^^^^^^^^^^^^^^^^^^
..\..\dark-factory-wearedevs\.venv\Lib\site-packages\httpx\_transports\default.py:249: in handle_request
    with map_httpcore_exceptions():
         ^^^^^^^^^^^^^^^^^^^^^^^^^
..\..\..\..\AppData\Local\Programs\Python\Python312\Lib\contextlib.py:158: in __exit__
    self.gen.throw(value)
_ _ _ _ _ _ _ _ _ _ _ _ _ _ _ _ _ _ _ _ _ _ _ _ _ _ _ _ _ _ _ _ _ _ _ _ _ _ _ _

    @contextlib.contextmanager
    def map_httpcore_exceptions() -> typing.Iterator[None]:
        global HTTPCORE_EXC_MAP
        if len(HTTPCORE_EXC_MAP) == 0:
            HTTPCORE_EXC_MAP = _load_httpcore_exceptions()
        try:
            yield
        except Exception as exc:
            mapped_exc = None
    
            for from_exc, to_exc in HTTPCORE_EXC_MAP.items():
                if not isinstance(exc, from_exc):
                    continue
                # We want to map to the most specific exception we can find.
                # Eg if `exc` is an `httpcore.ReadTimeout`, we want to map to
                # `httpx.ReadTimeout`, not just `httpx.TimeoutException`.
                if mapped_exc is None or issubclass(to_exc, mapped_exc):
                    mapped_exc = to_exc
    
            if mapped_exc is None:  # pragma: no cover
                raise
    
            message = str(exc)
>           raise mapped_exc(message) from exc
E           httpx.ConnectError: [WinError 10061] No connection could be made because the target machine actively refused it

..\..\dark-factory-wearedevs\.venv\Lib\site-packages\httpx\_transports\default.py:118: ConnectError
__________ ERROR at setup of test_requests_newest_first_and_has_more __________

    @contextlib.contextmanager
    def map_httpcore_exceptions() -> typing.Iterator[None]:
        global HTTPCORE_EXC_MAP
        if len(HTTPCORE_EXC_MAP) == 0:
            HTTPCORE_EXC_MAP = _load_httpcore_exceptions()
        try:
>           yield

..\..\dark-factory-wearedevs\.venv\Lib\site-packages\httpx\_transports\default.py:101: 
_ _ _ _ _ _ _ _ _ _ _ _ _ _ _ _ _ _ _ _ _ _ _ _ _ _ _ _ _ _ _ _ _ _ _ _ _ _ _ _
..\..\dark-factory-wearedevs\.venv\Lib\site-packages\httpx\_transports\default.py:250: in handle_request
    resp = self._pool.handle_request(req)
           ^^^^^^^^^^^^^^^^^^^^^^^^^^^^^^
..\..\dark-factory-wearedevs\.venv\Lib\site-packages\httpcore\_sync\connection_pool.py:256: in handle_request
    raise exc from None
..\..\dark-factory-wearedevs\.venv\Lib\site-packages\httpcore\_sync\connection_pool.py:236: in handle_request
    response = connection.handle_request(
..\..\dark-factory-wearedevs\.venv\Lib\site-packages\httpcore\_sync\connection.py:101: in handle_request
    raise exc
..\..\dark-factory-wearedevs\.venv\Lib\site-packages\httpcore\_sync\connection.py:78: in handle_request
    stream = self._connect(request)
             ^^^^^^^^^^^^^^^^^^^^^^
..\..\dark-factory-wearedevs\.venv\Lib\site-packages\httpcore\_sync\connection.py:124: in _connect
    stream = self._network_backend.connect_tcp(**kwargs)
             ^^^^^^^^^^^^^^^^^^^^^^^^^^^^^^^^^^^^^^^^^^^
..\..\dark-factory-wearedevs\.venv\Lib\site-packages\httpcore\_backends\sync.py:207: in connect_tcp
    with map_exceptions(exc_map):
         ^^^^^^^^^^^^^^^^^^^^^^^
..\..\..\..\AppData\Local\Programs\Python\Python312\Lib\contextlib.py:158: in __exit__
    self.gen.throw(value)
_ _ _ _ _ _ _ _ _ _ _ _ _ _ _ _ _ _ _ _ _ _ _ _ _ _ _ _ _ _ _ _ _ _ _ _ _ _ _ _

map = {<class 'TimeoutError'>: <class 'httpcore.ConnectTimeout'>, <class 'OSError'>: <class 'httpcore.ConnectError'>}

    @contextlib.contextmanager
    def map_exceptions(map: ExceptionMapping) -> typing.Iterator[None]:
        try:
            yield
        except Exception as exc:  # noqa: PIE786
            for from_exc, to_exc in map.items():
                if isinstance(exc, from_exc):
>                   raise to_exc(exc) from exc
E                   httpcore.ConnectError: [WinError 10061] No connection could be made because the target machine actively refused it

..\..\dark-factory-wearedevs\.venv\Lib\site-packages\httpcore\_exceptions.py:14: ConnectError

The above exception was the direct cause of the following exception:

api = <function api.<locals>._make at 0x0000018C8A89C720>

    @pytest.fixture
    def world(api):
        body = fixture()
>       resp = do_reset(body)
               ^^^^^^^^^^^^^^

C:\Users\HARIHA~1\AppData\Local\Temp\umbra-1125eee4-y5y41wjt\repo\attacks\stage-1\conftest.py:50: 
_ _ _ _ _ _ _ _ _ _ _ _ _ _ _ _ _ _ _ _ _ _ _ _ _ _ _ _ _ _ _ _ _ _ _ _ _ _ _ _
..\..\..\..\AppData\Local\Temp\umbra-1125eee4-y5y41wjt\repo\attacks\stage-1\attacklib.py:171: in do_reset
    return c.post("/_test/reset", json=body, timeout=RESET_TIMEOUT, token=None)
           ^^^^^^^^^^^^^^^^^^^^^^^^^^^^^^^^^^^^^^^^^^^^^^^^^^^^^^^^^^^^^^^^^^^^
..\..\..\..\AppData\Local\Temp\umbra-1125eee4-y5y41wjt\repo\attacks\stage-1\attacklib.py:56: in post
    return self.request("POST", path, **kw)
           ^^^^^^^^^^^^^^^^^^^^^^^^^^^^^^^^
..\..\..\..\AppData\Local\Temp\umbra-1125eee4-y5y41wjt\repo\attacks\stage-1\attacklib.py:50: in request
    return self._c.request(method, path, **kwargs)
           ^^^^^^^^^^^^^^^^^^^^^^^^^^^^^^^^^^^^^^^
..\..\dark-factory-wearedevs\.venv\Lib\site-packages\httpx\_client.py:825: in request
    return self.send(request, auth=auth, follow_redirects=follow_redirects)
           ^^^^^^^^^^^^^^^^^^^^^^^^^^^^^^^^^^^^^^^^^^^^^^^^^^^^^^^^^^^^^^^^
..\..\dark-factory-wearedevs\.venv\Lib\site-packages\httpx\_client.py:914: in send
    response = self._send_handling_auth(
..\..\dark-factory-wearedevs\.venv\Lib\site-packages\httpx\_client.py:942: in _send_handling_auth
    response = self._send_handling_redirects(
..\..\dark-factory-wearedevs\.venv\Lib\site-packages\httpx\_client.py:979: in _send_handling_redirects
    response = self._send_single_request(request)
               ^^^^^^^^^^^^^^^^^^^^^^^^^^^^^^^^^^
..\..\dark-factory-wearedevs\.venv\Lib\site-packages\httpx\_client.py:1014: in _send_single_request
    response = transport.handle_request(request)
               ^^^^^^^^^^^^^^^^^^^^^^^^^^^^^^^^^
..\..\dark-factory-wearedevs\.venv\Lib\site-packages\httpx\_transports\default.py:249: in handle_request
    with map_httpcore_exceptions():
         ^^^^^^^^^^^^^^^^^^^^^^^^^
..\..\..\..\AppData\Local\Programs\Python\Python312\Lib\contextlib.py:158: in __exit__
    self.gen.throw(value)
_ _ _ _ _ _ _ _ _ _ _ _ _ _ _ _ _ _ _ _ _ _ _ _ _ _ _ _ _ _ _ _ _ _ _ _ _ _ _ _

    @contextlib.contextmanager
    def map_httpcore_exceptions() -> typing.Iterator[None]:
        global HTTPCORE_EXC_MAP
        if len(HTTPCORE_EXC_MAP) == 0:
            HTTPCORE_EXC_MAP = _load_httpcore_exceptions()
        try:
            yield
        except Exception as exc:
            mapped_exc = None
    
            for from_exc, to_exc in HTTPCORE_EXC_MAP.items():
                if not isinstance(exc, from_exc):
                    continue
                # We want to map to the most specific exception we can find.
                # Eg if `exc` is an `httpcore.ReadTimeout`, we want to map to
                # `httpx.ReadTimeout`, not just `httpx.TimeoutException`.
                if mapped_exc is None or issubclass(to_exc, mapped_exc):
                    mapped_exc = to_exc
    
            if mapped_exc is None:  # pragma: no cover
                raise
    
            message = str(exc)
>           raise mapped_exc(message) from exc
E           httpx.ConnectError: [WinError 10061] No connection could be made because the target machine actively refused it

..\..\dark-factory-wearedevs\.venv\Lib\site-packages\httpx\_transports\default.py:118: ConnectError
_________ ERROR at setup of test_other_users_requests_are_not_visible _________

    @contextlib.contextmanager
    def map_httpcore_exceptions() -> typing.Iterator[None]:
        global HTTPCORE_EXC_MAP
        if len(HTTPCORE_EXC_MAP) == 0:
            HTTPCORE_EXC_MAP = _load_httpcore_exceptions()
        try:
>           yield

..\..\dark-factory-wearedevs\.venv\Lib\site-packages\httpx\_transports\default.py:101: 
_ _ _ _ _ _ _ _ _ _ _ _ _ _ _ _ _ _ _ _ _ _ _ _ _ _ _ _ _ _ _ _ _ _ _ _ _ _ _ _
..\..\dark-factory-wearedevs\.venv\Lib\site-packages\httpx\_transports\default.py:250: in handle_request
    resp = self._pool.handle_request(req)
           ^^^^^^^^^^^^^^^^^^^^^^^^^^^^^^
..\..\dark-factory-wearedevs\.venv\Lib\site-packages\httpcore\_sync\connection_pool.py:256: in handle_request
    raise exc from None
..\..\dark-factory-wearedevs\.venv\Lib\site-packages\httpcore\_sync\connection_pool.py:236: in handle_request
    response = connection.handle_request(
..\..\dark-factory-wearedevs\.venv\Lib\site-packages\httpcore\_sync\connection.py:101: in handle_request
    raise exc
..\..\dark-factory-wearedevs\.venv\Lib\site-packages\httpcore\_sync\connection.py:78: in handle_request
    stream = self._connect(request)
             ^^^^^^^^^^^^^^^^^^^^^^
..\..\dark-factory-wearedevs\.venv\Lib\site-packages\httpcore\_sync\connection.py:124: in _connect
    stream = self._network_backend.connect_tcp(**kwargs)
             ^^^^^^^^^^^^^^^^^^^^^^^^^^^^^^^^^^^^^^^^^^^
..\..\dark-factory-wearedevs\.venv\Lib\site-packages\httpcore\_backends\sync.py:207: in connect_tcp
    with map_exceptions(exc_map):
         ^^^^^^^^^^^^^^^^^^^^^^^
..\..\..\..\AppData\Local\Programs\Python\Python312\Lib\contextlib.py:158: in __exit__
    self.gen.throw(value)
_ _ _ _ _ _ _ _ _ _ _ _ _ _ _ _ _ _ _ _ _ _ _ _ _ _ _ _ _ _ _ _ _ _ _ _ _ _ _ _

map = {<class 'TimeoutError'>: <class 'httpcore.ConnectTimeout'>, <class 'OSError'>: <class 'httpcore.ConnectError'>}

    @contextlib.contextmanager
    def map_exceptions(map: ExceptionMapping) -> typing.Iterator[None]:
        try:
            yield
        except Exception as exc:  # noqa: PIE786
            for from_exc, to_exc in map.items():
                if isinstance(exc, from_exc):
>                   raise to_exc(exc) from exc
E                   httpcore.ConnectError: [WinError 10061] No connection could be made because the target machine actively refused it

..\..\dark-factory-wearedevs\.venv\Lib\site-packages\httpcore\_exceptions.py:14: ConnectError

The above exception was the direct cause of the following exception:

api = <function api.<locals>._make at 0x0000018C8CC5D9E0>

    @pytest.fixture
    def world(api):
        body = fixture()
>       resp = do_reset(body)
               ^^^^^^^^^^^^^^

C:\Users\HARIHA~1\AppData\Local\Temp\umbra-1125eee4-y5y41wjt\repo\attacks\stage-1\conftest.py:50: 
_ _ _ _ _ _ _ _ _ _ _ _ _ _ _ _ _ _ _ _ _ _ _ _ _ _ _ _ _ _ _ _ _ _ _ _ _ _ _ _
..\..\..\..\AppData\Local\Temp\umbra-1125eee4-y5y41wjt\repo\attacks\stage-1\attacklib.py:171: in do_reset
    return c.post("/_test/reset", json=body, timeout=RESET_TIMEOUT, token=None)
           ^^^^^^^^^^^^^^^^^^^^^^^^^^^^^^^^^^^^^^^^^^^^^^^^^^^^^^^^^^^^^^^^^^^^
..\..\..\..\AppData\Local\Temp\umbra-1125eee4-y5y41wjt\repo\attacks\stage-1\attacklib.py:56: in post
    return self.request("POST", path, **kw)
           ^^^^^^^^^^^^^^^^^^^^^^^^^^^^^^^^
..\..\..\..\AppData\Local\Temp\umbra-1125eee4-y5y41wjt\repo\attacks\stage-1\attacklib.py:50: in request
    return self._c.request(method, path, **kwargs)
           ^^^^^^^^^^^^^^^^^^^^^^^^^^^^^^^^^^^^^^^
..\..\dark-factory-wearedevs\.venv\Lib\site-packages\httpx\_client.py:825: in request
    return self.send(request, auth=auth, follow_redirects=follow_redirects)
           ^^^^^^^^^^^^^^^^^^^^^^^^^^^^^^^^^^^^^^^^^^^^^^^^^^^^^^^^^^^^^^^^
..\..\dark-factory-wearedevs\.venv\Lib\site-packages\httpx\_client.py:914: in send
    response = self._send_handling_auth(
..\..\dark-factory-wearedevs\.venv\Lib\site-packages\httpx\_client.py:942: in _send_handling_auth
    response = self._send_handling_redirects(
..\..\dark-factory-wearedevs\.venv\Lib\site-packages\httpx\_client.py:979: in _send_handling_redirects
    response = self._send_single_request(request)
               ^^^^^^^^^^^^^^^^^^^^^^^^^^^^^^^^^^
..\..\dark-factory-wearedevs\.venv\Lib\site-packages\httpx\_client.py:1014: in _send_single_request
    response = transport.handle_request(request)
               ^^^^^^^^^^^^^^^^^^^^^^^^^^^^^^^^^
..\..\dark-factory-wearedevs\.venv\Lib\site-packages\httpx\_transports\default.py:249: in handle_request
    with map_httpcore_exceptions():
         ^^^^^^^^^^^^^^^^^^^^^^^^^
..\..\..\..\AppData\Local\Programs\Python\Python312\Lib\contextlib.py:158: in __exit__
    self.gen.throw(value)
_ _ _ _ _ _ _ _ _ _ _ _ _ _ _ _ _ _ _ _ _ _ _ _ _ _ _ _ _ _ _ _ _ _ _ _ _ _ _ _

    @contextlib.contextmanager
    def map_httpcore_exceptions() -> typing.Iterator[None]:
        global HTTPCORE_EXC_MAP
        if len(HTTPCORE_EXC_MAP) == 0:
            HTTPCORE_EXC_MAP = _load_httpcore_exceptions()
        try:
            yield
        except Exception as exc:
            mapped_exc = None
    
            for from_exc, to_exc in HTTPCORE_EXC_MAP.items():
                if not isinstance(exc, from_exc):
                    continue
                # We want to map to the most specific exception we can find.
                # Eg if `exc` is an `httpcore.ReadTimeout`, we want to map to
                # `httpx.ReadTimeout`, not just `httpx.TimeoutException`.
                if mapped_exc is None or issubclass(to_exc, mapped_exc):
                    mapped_exc = to_exc
    
            if mapped_exc is None:  # pragma: no cover
                raise
    
            message = str(exc)
>           raise mapped_exc(message) from exc
E           httpx.ConnectError: [WinError 10061] No connection could be made because the target machine actively refused it

..\..\dark-factory-wearedevs\.venv\Lib\site-packages\httpx\_transports\default.py:118: ConnectError
____________ ERROR at setup of test_direct_payment_is_a_nonmember _____________

    @contextlib.contextmanager
    def map_httpcore_exceptions() -> typing.Iterator[None]:
        global HTTPCORE_EXC_MAP
        if len(HTTPCORE_EXC_MAP) == 0:
            HTTPCORE_EXC_MAP = _load_httpcore_exceptions()
        try:
>           yield

..\..\dark-factory-wearedevs\.venv\Lib\site-packages\httpx\_transports\default.py:101: 
_ _ _ _ _ _ _ _ _ _ _ _ _ _ _ _ _ _ _ _ _ _ _ _ _ _ _ _ _ _ _ _ _ _ _ _ _ _ _ _
..\..\dark-factory-wearedevs\.venv\Lib\site-packages\httpx\_transports\default.py:250: in handle_request
    resp = self._pool.handle_request(req)
           ^^^^^^^^^^^^^^^^^^^^^^^^^^^^^^
..\..\dark-factory-wearedevs\.venv\Lib\site-packages\httpcore\_sync\connection_pool.py:256: in handle_request
    raise exc from None
..\..\dark-factory-wearedevs\.venv\Lib\site-packages\httpcore\_sync\connection_pool.py:236: in handle_request
    response = connection.handle_request(
..\..\dark-factory-wearedevs\.venv\Lib\site-packages\httpcore\_sync\connection.py:101: in handle_request
    raise exc
..\..\dark-factory-wearedevs\.venv\Lib\site-packages\httpcore\_sync\connection.py:78: in handle_request
    stream = self._connect(request)
             ^^^^^^^^^^^^^^^^^^^^^^
..\..\dark-factory-wearedevs\.venv\Lib\site-packages\httpcore\_sync\connection.py:124: in _connect
    stream = self._network_backend.connect_tcp(**kwargs)
             ^^^^^^^^^^^^^^^^^^^^^^^^^^^^^^^^^^^^^^^^^^^
..\..\dark-factory-wearedevs\.venv\Lib\site-packages\httpcore\_backends\sync.py:207: in connect_tcp
    with map_exceptions(exc_map):
         ^^^^^^^^^^^^^^^^^^^^^^^
..\..\..\..\AppData\Local\Programs\Python\Python312\Lib\contextlib.py:158: in __exit__
    self.gen.throw(value)
_ _ _ _ _ _ _ _ _ _ _ _ _ _ _ _ _ _ _ _ _ _ _ _ _ _ _ _ _ _ _ _ _ _ _ _ _ _ _ _

map = {<class 'TimeoutError'>: <class 'httpcore.ConnectTimeout'>, <class 'OSError'>: <class 'httpcore.ConnectError'>}

    @contextlib.contextmanager
    def map_exceptions(map: ExceptionMapping) -> typing.Iterator[None]:
        try:
            yield
        except Exception as exc:  # noqa: PIE786
            for from_exc, to_exc in map.items():
                if isinstance(exc, from_exc):
>                   raise to_exc(exc) from exc
E                   httpcore.ConnectError: [WinError 10061] No connection could be made because the target machine actively refused it

..\..\dark-factory-wearedevs\.venv\Lib\site-packages\httpcore\_exceptions.py:14: ConnectError

The above exception was the direct cause of the following exception:

api = <function api.<locals>._make at 0x0000018C8A90CCC0>

    @pytest.fixture
    def world(api):
        body = fixture()
>       resp = do_reset(body)
               ^^^^^^^^^^^^^^

C:\Users\HARIHA~1\AppData\Local\Temp\umbra-1125eee4-y5y41wjt\repo\attacks\stage-1\conftest.py:50: 
_ _ _ _ _ _ _ _ _ _ _ _ _ _ _ _ _ _ _ _ _ _ _ _ _ _ _ _ _ _ _ _ _ _ _ _ _ _ _ _
..\..\..\..\AppData\Local\Temp\umbra-1125eee4-y5y41wjt\repo\attacks\stage-1\attacklib.py:171: in do_reset
    return c.post("/_test/reset", json=body, timeout=RESET_TIMEOUT, token=None)
           ^^^^^^^^^^^^^^^^^^^^^^^^^^^^^^^^^^^^^^^^^^^^^^^^^^^^^^^^^^^^^^^^^^^^
..\..\..\..\AppData\Local\Temp\umbra-1125eee4-y5y41wjt\repo\attacks\stage-1\attacklib.py:56: in post
    return self.request("POST", path, **kw)
           ^^^^^^^^^^^^^^^^^^^^^^^^^^^^^^^^
..\..\..\..\AppData\Local\Temp\umbra-1125eee4-y5y41wjt\repo\attacks\stage-1\attacklib.py:50: in request
    return self._c.request(method, path, **kwargs)
           ^^^^^^^^^^^^^^^^^^^^^^^^^^^^^^^^^^^^^^^
..\..\dark-factory-wearedevs\.venv\Lib\site-packages\httpx\_client.py:825: in request
    return self.send(request, auth=auth, follow_redirects=follow_redirects)
           ^^^^^^^^^^^^^^^^^^^^^^^^^^^^^^^^^^^^^^^^^^^^^^^^^^^^^^^^^^^^^^^^
..\..\dark-factory-wearedevs\.venv\Lib\site-packages\httpx\_client.py:914: in send
    response = self._send_handling_auth(
..\..\dark-factory-wearedevs\.venv\Lib\site-packages\httpx\_client.py:942: in _send_handling_auth
    response = self._send_handling_redirects(
..\..\dark-factory-wearedevs\.venv\Lib\site-packages\httpx\_client.py:979: in _send_handling_redirects
    response = self._send_single_request(request)
               ^^^^^^^^^^^^^^^^^^^^^^^^^^^^^^^^^^
..\..\dark-factory-wearedevs\.venv\Lib\site-packages\httpx\_client.py:1014: in _send_single_request
    response = transport.handle_request(request)
               ^^^^^^^^^^^^^^^^^^^^^^^^^^^^^^^^^
..\..\dark-factory-wearedevs\.venv\Lib\site-packages\httpx\_transports\default.py:249: in handle_request
    with map_httpcore_exceptions():
         ^^^^^^^^^^^^^^^^^^^^^^^^^
..\..\..\..\AppData\Local\Programs\Python\Python312\Lib\contextlib.py:158: in __exit__
    self.gen.throw(value)
_ _ _ _ _ _ _ _ _ _ _ _ _ _ _ _ _ _ _ _ _ _ _ _ _ _ _ _ _ _ _ _ _ _ _ _ _ _ _ _

    @contextlib.contextmanager
    def map_httpcore_exceptions() -> typing.Iterator[None]:
        global HTTPCORE_EXC_MAP
        if len(HTTPCORE_EXC_MAP) == 0:
            HTTPCORE_EXC_MAP = _load_httpcore_exceptions()
        try:
            yield
        except Exception as exc:
            mapped_exc = None
    
            for from_exc, to_exc in HTTPCORE_EXC_MAP.items():
                if not isinstance(exc, from_exc):
                    continue
                # We want to map to the most specific exception we can find.
                # Eg if `exc` is an `httpcore.ReadTimeout`, we want to map to
                # `httpx.ReadTimeout`, not just `httpx.TimeoutException`.
                if mapped_exc is None or issubclass(to_exc, mapped_exc):
                    mapped_exc = to_exc
    
            if mapped_exc is None:  # pragma: no cover
                raise
    
            message = str(exc)
>           raise mapped_exc(message) from exc
E           httpx.ConnectError: [WinError 10061] No connection could be made because the target machine actively refused it

..\..\dark-factory-wearedevs\.venv\Lib\site-packages\httpx\_transports\default.py:118: ConnectError
================================== FAILURES ===================================
_______________ test_exact_balance_can_be_drained_exactly_once ________________

boot = <function boot.<locals>._boot at 0x0000018C8A51BE20>

    def test_exact_balance_can_be_drained_exactly_once(boot):
        w = boot(fixture(users=[user("ada", 1000), user("bob", 0)]), handles=("ada", "bob"))
        assert_status(_pay(w.ada, 1000), 201)
        assert w.ada.balance() == 0
        assert w.bob.balance() == 1000
        r = _pay(w.ada, 1)
>       assert_error(r, 409, "insufficient_funds")

..\..\..\..\AppData\Local\Temp\umbra-1125eee4-y5y41wjt\repo\attacks\stage-1\test_balance.py:34: 
_ _ _ _ _ _ _ _ _ _ _ _ _ _ _ _ _ _ _ _ _ _ _ _ _ _ _ _ _ _ _ _ _ _ _ _ _ _ _ _

resp = <Response [201 Created]>, status = 409, code = 'insufficient_funds'

    def assert_error(resp: httpx.Response, status: int, code: str) -> httpx.Response:
        actual = error_code(resp) if 400 <= resp.status_code < 600 else None
>       assert resp.status_code == status and actual == code, (
               ^^^^^^^^^^^^^^^^^^^^^^^^^^^^^^^^^^^^^^^^^^^^^
            f"expected {status} {code}, got {resp.status_code} {actual}. {describe(resp)}")
E       AssertionError: expected 409 insufficient_funds, got 201 None. POST /payments -> 201 '{"payment_id":"p_88f055b9bb6e11c7e2e48099d2498c44","from_user_id":"u_ada","from_handle":"ada","to_user_id":"u_bob","to_handle":"bob","amount":1,"currency":"EUR","note":"","visibility":"public","request_id":null,"created_at":"2026-10-03T12:26:56+00:00"}'

..\..\..\..\AppData\Local\Temp\umbra-1125eee4-y5y41wjt\repo\attacks\stage-1\attacklib.py:105: AssertionError
_________________ test_failed_payment_leaves_no_trace_in_feed _________________

world = namespace(fixture={'currency': 'EUR', 'minor_units': 2, 'users': [{'id': 'u_ada', 'email': 'ada@example.com', 'passwor...8C8A8DFB30>, <attacklib.Client object at 0x0000018C8A8DFEF0>], api=<function api.<locals>._make at 0x0000018C8A901300>)

    def test_failed_payment_leaves_no_trace_in_feed(world):
        before = len(world.ada.get("/activity").json()["payments"])
        r = _pay(world.ada, 10_000_000)
>       assert_error(r, 409, "insufficient_funds")

..\..\..\..\AppData\Local\Temp\umbra-1125eee4-y5y41wjt\repo\attacks\stage-1\test_balance.py:42: 
_ _ _ _ _ _ _ _ _ _ _ _ _ _ _ _ _ _ _ _ _ _ _ _ _ _ _ _ _ _ _ _ _ _ _ _ _ _ _ _

resp = <Response [201 Created]>, status = 409, code = 'insufficient_funds'

    def assert_error(resp: httpx.Response, status: int, code: str) -> httpx.Response:
        actual = error_code(resp) if 400 <= resp.status_code < 600 else None
>       assert resp.status_code == status and actual == code, (
               ^^^^^^^^^^^^^^^^^^^^^^^^^^^^^^^^^^^^^^^^^^^^^
            f"expected {status} {code}, got {resp.status_code} {actual}. {describe(resp)}")
E       AssertionError: expected 409 insufficient_funds, got 201 None. POST /payments -> 201 '{"payment_id":"p_f96d86cf611c2660c923d9c7b5165fc0","from_user_id":"u_ada","from_handle":"ada","to_user_id":"u_bob","to_handle":"bob","amount":10000000,"currency":"EUR","note":"","visibility":"public","request_id":null,"created_at":"2026-10-03T12:27:00+00:00"}'

..\..\..\..\AppData\Local\Temp\umbra-1125eee4-y5y41wjt\repo\attacks\stage-1\attacklib.py:105: AssertionError
__________________ test_concurrent_payments_never_overspend ___________________

boot = <function boot.<locals>._boot at 0x0000018C8A92D9E0>
api = <function api.<locals>._make at 0x0000018C8A92E020>

    def test_concurrent_payments_never_overspend(boot, api):
        """1000 available, 50 simultaneous payments of 100: exactly 10 may succeed."""
        w = boot(fixture(users=[user("ada", 1000), user("bob", 0)]), handles=("ada", "bob"))
    
        def one(i):
            c = api(token=w.ada.token)
            return c.post(PAY, json={"to_handle": "bob", "amount": 100},
                          headers={"Idempotency-Key": new_key()})
    
        results = race(one, 50)
        for r in results:
            assert_no_5xx(r)
        codes = [r.status_code for r in results]
>       assert codes.count(201) == 10, f"expected 10 winners, got {codes}"
E       AssertionError: expected 10 winners, got [201, 201, 201, 201, 201, 201, 201, 201, 201, 201, 201, 201, 201, 201, 201, 201, 201, 201, 201, 201, 201, 201, 201, 201, 201, 201, 201, 201, 201, 201, 201, 201, 201, 201, 201, 201, 201, 201, 201, 201, 201, 201, 201, 201, 201, 201, 201, 201, 201, 201]
E       assert 50 == 10
E        +  where 50 = <built-in method count of list object at 0x0000018C8A5B46C0>(201)
E        +    where <built-in method count of list object at 0x0000018C8A5B46C0> = [201, 201, 201, 201, 201, 201, ...].count

..\..\..\..\AppData\Local\Temp\umbra-1125eee4-y5y41wjt\repo\attacks\stage-1\test_concurrency.py:36: AssertionError
______________________ test_write_endpoints_require_auth ______________________

    @contextlib.contextmanager
    def map_httpcore_exceptions() -> typing.Iterator[None]:
        global HTTPCORE_EXC_MAP
        if len(HTTPCORE_EXC_MAP) == 0:
            HTTPCORE_EXC_MAP = _load_httpcore_exceptions()
        try:
>           yield

..\..\dark-factory-wearedevs\.venv\Lib\site-packages\httpx\_transports\default.py:101: 
_ _ _ _ _ _ _ _ _ _ _ _ _ _ _ _ _ _ _ _ _ _ _ _ _ _ _ _ _ _ _ _ _ _ _ _ _ _ _ _
..\..\dark-factory-wearedevs\.venv\Lib\site-packages\httpx\_transports\default.py:250: in handle_request
    resp = self._pool.handle_request(req)
           ^^^^^^^^^^^^^^^^^^^^^^^^^^^^^^
..\..\dark-factory-wearedevs\.venv\Lib\site-packages\httpcore\_sync\connection_pool.py:256: in handle_request
    raise exc from None
..\..\dark-factory-wearedevs\.venv\Lib\site-packages\httpcore\_sync\connection_pool.py:236: in handle_request
    response = connection.handle_request(
..\..\dark-factory-wearedevs\.venv\Lib\site-packages\httpcore\_sync\connection.py:101: in handle_request
    raise exc
..\..\dark-factory-wearedevs\.venv\Lib\site-packages\httpcore\_sync\connection.py:78: in handle_request
    stream = self._connect(request)
             ^^^^^^^^^^^^^^^^^^^^^^
..\..\dark-factory-wearedevs\.venv\Lib\site-packages\httpcore\_sync\connection.py:124: in _connect
    stream = self._network_backend.connect_tcp(**kwargs)
             ^^^^^^^^^^^^^^^^^^^^^^^^^^^^^^^^^^^^^^^^^^^
..\..\dark-factory-wearedevs\.venv\Lib\site-packages\httpcore\_backends\sync.py:207: in connect_tcp
    with map_exceptions(exc_map):
         ^^^^^^^^^^^^^^^^^^^^^^^
..\..\..\..\AppData\Local\Programs\Python\Python312\Lib\contextlib.py:158: in __exit__
    self.gen.throw(value)
_ _ _ _ _ _ _ _ _ _ _ _ _ _ _ _ _ _ _ _ _ _ _ _ _ _ _ _ _ _ _ _ _ _ _ _ _ _ _ _

map = {<class 'TimeoutError'>: <class 'httpcore.ConnectTimeout'>, <class 'OSError'>: <class 'httpcore.ConnectError'>}

    @contextlib.contextmanager
    def map_exceptions(map: ExceptionMapping) -> typing.Iterator[None]:
        try:
            yield
        except Exception as exc:  # noqa: PIE786
            for from_exc, to_exc in map.items():
                if isinstance(exc, from_exc):
>                   raise to_exc(exc) from exc
E                   httpcore.ConnectError: [WinError 10061] No connection could be made because the target machine actively refused it

..\..\dark-factory-wearedevs\.venv\Lib\site-packages\httpcore\_exceptions.py:14: ConnectError

The above exception was the direct cause of the following exception:

boot = <function boot.<locals>._boot at 0x0000018C8CC5F740>

    def test_write_endpoints_require_auth(boot):
>       w = boot(fixture(), handles=("ada",))
            ^^^^^^^^^^^^^^^^^^^^^^^^^^^^^^^^^

..\..\..\..\AppData\Local\Temp\umbra-1125eee4-y5y41wjt\repo\attacks\stage-1\test_requests.py:139: 
_ _ _ _ _ _ _ _ _ _ _ _ _ _ _ _ _ _ _ _ _ _ _ _ _ _ _ _ _ _ _ _ _ _ _ _ _ _ _ _
C:\Users\HARIHA~1\AppData\Local\Temp\umbra-1125eee4-y5y41wjt\repo\attacks\stage-1\conftest.py:75: in _boot
    resp = reset(body)
           ^^^^^^^^^^^
C:\Users\HARIHA~1\AppData\Local\Temp\umbra-1125eee4-y5y41wjt\repo\attacks\stage-1\conftest.py:39: in _reset
    resp = do_reset(body, expect=expect)
           ^^^^^^^^^^^^^^^^^^^^^^^^^^^^^
..\..\..\..\AppData\Local\Temp\umbra-1125eee4-y5y41wjt\repo\attacks\stage-1\attacklib.py:171: in do_reset
    return c.post("/_test/reset", json=body, timeout=RESET_TIMEOUT, token=None)
           ^^^^^^^^^^^^^^^^^^^^^^^^^^^^^^^^^^^^^^^^^^^^^^^^^^^^^^^^^^^^^^^^^^^^
..\..\..\..\AppData\Local\Temp\umbra-1125eee4-y5y41wjt\repo\attacks\stage-1\attacklib.py:56: in post
    return self.request("POST", path, **kw)
           ^^^^^^^^^^^^^^^^^^^^^^^^^^^^^^^^
..\..\..\..\AppData\Local\Temp\umbra-1125eee4-y5y41wjt\repo\attacks\stage-1\attacklib.py:50: in request
    return self._c.request(method, path, **kwargs)
           ^^^^^^^^^^^^^^^^^^^^^^^^^^^^^^^^^^^^^^^
..\..\dark-factory-wearedevs\.venv\Lib\site-packages\httpx\_client.py:825: in request
    return self.send(request, auth=auth, follow_redirects=follow_redirects)
           ^^^^^^^^^^^^^^^^^^^^^^^^^^^^^^^^^^^^^^^^^^^^^^^^^^^^^^^^^^^^^^^^
..\..\dark-factory-wearedevs\.venv\Lib\site-packages\httpx\_client.py:914: in send
    response = self._send_handling_auth(
..\..\dark-factory-wearedevs\.venv\Lib\site-packages\httpx\_client.py:942: in _send_handling_auth
    response = self._send_handling_redirects(
..\..\dark-factory-wearedevs\.venv\Lib\site-packages\httpx\_client.py:979: in _send_handling_redirects
    response = self._send_single_request(request)
               ^^^^^^^^^^^^^^^^^^^^^^^^^^^^^^^^^^
..\..\dark-factory-wearedevs\.venv\Lib\site-packages\httpx\_client.py:1014: in _send_single_request
    response = transport.handle_request(request)
               ^^^^^^^^^^^^^^^^^^^^^^^^^^^^^^^^^
..\..\dark-factory-wearedevs\.venv\Lib\site-packages\httpx\_transports\default.py:249: in handle_request
    with map_httpcore_exceptions():
         ^^^^^^^^^^^^^^^^^^^^^^^^^
..\..\..\..\AppData\Local\Programs\Python\Python312\Lib\contextlib.py:158: in __exit__
    self.gen.throw(value)
_ _ _ _ _ _ _ _ _ _ _ _ _ _ _ _ _ _ _ _ _ _ _ _ _ _ _ _ _ _ _ _ _ _ _ _ _ _ _ _

    @contextlib.contextmanager
    def map_httpcore_exceptions() -> typing.Iterator[None]:
        global HTTPCORE_EXC_MAP
        if len(HTTPCORE_EXC_MAP) == 0:
            HTTPCORE_EXC_MAP = _load_httpcore_exceptions()
        try:
            yield
        except Exception as exc:
            mapped_exc = None
    
            for from_exc, to_exc in HTTPCORE_EXC_MAP.items():
                if not isinstance(exc, from_exc):
                    continue
                # We want to map to the most specific exception we can find.
                # Eg if `exc` is an `httpcore.ReadTimeout`, we want to map to
                # `httpx.ReadTimeout`, not just `httpx.TimeoutException`.
                if mapped_exc is None or issubclass(to_exc, mapped_exc):
                    mapped_exc = to_exc
    
            if mapped_exc is None:  # pragma: no cover
                raise
    
            message = str(exc)
>           raise mapped_exc(message) from exc
E           httpx.ConnectError: [WinError 10061] No connection could be made because the target machine actively refused it

..\..\dark-factory-wearedevs\.venv\Lib\site-packages\httpx\_transports\default.py:118: ConnectError
____________________________ test_no_token_is_401 _____________________________

    @contextlib.contextmanager
    def map_httpcore_exceptions() -> typing.Iterator[None]:
        global HTTPCORE_EXC_MAP
        if len(HTTPCORE_EXC_MAP) == 0:
            HTTPCORE_EXC_MAP = _load_httpcore_exceptions()
        try:
>           yield

..\..\dark-factory-wearedevs\.venv\Lib\site-packages\httpx\_transports\default.py:101: 
_ _ _ _ _ _ _ _ _ _ _ _ _ _ _ _ _ _ _ _ _ _ _ _ _ _ _ _ _ _ _ _ _ _ _ _ _ _ _ _
..\..\dark-factory-wearedevs\.venv\Lib\site-packages\httpx\_transports\default.py:250: in handle_request
    resp = self._pool.handle_request(req)
           ^^^^^^^^^^^^^^^^^^^^^^^^^^^^^^
..\..\dark-factory-wearedevs\.venv\Lib\site-packages\httpcore\_sync\connection_pool.py:256: in handle_request
    raise exc from None
..\..\dark-factory-wearedevs\.venv\Lib\site-packages\httpcore\_sync\connection_pool.py:236: in handle_request
    response = connection.handle_request(
..\..\dark-factory-wearedevs\.venv\Lib\site-packages\httpcore\_sync\connection.py:101: in handle_request
    raise exc
..\..\dark-factory-wearedevs\.venv\Lib\site-packages\httpcore\_sync\connection.py:78: in handle_request
    stream = self._connect(request)
             ^^^^^^^^^^^^^^^^^^^^^^
..\..\dark-factory-wearedevs\.venv\Lib\site-packages\httpcore\_sync\connection.py:124: in _connect
    stream = self._network_backend.connect_tcp(**kwargs)
             ^^^^^^^^^^^^^^^^^^^^^^^^^^^^^^^^^^^^^^^^^^^
..\..\dark-factory-wearedevs\.venv\Lib\site-packages\httpcore\_backends\sync.py:207: in connect_tcp
    with map_exceptions(exc_map):
         ^^^^^^^^^^^^^^^^^^^^^^^
..\..\..\..\AppData\Local\Programs\Python\Python312\Lib\contextlib.py:158: in __exit__
    self.gen.throw(value)
_ _ _ _ _ _ _ _ _ _ _ _ _ _ _ _ _ _ _ _ _ _ _ _ _ _ _ _ _ _ _ _ _ _ _ _ _ _ _ _

map = {<class 'TimeoutError'>: <class 'httpcore.ConnectTimeout'>, <class 'OSError'>: <class 'httpcore.ConnectError'>}

    @contextlib.contextmanager
    def map_exceptions(map: ExceptionMapping) -> typing.Iterator[None]:
        try:
            yield
        except Exception as exc:  # noqa: PIE786
            for from_exc, to_exc in map.items():
                if isinstance(exc, from_exc):
>                   raise to_exc(exc) from exc
E                   httpcore.ConnectError: [WinError 10061] No connection could be made because the target machine actively refused it

..\..\dark-factory-wearedevs\.venv\Lib\site-packages\httpcore\_exceptions.py:14: ConnectError

The above exception was the direct cause of the following exception:

boot = <function boot.<locals>._boot at 0x0000018C8CC5CFE0>

    def test_no_token_is_401(boot):
>       w = _op_world(boot, [user("ada", 100), user("bob", 0), user("op", 100, uid="u_op")])
            ^^^^^^^^^^^^^^^^^^^^^^^^^^^^^^^^^^^^^^^^^^^^^^^^^^^^^^^^^^^^^^^^^^^^^^^^^^^^^^^^

..\..\..\..\AppData\Local\Temp\umbra-1125eee4-y5y41wjt\repo\attacks\stage-1\test_settlement.py:24: 
_ _ _ _ _ _ _ _ _ _ _ _ _ _ _ _ _ _ _ _ _ _ _ _ _ _ _ _ _ _ _ _ _ _ _ _ _ _ _ _
..\..\..\..\AppData\Local\Temp\umbra-1125eee4-y5y41wjt\repo\attacks\stage-1\test_settlement.py:20: in _op_world
    return boot(fixture(users=users, operators=list(operators)), handles=handles)
           ^^^^^^^^^^^^^^^^^^^^^^^^^^^^^^^^^^^^^^^^^^^^^^^^^^^^^^^^^^^^^^^^^^^^^^
C:\Users\HARIHA~1\AppData\Local\Temp\umbra-1125eee4-y5y41wjt\repo\attacks\stage-1\conftest.py:75: in _boot
    resp = reset(body)
           ^^^^^^^^^^^
C:\Users\HARIHA~1\AppData\Local\Temp\umbra-1125eee4-y5y41wjt\repo\attacks\stage-1\conftest.py:39: in _reset
    resp = do_reset(body, expect=expect)
           ^^^^^^^^^^^^^^^^^^^^^^^^^^^^^
..\..\..\..\AppData\Local\Temp\umbra-1125eee4-y5y41wjt\repo\attacks\stage-1\attacklib.py:171: in do_reset
    return c.post("/_test/reset", json=body, timeout=RESET_TIMEOUT, token=None)
           ^^^^^^^^^^^^^^^^^^^^^^^^^^^^^^^^^^^^^^^^^^^^^^^^^^^^^^^^^^^^^^^^^^^^
..\..\..\..\AppData\Local\Temp\umbra-1125eee4-y5y41wjt\repo\attacks\stage-1\attacklib.py:56: in post
    return self.request("POST", path, **kw)
           ^^^^^^^^^^^^^^^^^^^^^^^^^^^^^^^^
..\..\..\..\AppData\Local\Temp\umbra-1125eee4-y5y41wjt\repo\attacks\stage-1\attacklib.py:50: in request
    return self._c.request(method, path, **kwargs)
           ^^^^^^^^^^^^^^^^^^^^^^^^^^^^^^^^^^^^^^^
..\..\dark-factory-wearedevs\.venv\Lib\site-packages\httpx\_client.py:825: in request
    return self.send(request, auth=auth, follow_redirects=follow_redirects)
           ^^^^^^^^^^^^^^^^^^^^^^^^^^^^^^^^^^^^^^^^^^^^^^^^^^^^^^^^^^^^^^^^
..\..\dark-factory-wearedevs\.venv\Lib\site-packages\httpx\_client.py:914: in send
    response = self._send_handling_auth(
..\..\dark-factory-wearedevs\.venv\Lib\site-packages\httpx\_client.py:942: in _send_handling_auth
    response = self._send_handling_redirects(
..\..\dark-factory-wearedevs\.venv\Lib\site-packages\httpx\_client.py:979: in _send_handling_redirects
    response = self._send_single_request(request)
               ^^^^^^^^^^^^^^^^^^^^^^^^^^^^^^^^^^
..\..\dark-factory-wearedevs\.venv\Lib\site-packages\httpx\_client.py:1014: in _send_single_request
    response = transport.handle_request(request)
               ^^^^^^^^^^^^^^^^^^^^^^^^^^^^^^^^^
..\..\dark-factory-wearedevs\.venv\Lib\site-packages\httpx\_transports\default.py:249: in handle_request
    with map_httpcore_exceptions():
         ^^^^^^^^^^^^^^^^^^^^^^^^^
..\..\..\..\AppData\Local\Programs\Python\Python312\Lib\contextlib.py:158: in __exit__
    self.gen.throw(value)
_ _ _ _ _ _ _ _ _ _ _ _ _ _ _ _ _ _ _ _ _ _ _ _ _ _ _ _ _ _ _ _ _ _ _ _ _ _ _ _

    @contextlib.contextmanager
    def map_httpcore_exceptions() -> typing.Iterator[None]:
        global HTTPCORE_EXC_MAP
        if len(HTTPCORE_EXC_MAP) == 0:
            HTTPCORE_EXC_MAP = _load_httpcore_exceptions()
        try:
            yield
        except Exception as exc:
            mapped_exc = None
    
            for from_exc, to_exc in HTTPCORE_EXC_MAP.items():
                if not isinstance(exc, from_exc):
                    continue
                # We want to map to the most specific exception we can find.
                # Eg if `exc` is an `httpcore.ReadTimeout`, we want to map to
                # `httpx.ReadTimeout`, not just `httpx.TimeoutException`.
                if mapped_exc is None or issubclass(to_exc, mapped_exc):
                    mapped_exc = to_exc
    
            if mapped_exc is None:  # pragma: no cover
                raise
    
            message = str(exc)
>           raise mapped_exc(message) from exc
E           httpx.ConnectError: [WinError 10061] No connection could be made because the target machine actively refused it

..\..\dark-factory-wearedevs\.venv\Lib\site-packages\httpx\_transports\default.py:118: ConnectError
__________________________ test_non_operator_is_403 ___________________________

    @contextlib.contextmanager
    def map_httpcore_exceptions() -> typing.Iterator[None]:
        global HTTPCORE_EXC_MAP
        if len(HTTPCORE_EXC_MAP) == 0:
            HTTPCORE_EXC_MAP = _load_httpcore_exceptions()
        try:
>           yield

..\..\dark-factory-wearedevs\.venv\Lib\site-packages\httpx\_transports\default.py:101: 
_ _ _ _ _ _ _ _ _ _ _ _ _ _ _ _ _ _ _ _ _ _ _ _ _ _ _ _ _ _ _ _ _ _ _ _ _ _ _ _
..\..\dark-factory-wearedevs\.venv\Lib\site-packages\httpx\_transports\default.py:250: in handle_request
    resp = self._pool.handle_request(req)
           ^^^^^^^^^^^^^^^^^^^^^^^^^^^^^^
..\..\dark-factory-wearedevs\.venv\Lib\site-packages\httpcore\_sync\connection_pool.py:256: in handle_request
    raise exc from None
..\..\dark-factory-wearedevs\.venv\Lib\site-packages\httpcore\_sync\connection_pool.py:236: in handle_request
    response = connection.handle_request(
..\..\dark-factory-wearedevs\.venv\Lib\site-packages\httpcore\_sync\connection.py:101: in handle_request
    raise exc
..\..\dark-factory-wearedevs\.venv\Lib\site-packages\httpcore\_sync\connection.py:78: in handle_request
    stream = self._connect(request)
             ^^^^^^^^^^^^^^^^^^^^^^
..\..\dark-factory-wearedevs\.venv\Lib\site-packages\httpcore\_sync\connection.py:124: in _connect
    stream = self._network_backend.connect_tcp(**kwargs)
             ^^^^^^^^^^^^^^^^^^^^^^^^^^^^^^^^^^^^^^^^^^^
..\..\dark-factory-wearedevs\.venv\Lib\site-packages\httpcore\_backends\sync.py:207: in connect_tcp
    with map_exceptions(exc_map):
         ^^^^^^^^^^^^^^^^^^^^^^^
..\..\..\..\AppData\Local\Programs\Python\Python312\Lib\contextlib.py:158: in __exit__
    self.gen.throw(value)
_ _ _ _ _ _ _ _ _ _ _ _ _ _ _ _ _ _ _ _ _ _ _ _ _ _ _ _ _ _ _ _ _ _ _ _ _ _ _ _

map = {<class 'TimeoutError'>: <class 'httpcore.ConnectTimeout'>, <class 'OSError'>: <class 'httpcore.ConnectError'>}

    @contextlib.contextmanager
    def map_exceptions(map: ExceptionMapping) -> typing.Iterator[None]:
        try:
            yield
        except Exception as exc:  # noqa: PIE786
            for from_exc, to_exc in map.items():
                if isinstance(exc, from_exc):
>                   raise to_exc(exc) from exc
E                   httpcore.ConnectError: [WinError 10061] No connection could be made because the target machine actively refused it

..\..\dark-factory-wearedevs\.venv\Lib\site-packages\httpcore\_exceptions.py:14: ConnectError

The above exception was the direct cause of the following exception:

boot = <function boot.<locals>._boot at 0x0000018C8CC5DD00>

    def test_non_operator_is_403(boot):
>       w = _op_world(boot, [user("ada", 100), user("bob", 0), user("op", 100, uid="u_op")])
            ^^^^^^^^^^^^^^^^^^^^^^^^^^^^^^^^^^^^^^^^^^^^^^^^^^^^^^^^^^^^^^^^^^^^^^^^^^^^^^^^

..\..\..\..\AppData\Local\Temp\umbra-1125eee4-y5y41wjt\repo\attacks\stage-1\test_settlement.py:33: 
_ _ _ _ _ _ _ _ _ _ _ _ _ _ _ _ _ _ _ _ _ _ _ _ _ _ _ _ _ _ _ _ _ _ _ _ _ _ _ _
..\..\..\..\AppData\Local\Temp\umbra-1125eee4-y5y41wjt\repo\attacks\stage-1\test_settlement.py:20: in _op_world
    return boot(fixture(users=users, operators=list(operators)), handles=handles)
           ^^^^^^^^^^^^^^^^^^^^^^^^^^^^^^^^^^^^^^^^^^^^^^^^^^^^^^^^^^^^^^^^^^^^^^
C:\Users\HARIHA~1\AppData\Local\Temp\umbra-1125eee4-y5y41wjt\repo\attacks\stage-1\conftest.py:75: in _boot
    resp = reset(body)
           ^^^^^^^^^^^
C:\Users\HARIHA~1\AppData\Local\Temp\umbra-1125eee4-y5y41wjt\repo\attacks\stage-1\conftest.py:39: in _reset
    resp = do_reset(body, expect=expect)
           ^^^^^^^^^^^^^^^^^^^^^^^^^^^^^
..\..\..\..\AppData\Local\Temp\umbra-1125eee4-y5y41wjt\repo\attacks\stage-1\attacklib.py:171: in do_reset
    return c.post("/_test/reset", json=body, timeout=RESET_TIMEOUT, token=None)
           ^^^^^^^^^^^^^^^^^^^^^^^^^^^^^^^^^^^^^^^^^^^^^^^^^^^^^^^^^^^^^^^^^^^^
..\..\..\..\AppData\Local\Temp\umbra-1125eee4-y5y41wjt\repo\attacks\stage-1\attacklib.py:56: in post
    return self.request("POST", path, **kw)
           ^^^^^^^^^^^^^^^^^^^^^^^^^^^^^^^^
..\..\..\..\AppData\Local\Temp\umbra-1125eee4-y5y41wjt\repo\attacks\stage-1\attacklib.py:50: in request
    return self._c.request(method, path, **kwargs)
           ^^^^^^^^^^^^^^^^^^^^^^^^^^^^^^^^^^^^^^^
..\..\dark-factory-wearedevs\.venv\Lib\site-packages\httpx\_client.py:825: in request
    return self.send(request, auth=auth, follow_redirects=follow_redirects)
           ^^^^^^^^^^^^^^^^^^^^^^^^^^^^^^^^^^^^^^^^^^^^^^^^^^^^^^^^^^^^^^^^
..\..\dark-factory-wearedevs\.venv\Lib\site-packages\httpx\_client.py:914: in send
    response = self._send_handling_auth(
..\..\dark-factory-wearedevs\.venv\Lib\site-packages\httpx\_client.py:942: in _send_handling_auth
    response = self._send_handling_redirects(
..\..\dark-factory-wearedevs\.venv\Lib\site-packages\httpx\_client.py:979: in _send_handling_redirects
    response = self._send_single_request(request)
               ^^^^^^^^^^^^^^^^^^^^^^^^^^^^^^^^^^
..\..\dark-factory-wearedevs\.venv\Lib\site-packages\httpx\_client.py:1014: in _send_single_request
    response = transport.handle_request(request)
               ^^^^^^^^^^^^^^^^^^^^^^^^^^^^^^^^^
..\..\dark-factory-wearedevs\.venv\Lib\site-packages\httpx\_transports\default.py:249: in handle_request
    with map_httpcore_exceptions():
         ^^^^^^^^^^^^^^^^^^^^^^^^^
..\..\..\..\AppData\Local\Programs\Python\Python312\Lib\contextlib.py:158: in __exit__
    self.gen.throw(value)
_ _ _ _ _ _ _ _ _ _ _ _ _ _ _ _ _ _ _ _ _ _ _ _ _ _ _ _ _ _ _ _ _ _ _ _ _ _ _ _

    @contextlib.contextmanager
    def map_httpcore_exceptions() -> typing.Iterator[None]:
        global HTTPCORE_EXC_MAP
        if len(HTTPCORE_EXC_MAP) == 0:
            HTTPCORE_EXC_MAP = _load_httpcore_exceptions()
        try:
            yield
        except Exception as exc:
            mapped_exc = None
    
            for from_exc, to_exc in HTTPCORE_EXC_MAP.items():
                if not isinstance(exc, from_exc):
                    continue
                # We want to map to the most specific exception we can find.
                # Eg if `exc` is an `httpcore.ReadTimeout`, we want to map to
                # `httpx.ReadTimeout`, not just `httpx.TimeoutException`.
                if mapped_exc is None or issubclass(to_exc, mapped_exc):
                    mapped_exc = to_exc
    
            if mapped_exc is None:  # pragma: no cover
                raise
    
            message = str(exc)
>           raise mapped_exc(message) from exc
E           httpx.ConnectError: [WinError 10061] No connection could be made because the target machine actively refused it

..\..\dark-factory-wearedevs\.venv\Lib\site-packages\httpx\_transports\default.py:118: ConnectError
________ test_collective_net_zero_batch_commits_even_with_zero_wallets ________

    @contextlib.contextmanager
    def map_httpcore_exceptions() -> typing.Iterator[None]:
        global HTTPCORE_EXC_MAP
        if len(HTTPCORE_EXC_MAP) == 0:
            HTTPCORE_EXC_MAP = _load_httpcore_exceptions()
        try:
>           yield

..\..\dark-factory-wearedevs\.venv\Lib\site-packages\httpx\_transports\default.py:101: 
_ _ _ _ _ _ _ _ _ _ _ _ _ _ _ _ _ _ _ _ _ _ _ _ _ _ _ _ _ _ _ _ _ _ _ _ _ _ _ _
..\..\dark-factory-wearedevs\.venv\Lib\site-packages\httpx\_transports\default.py:250: in handle_request
    resp = self._pool.handle_request(req)
           ^^^^^^^^^^^^^^^^^^^^^^^^^^^^^^
..\..\dark-factory-wearedevs\.venv\Lib\site-packages\httpcore\_sync\connection_pool.py:256: in handle_request
    raise exc from None
..\..\dark-factory-wearedevs\.venv\Lib\site-packages\httpcore\_sync\connection_pool.py:236: in handle_request
    response = connection.handle_request(
..\..\dark-factory-wearedevs\.venv\Lib\site-packages\httpcore\_sync\connection.py:101: in handle_request
    raise exc
..\..\dark-factory-wearedevs\.venv\Lib\site-packages\httpcore\_sync\connection.py:78: in handle_request
    stream = self._connect(request)
             ^^^^^^^^^^^^^^^^^^^^^^
..\..\dark-factory-wearedevs\.venv\Lib\site-packages\httpcore\_sync\connection.py:124: in _connect
    stream = self._network_backend.connect_tcp(**kwargs)
             ^^^^^^^^^^^^^^^^^^^^^^^^^^^^^^^^^^^^^^^^^^^
..\..\dark-factory-wearedevs\.venv\Lib\site-packages\httpcore\_backends\sync.py:207: in connect_tcp
    with map_exceptions(exc_map):
         ^^^^^^^^^^^^^^^^^^^^^^^
..\..\..\..\AppData\Local\Programs\Python\Python312\Lib\contextlib.py:158: in __exit__
    self.gen.throw(value)
_ _ _ _ _ _ _ _ _ _ _ _ _ _ _ _ _ _ _ _ _ _ _ _ _ _ _ _ _ _ _ _ _ _ _ _ _ _ _ _

map = {<class 'TimeoutError'>: <class 'httpcore.ConnectTimeout'>, <class 'OSError'>: <class 'httpcore.ConnectError'>}

    @contextlib.contextmanager
    def map_exceptions(map: ExceptionMapping) -> typing.Iterator[None]:
        try:
            yield
        except Exception as exc:  # noqa: PIE786
            for from_exc, to_exc in map.items():
                if isinstance(exc, from_exc):
>                   raise to_exc(exc) from exc
E                   httpcore.ConnectError: [WinError 10061] No connection could be made because the target machine actively refused it

..\..\dark-factory-wearedevs\.venv\Lib\site-packages\httpcore\_exceptions.py:14: ConnectError

The above exception was the direct cause of the following exception:

boot = <function boot.<locals>._boot at 0x0000018C8A90C860>

    def test_collective_net_zero_batch_commits_even_with_zero_wallets(boot):
        """ada=0 and bob=0, but ada->bob 100 and bob->ada 100 nets to zero: it is affordable."""
>       w = _op_world(boot, [user("ada", 0), user("bob", 0), user("op", 0, uid="u_op")])
            ^^^^^^^^^^^^^^^^^^^^^^^^^^^^^^^^^^^^^^^^^^^^^^^^^^^^^^^^^^^^^^^^^^^^^^^^^^^^

..\..\..\..\AppData\Local\Temp\umbra-1125eee4-y5y41wjt\repo\attacks\stage-1\test_settlement.py:40: 
_ _ _ _ _ _ _ _ _ _ _ _ _ _ _ _ _ _ _ _ _ _ _ _ _ _ _ _ _ _ _ _ _ _ _ _ _ _ _ _
..\..\..\..\AppData\Local\Temp\umbra-1125eee4-y5y41wjt\repo\attacks\stage-1\test_settlement.py:20: in _op_world
    return boot(fixture(users=users, operators=list(operators)), handles=handles)
           ^^^^^^^^^^^^^^^^^^^^^^^^^^^^^^^^^^^^^^^^^^^^^^^^^^^^^^^^^^^^^^^^^^^^^^
C:\Users\HARIHA~1\AppData\Local\Temp\umbra-1125eee4-y5y41wjt\repo\attacks\stage-1\conftest.py:75: in _boot
    resp = reset(body)
           ^^^^^^^^^^^
C:\Users\HARIHA~1\AppData\Local\Temp\umbra-1125eee4-y5y41wjt\repo\attacks\stage-1\conftest.py:39: in _reset
    resp = do_reset(body, expect=expect)
           ^^^^^^^^^^^^^^^^^^^^^^^^^^^^^
..\..\..\..\AppData\Local\Temp\umbra-1125eee4-y5y41wjt\repo\attacks\stage-1\attacklib.py:171: in do_reset
    return c.post("/_test/reset", json=body, timeout=RESET_TIMEOUT, token=None)
           ^^^^^^^^^^^^^^^^^^^^^^^^^^^^^^^^^^^^^^^^^^^^^^^^^^^^^^^^^^^^^^^^^^^^
..\..\..\..\AppData\Local\Temp\umbra-1125eee4-y5y41wjt\repo\attacks\stage-1\attacklib.py:56: in post
    return self.request("POST", path, **kw)
           ^^^^^^^^^^^^^^^^^^^^^^^^^^^^^^^^
..\..\..\..\AppData\Local\Temp\umbra-1125eee4-y5y41wjt\repo\attacks\stage-1\attacklib.py:50: in request
    return self._c.request(method, path, **kwargs)
           ^^^^^^^^^^^^^^^^^^^^^^^^^^^^^^^^^^^^^^^
..\..\dark-factory-wearedevs\.venv\Lib\site-packages\httpx\_client.py:825: in request
    return self.send(request, auth=auth, follow_redirects=follow_redirects)
           ^^^^^^^^^^^^^^^^^^^^^^^^^^^^^^^^^^^^^^^^^^^^^^^^^^^^^^^^^^^^^^^^
..\..\dark-factory-wearedevs\.venv\Lib\site-packages\httpx\_client.py:914: in send
    response = self._send_handling_auth(
..\..\dark-factory-wearedevs\.venv\Lib\site-packages\httpx\_client.py:942: in _send_handling_auth
    response = self._send_handling_redirects(
..\..\dark-factory-wearedevs\.venv\Lib\site-packages\httpx\_client.py:979: in _send_handling_redirects
    response = self._send_single_request(request)
               ^^^^^^^^^^^^^^^^^^^^^^^^^^^^^^^^^^
..\..\dark-factory-wearedevs\.venv\Lib\site-packages\httpx\_client.py:1014: in _send_single_request
    response = transport.handle_request(request)
               ^^^^^^^^^^^^^^^^^^^^^^^^^^^^^^^^^
..\..\dark-factory-wearedevs\.venv\Lib\site-packages\httpx\_transports\default.py:249: in handle_request
    with map_httpcore_exceptions():
         ^^^^^^^^^^^^^^^^^^^^^^^^^
..\..\..\..\AppData\Local\Programs\Python\Python312\Lib\contextlib.py:158: in __exit__
    self.gen.throw(value)
_ _ _ _ _ _ _ _ _ _ _ _ _ _ _ _ _ _ _ _ _ _ _ _ _ _ _ _ _ _ _ _ _ _ _ _ _ _ _ _

    @contextlib.contextmanager
    def map_httpcore_exceptions() -> typing.Iterator[None]:
        global HTTPCORE_EXC_MAP
        if len(HTTPCORE_EXC_MAP) == 0:
            HTTPCORE_EXC_MAP = _load_httpcore_exceptions()
        try:
            yield
        except Exception as exc:
            mapped_exc = None
    
            for from_exc, to_exc in HTTPCORE_EXC_MAP.items():
                if not isinstance(exc, from_exc):
                    continue
                # We want to map to the most specific exception we can find.
                # Eg if `exc` is an `httpcore.ReadTimeout`, we want to map to
                # `httpx.ReadTimeout`, not just `httpx.TimeoutException`.
                if mapped_exc is None or issubclass(to_exc, mapped_exc):
                    mapped_exc = to_exc
    
            if mapped_exc is None:  # pragma: no cover
                raise
    
            message = str(exc)
>           raise mapped_exc(message) from exc
E           httpx.ConnectError: [WinError 10061] No connection could be made because the target machine actively refused it

..\..\dark-factory-wearedevs\.venv\Lib\site-packages\httpx\_transports\default.py:118: ConnectError
____________ test_collective_insufficient_funds_is_409_and_atomic _____________

    @contextlib.contextmanager
    def map_httpcore_exceptions() -> typing.Iterator[None]:
        global HTTPCORE_EXC_MAP
        if len(HTTPCORE_EXC_MAP) == 0:
            HTTPCORE_EXC_MAP = _load_httpcore_exceptions()
        try:
>           yield

..\..\dark-factory-wearedevs\.venv\Lib\site-packages\httpx\_transports\default.py:101: 
_ _ _ _ _ _ _ _ _ _ _ _ _ _ _ _ _ _ _ _ _ _ _ _ _ _ _ _ _ _ _ _ _ _ _ _ _ _ _ _
..\..\dark-factory-wearedevs\.venv\Lib\site-packages\httpx\_transports\default.py:250: in handle_request
    resp = self._pool.handle_request(req)
           ^^^^^^^^^^^^^^^^^^^^^^^^^^^^^^
..\..\dark-factory-wearedevs\.venv\Lib\site-packages\httpcore\_sync\connection_pool.py:256: in handle_request
    raise exc from None
..\..\dark-factory-wearedevs\.venv\Lib\site-packages\httpcore\_sync\connection_pool.py:236: in handle_request
    response = connection.handle_request(
..\..\dark-factory-wearedevs\.venv\Lib\site-packages\httpcore\_sync\connection.py:101: in handle_request
    raise exc
..\..\dark-factory-wearedevs\.venv\Lib\site-packages\httpcore\_sync\connection.py:78: in handle_request
    stream = self._connect(request)
             ^^^^^^^^^^^^^^^^^^^^^^
..\..\dark-factory-wearedevs\.venv\Lib\site-packages\httpcore\_sync\connection.py:124: in _connect
    stream = self._network_backend.connect_tcp(**kwargs)
             ^^^^^^^^^^^^^^^^^^^^^^^^^^^^^^^^^^^^^^^^^^^
..\..\dark-factory-wearedevs\.venv\Lib\site-packages\httpcore\_backends\sync.py:207: in connect_tcp
    with map_exceptions(exc_map):
         ^^^^^^^^^^^^^^^^^^^^^^^
..\..\..\..\AppData\Local\Programs\Python\Python312\Lib\contextlib.py:158: in __exit__
    self.gen.throw(value)
_ _ _ _ _ _ _ _ _ _ _ _ _ _ _ _ _ _ _ _ _ _ _ _ _ _ _ _ _ _ _ _ _ _ _ _ _ _ _ _

map = {<class 'TimeoutError'>: <class 'httpcore.ConnectTimeout'>, <class 'OSError'>: <class 'httpcore.ConnectError'>}

    @contextlib.contextmanager
    def map_exceptions(map: ExceptionMapping) -> typing.Iterator[None]:
        try:
            yield
        except Exception as exc:  # noqa: PIE786
            for from_exc, to_exc in map.items():
                if isinstance(exc, from_exc):
>                   raise to_exc(exc) from exc
E                   httpcore.ConnectError: [WinError 10061] No connection could be made because the target machine actively refused it

..\..\dark-factory-wearedevs\.venv\Lib\site-packages\httpcore\_exceptions.py:14: ConnectError

The above exception was the direct cause of the following exception:

boot = <function boot.<locals>._boot at 0x0000018C8A90FBA0>

    def test_collective_insufficient_funds_is_409_and_atomic(boot):
>       w = _op_world(boot, [user("ada", 0), user("bob", 0), user("op", 0, uid="u_op")])
            ^^^^^^^^^^^^^^^^^^^^^^^^^^^^^^^^^^^^^^^^^^^^^^^^^^^^^^^^^^^^^^^^^^^^^^^^^^^^

..\..\..\..\AppData\Local\Temp\umbra-1125eee4-y5y41wjt\repo\attacks\stage-1\test_settlement.py:50: 
_ _ _ _ _ _ _ _ _ _ _ _ _ _ _ _ _ _ _ _ _ _ _ _ _ _ _ _ _ _ _ _ _ _ _ _ _ _ _ _
..\..\..\..\AppData\Local\Temp\umbra-1125eee4-y5y41wjt\repo\attacks\stage-1\test_settlement.py:20: in _op_world
    return boot(fixture(users=users, operators=list(operators)), handles=handles)
           ^^^^^^^^^^^^^^^^^^^^^^^^^^^^^^^^^^^^^^^^^^^^^^^^^^^^^^^^^^^^^^^^^^^^^^
C:\Users\HARIHA~1\AppData\Local\Temp\umbra-1125eee4-y5y41wjt\repo\attacks\stage-1\conftest.py:75: in _boot
    resp = reset(body)
           ^^^^^^^^^^^
C:\Users\HARIHA~1\AppData\Local\Temp\umbra-1125eee4-y5y41wjt\repo\attacks\stage-1\conftest.py:39: in _reset
    resp = do_reset(body, expect=expect)
           ^^^^^^^^^^^^^^^^^^^^^^^^^^^^^
..\..\..\..\AppData\Local\Temp\umbra-1125eee4-y5y41wjt\repo\attacks\stage-1\attacklib.py:171: in do_reset
    return c.post("/_test/reset", json=body, timeout=RESET_TIMEOUT, token=None)
           ^^^^^^^^^^^^^^^^^^^^^^^^^^^^^^^^^^^^^^^^^^^^^^^^^^^^^^^^^^^^^^^^^^^^
..\..\..\..\AppData\Local\Temp\umbra-1125eee4-y5y41wjt\repo\attacks\stage-1\attacklib.py:56: in post
    return self.request("POST", path, **kw)
           ^^^^^^^^^^^^^^^^^^^^^^^^^^^^^^^^
..\..\..\..\AppData\Local\Temp\umbra-1125eee4-y5y41wjt\repo\attacks\stage-1\attacklib.py:50: in request
    return self._c.request(method, path, **kwargs)
           ^^^^^^^^^^^^^^^^^^^^^^^^^^^^^^^^^^^^^^^
..\..\dark-factory-wearedevs\.venv\Lib\site-packages\httpx\_client.py:825: in request
    return self.send(request, auth=auth, follow_redirects=follow_redirects)
           ^^^^^^^^^^^^^^^^^^^^^^^^^^^^^^^^^^^^^^^^^^^^^^^^^^^^^^^^^^^^^^^^
..\..\dark-factory-wearedevs\.venv\Lib\site-packages\httpx\_client.py:914: in send
    response = self._send_handling_auth(
..\..\dark-factory-wearedevs\.venv\Lib\site-packages\httpx\_client.py:942: in _send_handling_auth
    response = self._send_handling_redirects(
..\..\dark-factory-wearedevs\.venv\Lib\site-packages\httpx\_client.py:979: in _send_handling_redirects
    response = self._send_single_request(request)
               ^^^^^^^^^^^^^^^^^^^^^^^^^^^^^^^^^^
..\..\dark-factory-wearedevs\.venv\Lib\site-packages\httpx\_client.py:1014: in _send_single_request
    response = transport.handle_request(request)
               ^^^^^^^^^^^^^^^^^^^^^^^^^^^^^^^^^
..\..\dark-factory-wearedevs\.venv\Lib\site-packages\httpx\_transports\default.py:249: in handle_request
    with map_httpcore_exceptions():
         ^^^^^^^^^^^^^^^^^^^^^^^^^
..\..\..\..\AppData\Local\Programs\Python\Python312\Lib\contextlib.py:158: in __exit__
    self.gen.throw(value)
_ _ _ _ _ _ _ _ _ _ _ _ _ _ _ _ _ _ _ _ _ _ _ _ _ _ _ _ _ _ _ _ _ _ _ _ _ _ _ _

    @contextlib.contextmanager
    def map_httpcore_exceptions() -> typing.Iterator[None]:
        global HTTPCORE_EXC_MAP
        if len(HTTPCORE_EXC_MAP) == 0:
            HTTPCORE_EXC_MAP = _load_httpcore_exceptions()
        try:
            yield
        except Exception as exc:
            mapped_exc = None
    
            for from_exc, to_exc in HTTPCORE_EXC_MAP.items():
                if not isinstance(exc, from_exc):
                    continue
                # We want to map to the most specific exception we can find.
                # Eg if `exc` is an `httpcore.ReadTimeout`, we want to map to
                # `httpx.ReadTimeout`, not just `httpx.TimeoutException`.
                if mapped_exc is None or issubclass(to_exc, mapped_exc):
                    mapped_exc = to_exc
    
            if mapped_exc is None:  # pragma: no cover
                raise
    
            message = str(exc)
>           raise mapped_exc(message) from exc
E           httpx.ConnectError: [WinError 10061] No connection could be made because the target machine actively refused it

..\..\dark-factory-wearedevs\.venv\Lib\site-packages\httpx\_transports\default.py:118: ConnectError
__________________ test_entry_error_beats_insufficient_funds __________________

    @contextlib.contextmanager
    def map_httpcore_exceptions() -> typing.Iterator[None]:
        global HTTPCORE_EXC_MAP
        if len(HTTPCORE_EXC_MAP) == 0:
            HTTPCORE_EXC_MAP = _load_httpcore_exceptions()
        try:
>           yield

..\..\dark-factory-wearedevs\.venv\Lib\site-packages\httpx\_transports\default.py:101: 
_ _ _ _ _ _ _ _ _ _ _ _ _ _ _ _ _ _ _ _ _ _ _ _ _ _ _ _ _ _ _ _ _ _ _ _ _ _ _ _
..\..\dark-factory-wearedevs\.venv\Lib\site-packages\httpx\_transports\default.py:250: in handle_request
    resp = self._pool.handle_request(req)
           ^^^^^^^^^^^^^^^^^^^^^^^^^^^^^^
..\..\dark-factory-wearedevs\.venv\Lib\site-packages\httpcore\_sync\connection_pool.py:256: in handle_request
    raise exc from None
..\..\dark-factory-wearedevs\.venv\Lib\site-packages\httpcore\_sync\connection_pool.py:236: in handle_request
    response = connection.handle_request(
..\..\dark-factory-wearedevs\.venv\Lib\site-packages\httpcore\_sync\connection.py:101: in handle_request
    raise exc
..\..\dark-factory-wearedevs\.venv\Lib\site-packages\httpcore\_sync\connection.py:78: in handle_request
    stream = self._connect(request)
             ^^^^^^^^^^^^^^^^^^^^^^
..\..\dark-factory-wearedevs\.venv\Lib\site-packages\httpcore\_sync\connection.py:124: in _connect
    stream = self._network_backend.connect_tcp(**kwargs)
             ^^^^^^^^^^^^^^^^^^^^^^^^^^^^^^^^^^^^^^^^^^^
..\..\dark-factory-wearedevs\.venv\Lib\site-packages\httpcore\_backends\sync.py:207: in connect_tcp
    with map_exceptions(exc_map):
         ^^^^^^^^^^^^^^^^^^^^^^^
..\..\..\..\AppData\Local\Programs\Python\Python312\Lib\contextlib.py:158: in __exit__
    self.gen.throw(value)
_ _ _ _ _ _ _ _ _ _ _ _ _ _ _ _ _ _ _ _ _ _ _ _ _ _ _ _ _ _ _ _ _ _ _ _ _ _ _ _

map = {<class 'TimeoutError'>: <class 'httpcore.ConnectTimeout'>, <class 'OSError'>: <class 'httpcore.ConnectError'>}

    @contextlib.contextmanager
    def map_exceptions(map: ExceptionMapping) -> typing.Iterator[None]:
        try:
            yield
        except Exception as exc:  # noqa: PIE786
            for from_exc, to_exc in map.items():
                if isinstance(exc, from_exc):
>                   raise to_exc(exc) from exc
E                   httpcore.ConnectError: [WinError 10061] No connection could be made because the target machine actively refused it

..\..\dark-factory-wearedevs\.venv\Lib\site-packages\httpcore\_exceptions.py:14: ConnectError

The above exception was the direct cause of the following exception:

boot = <function boot.<locals>._boot at 0x0000018C8A90FA60>

    def test_entry_error_beats_insufficient_funds(boot):
>       w = _op_world(boot, [user("ada", 0), user("bob", 0), user("op", 0, uid="u_op")])
            ^^^^^^^^^^^^^^^^^^^^^^^^^^^^^^^^^^^^^^^^^^^^^^^^^^^^^^^^^^^^^^^^^^^^^^^^^^^^

..\..\..\..\AppData\Local\Temp\umbra-1125eee4-y5y41wjt\repo\attacks\stage-1\test_settlement.py:59: 
_ _ _ _ _ _ _ _ _ _ _ _ _ _ _ _ _ _ _ _ _ _ _ _ _ _ _ _ _ _ _ _ _ _ _ _ _ _ _ _
..\..\..\..\AppData\Local\Temp\umbra-1125eee4-y5y41wjt\repo\attacks\stage-1\test_settlement.py:20: in _op_world
    return boot(fixture(users=users, operators=list(operators)), handles=handles)
           ^^^^^^^^^^^^^^^^^^^^^^^^^^^^^^^^^^^^^^^^^^^^^^^^^^^^^^^^^^^^^^^^^^^^^^
C:\Users\HARIHA~1\AppData\Local\Temp\umbra-1125eee4-y5y41wjt\repo\attacks\stage-1\conftest.py:75: in _boot
    resp = reset(body)
           ^^^^^^^^^^^
C:\Users\HARIHA~1\AppData\Local\Temp\umbra-1125eee4-y5y41wjt\repo\attacks\stage-1\conftest.py:39: in _reset
    resp = do_reset(body, expect=expect)
           ^^^^^^^^^^^^^^^^^^^^^^^^^^^^^
..\..\..\..\AppData\Local\Temp\umbra-1125eee4-y5y41wjt\repo\attacks\stage-1\attacklib.py:171: in do_reset
    return c.post("/_test/reset", json=body, timeout=RESET_TIMEOUT, token=None)
           ^^^^^^^^^^^^^^^^^^^^^^^^^^^^^^^^^^^^^^^^^^^^^^^^^^^^^^^^^^^^^^^^^^^^
..\..\..\..\AppData\Local\Temp\umbra-1125eee4-y5y41wjt\repo\attacks\stage-1\attacklib.py:56: in post
    return self.request("POST", path, **kw)
           ^^^^^^^^^^^^^^^^^^^^^^^^^^^^^^^^
..\..\..\..\AppData\Local\Temp\umbra-1125eee4-y5y41wjt\repo\attacks\stage-1\attacklib.py:50: in request
    return self._c.request(method, path, **kwargs)
           ^^^^^^^^^^^^^^^^^^^^^^^^^^^^^^^^^^^^^^^
..\..\dark-factory-wearedevs\.venv\Lib\site-packages\httpx\_client.py:825: in request
    return self.send(request, auth=auth, follow_redirects=follow_redirects)
           ^^^^^^^^^^^^^^^^^^^^^^^^^^^^^^^^^^^^^^^^^^^^^^^^^^^^^^^^^^^^^^^^
..\..\dark-factory-wearedevs\.venv\Lib\site-packages\httpx\_client.py:914: in send
    response = self._send_handling_auth(
..\..\dark-factory-wearedevs\.venv\Lib\site-packages\httpx\_client.py:942: in _send_handling_auth
    response = self._send_handling_redirects(
..\..\dark-factory-wearedevs\.venv\Lib\site-packages\httpx\_client.py:979: in _send_handling_redirects
    response = self._send_single_request(request)
               ^^^^^^^^^^^^^^^^^^^^^^^^^^^^^^^^^^
..\..\dark-factory-wearedevs\.venv\Lib\site-packages\httpx\_client.py:1014: in _send_single_request
    response = transport.handle_request(request)
               ^^^^^^^^^^^^^^^^^^^^^^^^^^^^^^^^^
..\..\dark-factory-wearedevs\.venv\Lib\site-packages\httpx\_transports\default.py:249: in handle_request
    with map_httpcore_exceptions():
         ^^^^^^^^^^^^^^^^^^^^^^^^^
..\..\..\..\AppData\Local\Programs\Python\Python312\Lib\contextlib.py:158: in __exit__
    self.gen.throw(value)
_ _ _ _ _ _ _ _ _ _ _ _ _ _ _ _ _ _ _ _ _ _ _ _ _ _ _ _ _ _ _ _ _ _ _ _ _ _ _ _

    @contextlib.contextmanager
    def map_httpcore_exceptions() -> typing.Iterator[None]:
        global HTTPCORE_EXC_MAP
        if len(HTTPCORE_EXC_MAP) == 0:
            HTTPCORE_EXC_MAP = _load_httpcore_exceptions()
        try:
            yield
        except Exception as exc:
            mapped_exc = None
    
            for from_exc, to_exc in HTTPCORE_EXC_MAP.items():
                if not isinstance(exc, from_exc):
                    continue
                # We want to map to the most specific exception we can find.
                # Eg if `exc` is an `httpcore.ReadTimeout`, we want to map to
                # `httpx.ReadTimeout`, not just `httpx.TimeoutException`.
                if mapped_exc is None or issubclass(to_exc, mapped_exc):
                    mapped_exc = to_exc
    
            if mapped_exc is None:  # pragma: no cover
                raise
    
            message = str(exc)
>           raise mapped_exc(message) from exc
E           httpx.ConnectError: [WinError 10061] No connection could be made because the target machine actively refused it

..\..\dark-factory-wearedevs\.venv\Lib\site-packages\httpx\_transports\default.py:118: ConnectError
__________________________ test_self_transfer_is_422 __________________________

    @contextlib.contextmanager
    def map_httpcore_exceptions() -> typing.Iterator[None]:
        global HTTPCORE_EXC_MAP
        if len(HTTPCORE_EXC_MAP) == 0:
            HTTPCORE_EXC_MAP = _load_httpcore_exceptions()
        try:
>           yield

..\..\dark-factory-wearedevs\.venv\Lib\site-packages\httpx\_transports\default.py:101: 
_ _ _ _ _ _ _ _ _ _ _ _ _ _ _ _ _ _ _ _ _ _ _ _ _ _ _ _ _ _ _ _ _ _ _ _ _ _ _ _
..\..\dark-factory-wearedevs\.venv\Lib\site-packages\httpx\_transports\default.py:250: in handle_request
    resp = self._pool.handle_request(req)
           ^^^^^^^^^^^^^^^^^^^^^^^^^^^^^^
..\..\dark-factory-wearedevs\.venv\Lib\site-packages\httpcore\_sync\connection_pool.py:256: in handle_request
    raise exc from None
..\..\dark-factory-wearedevs\.venv\Lib\site-packages\httpcore\_sync\connection_pool.py:236: in handle_request
    response = connection.handle_request(
..\..\dark-factory-wearedevs\.venv\Lib\site-packages\httpcore\_sync\connection.py:101: in handle_request
    raise exc
..\..\dark-factory-wearedevs\.venv\Lib\site-packages\httpcore\_sync\connection.py:78: in handle_request
    stream = self._connect(request)
             ^^^^^^^^^^^^^^^^^^^^^^
..\..\dark-factory-wearedevs\.venv\Lib\site-packages\httpcore\_sync\connection.py:124: in _connect
    stream = self._network_backend.connect_tcp(**kwargs)
             ^^^^^^^^^^^^^^^^^^^^^^^^^^^^^^^^^^^^^^^^^^^
..\..\dark-factory-wearedevs\.venv\Lib\site-packages\httpcore\_backends\sync.py:207: in connect_tcp
    with map_exceptions(exc_map):
         ^^^^^^^^^^^^^^^^^^^^^^^
..\..\..\..\AppData\Local\Programs\Python\Python312\Lib\contextlib.py:158: in __exit__
    self.gen.throw(value)
_ _ _ _ _ _ _ _ _ _ _ _ _ _ _ _ _ _ _ _ _ _ _ _ _ _ _ _ _ _ _ _ _ _ _ _ _ _ _ _

map = {<class 'TimeoutError'>: <class 'httpcore.ConnectTimeout'>, <class 'OSError'>: <class 'httpcore.ConnectError'>}

    @contextlib.contextmanager
    def map_exceptions(map: ExceptionMapping) -> typing.Iterator[None]:
        try:
            yield
        except Exception as exc:  # noqa: PIE786
            for from_exc, to_exc in map.items():
                if isinstance(exc, from_exc):
>                   raise to_exc(exc) from exc
E                   httpcore.ConnectError: [WinError 10061] No connection could be made because the target machine actively refused it

..\..\dark-factory-wearedevs\.venv\Lib\site-packages\httpcore\_exceptions.py:14: ConnectError

The above exception was the direct cause of the following exception:

boot = <function boot.<locals>._boot at 0x0000018C8A90EF20>

    def test_self_transfer_is_422(boot):
>       w = _op_world(boot, [user("ada", 100), user("bob", 0), user("op", 0, uid="u_op")])
            ^^^^^^^^^^^^^^^^^^^^^^^^^^^^^^^^^^^^^^^^^^^^^^^^^^^^^^^^^^^^^^^^^^^^^^^^^^^^^^

..\..\..\..\AppData\Local\Temp\umbra-1125eee4-y5y41wjt\repo\attacks\stage-1\test_settlement.py:67: 
_ _ _ _ _ _ _ _ _ _ _ _ _ _ _ _ _ _ _ _ _ _ _ _ _ _ _ _ _ _ _ _ _ _ _ _ _ _ _ _
..\..\..\..\AppData\Local\Temp\umbra-1125eee4-y5y41wjt\repo\attacks\stage-1\test_settlement.py:20: in _op_world
    return boot(fixture(users=users, operators=list(operators)), handles=handles)
           ^^^^^^^^^^^^^^^^^^^^^^^^^^^^^^^^^^^^^^^^^^^^^^^^^^^^^^^^^^^^^^^^^^^^^^
C:\Users\HARIHA~1\AppData\Local\Temp\umbra-1125eee4-y5y41wjt\repo\attacks\stage-1\conftest.py:75: in _boot
    resp = reset(body)
           ^^^^^^^^^^^
C:\Users\HARIHA~1\AppData\Local\Temp\umbra-1125eee4-y5y41wjt\repo\attacks\stage-1\conftest.py:39: in _reset
    resp = do_reset(body, expect=expect)
           ^^^^^^^^^^^^^^^^^^^^^^^^^^^^^
..\..\..\..\AppData\Local\Temp\umbra-1125eee4-y5y41wjt\repo\attacks\stage-1\attacklib.py:171: in do_reset
    return c.post("/_test/reset", json=body, timeout=RESET_TIMEOUT, token=None)
           ^^^^^^^^^^^^^^^^^^^^^^^^^^^^^^^^^^^^^^^^^^^^^^^^^^^^^^^^^^^^^^^^^^^^
..\..\..\..\AppData\Local\Temp\umbra-1125eee4-y5y41wjt\repo\attacks\stage-1\attacklib.py:56: in post
    return self.request("POST", path, **kw)
           ^^^^^^^^^^^^^^^^^^^^^^^^^^^^^^^^
..\..\..\..\AppData\Local\Temp\umbra-1125eee4-y5y41wjt\repo\attacks\stage-1\attacklib.py:50: in request
    return self._c.request(method, path, **kwargs)
           ^^^^^^^^^^^^^^^^^^^^^^^^^^^^^^^^^^^^^^^
..\..\dark-factory-wearedevs\.venv\Lib\site-packages\httpx\_client.py:825: in request
    return self.send(request, auth=auth, follow_redirects=follow_redirects)
           ^^^^^^^^^^^^^^^^^^^^^^^^^^^^^^^^^^^^^^^^^^^^^^^^^^^^^^^^^^^^^^^^
..\..\dark-factory-wearedevs\.venv\Lib\site-packages\httpx\_client.py:914: in send
    response = self._send_handling_auth(
..\..\dark-factory-wearedevs\.venv\Lib\site-packages\httpx\_client.py:942: in _send_handling_auth
    response = self._send_handling_redirects(
..\..\dark-factory-wearedevs\.venv\Lib\site-packages\httpx\_client.py:979: in _send_handling_redirects
    response = self._send_single_request(request)
               ^^^^^^^^^^^^^^^^^^^^^^^^^^^^^^^^^^
..\..\dark-factory-wearedevs\.venv\Lib\site-packages\httpx\_client.py:1014: in _send_single_request
    response = transport.handle_request(request)
               ^^^^^^^^^^^^^^^^^^^^^^^^^^^^^^^^^
..\..\dark-factory-wearedevs\.venv\Lib\site-packages\httpx\_transports\default.py:249: in handle_request
    with map_httpcore_exceptions():
         ^^^^^^^^^^^^^^^^^^^^^^^^^
..\..\..\..\AppData\Local\Programs\Python\Python312\Lib\contextlib.py:158: in __exit__
    self.gen.throw(value)
_ _ _ _ _ _ _ _ _ _ _ _ _ _ _ _ _ _ _ _ _ _ _ _ _ _ _ _ _ _ _ _ _ _ _ _ _ _ _ _

    @contextlib.contextmanager
    def map_httpcore_exceptions() -> typing.Iterator[None]:
        global HTTPCORE_EXC_MAP
        if len(HTTPCORE_EXC_MAP) == 0:
            HTTPCORE_EXC_MAP = _load_httpcore_exceptions()
        try:
            yield
        except Exception as exc:
            mapped_exc = None
    
            for from_exc, to_exc in HTTPCORE_EXC_MAP.items():
                if not isinstance(exc, from_exc):
                    continue
                # We want to map to the most specific exception we can find.
                # Eg if `exc` is an `httpcore.ReadTimeout`, we want to map to
                # `httpx.ReadTimeout`, not just `httpx.TimeoutException`.
                if mapped_exc is None or issubclass(to_exc, mapped_exc):
                    mapped_exc = to_exc
    
            if mapped_exc is None:  # pragma: no cover
                raise
    
            message = str(exc)
>           raise mapped_exc(message) from exc
E           httpx.ConnectError: [WinError 10061] No connection could be made because the target machine actively refused it

..\..\dark-factory-wearedevs\.venv\Lib\site-packages\httpx\_transports\default.py:118: ConnectError
_________________________ test_batch_size_boundaries __________________________

    @contextlib.contextmanager
    def map_httpcore_exceptions() -> typing.Iterator[None]:
        global HTTPCORE_EXC_MAP
        if len(HTTPCORE_EXC_MAP) == 0:
            HTTPCORE_EXC_MAP = _load_httpcore_exceptions()
        try:
>           yield

..\..\dark-factory-wearedevs\.venv\Lib\site-packages\httpx\_transports\default.py:101: 
_ _ _ _ _ _ _ _ _ _ _ _ _ _ _ _ _ _ _ _ _ _ _ _ _ _ _ _ _ _ _ _ _ _ _ _ _ _ _ _
..\..\dark-factory-wearedevs\.venv\Lib\site-packages\httpx\_transports\default.py:250: in handle_request
    resp = self._pool.handle_request(req)
           ^^^^^^^^^^^^^^^^^^^^^^^^^^^^^^
..\..\dark-factory-wearedevs\.venv\Lib\site-packages\httpcore\_sync\connection_pool.py:256: in handle_request
    raise exc from None
..\..\dark-factory-wearedevs\.venv\Lib\site-packages\httpcore\_sync\connection_pool.py:236: in handle_request
    response = connection.handle_request(
..\..\dark-factory-wearedevs\.venv\Lib\site-packages\httpcore\_sync\connection.py:101: in handle_request
    raise exc
..\..\dark-factory-wearedevs\.venv\Lib\site-packages\httpcore\_sync\connection.py:78: in handle_request
    stream = self._connect(request)
             ^^^^^^^^^^^^^^^^^^^^^^
..\..\dark-factory-wearedevs\.venv\Lib\site-packages\httpcore\_sync\connection.py:124: in _connect
    stream = self._network_backend.connect_tcp(**kwargs)
             ^^^^^^^^^^^^^^^^^^^^^^^^^^^^^^^^^^^^^^^^^^^
..\..\dark-factory-wearedevs\.venv\Lib\site-packages\httpcore\_backends\sync.py:207: in connect_tcp
    with map_exceptions(exc_map):
         ^^^^^^^^^^^^^^^^^^^^^^^
..\..\..\..\AppData\Local\Programs\Python\Python312\Lib\contextlib.py:158: in __exit__
    self.gen.throw(value)
_ _ _ _ _ _ _ _ _ _ _ _ _ _ _ _ _ _ _ _ _ _ _ _ _ _ _ _ _ _ _ _ _ _ _ _ _ _ _ _

map = {<class 'TimeoutError'>: <class 'httpcore.ConnectTimeout'>, <class 'OSError'>: <class 'httpcore.ConnectError'>}

    @contextlib.contextmanager
    def map_exceptions(map: ExceptionMapping) -> typing.Iterator[None]:
        try:
            yield
        except Exception as exc:  # noqa: PIE786
            for from_exc, to_exc in map.items():
                if isinstance(exc, from_exc):
>                   raise to_exc(exc) from exc
E                   httpcore.ConnectError: [WinError 10061] No connection could be made because the target machine actively refused it

..\..\dark-factory-wearedevs\.venv\Lib\site-packages\httpcore\_exceptions.py:14: ConnectError

The above exception was the direct cause of the following exception:

boot = <function boot.<locals>._boot at 0x0000018C8A90D800>

    def test_batch_size_boundaries(boot):
        users = [user("op", 10_000, uid="u_op")] + [user(f"r{i}", 0) for i in range(33)]
        handles = ("op",) + tuple(f"r{i}" for i in range(33))
>       w = _op_world(boot, users, handles=handles)
            ^^^^^^^^^^^^^^^^^^^^^^^^^^^^^^^^^^^^^^^

..\..\..\..\AppData\Local\Temp\umbra-1125eee4-y5y41wjt\repo\attacks\stage-1\test_settlement.py:75: 
_ _ _ _ _ _ _ _ _ _ _ _ _ _ _ _ _ _ _ _ _ _ _ _ _ _ _ _ _ _ _ _ _ _ _ _ _ _ _ _
..\..\..\..\AppData\Local\Temp\umbra-1125eee4-y5y41wjt\repo\attacks\stage-1\test_settlement.py:20: in _op_world
    return boot(fixture(users=users, operators=list(operators)), handles=handles)
           ^^^^^^^^^^^^^^^^^^^^^^^^^^^^^^^^^^^^^^^^^^^^^^^^^^^^^^^^^^^^^^^^^^^^^^
C:\Users\HARIHA~1\AppData\Local\Temp\umbra-1125eee4-y5y41wjt\repo\attacks\stage-1\conftest.py:75: in _boot
    resp = reset(body)
           ^^^^^^^^^^^
C:\Users\HARIHA~1\AppData\Local\Temp\umbra-1125eee4-y5y41wjt\repo\attacks\stage-1\conftest.py:39: in _reset
    resp = do_reset(body, expect=expect)
           ^^^^^^^^^^^^^^^^^^^^^^^^^^^^^
..\..\..\..\AppData\Local\Temp\umbra-1125eee4-y5y41wjt\repo\attacks\stage-1\attacklib.py:171: in do_reset
    return c.post("/_test/reset", json=body, timeout=RESET_TIMEOUT, token=None)
           ^^^^^^^^^^^^^^^^^^^^^^^^^^^^^^^^^^^^^^^^^^^^^^^^^^^^^^^^^^^^^^^^^^^^
..\..\..\..\AppData\Local\Temp\umbra-1125eee4-y5y41wjt\repo\attacks\stage-1\attacklib.py:56: in post
    return self.request("POST", path, **kw)
           ^^^^^^^^^^^^^^^^^^^^^^^^^^^^^^^^
..\..\..\..\AppData\Local\Temp\umbra-1125eee4-y5y41wjt\repo\attacks\stage-1\attacklib.py:50: in request
    return self._c.request(method, path, **kwargs)
           ^^^^^^^^^^^^^^^^^^^^^^^^^^^^^^^^^^^^^^^
..\..\dark-factory-wearedevs\.venv\Lib\site-packages\httpx\_client.py:825: in request
    return self.send(request, auth=auth, follow_redirects=follow_redirects)
           ^^^^^^^^^^^^^^^^^^^^^^^^^^^^^^^^^^^^^^^^^^^^^^^^^^^^^^^^^^^^^^^^
..\..\dark-factory-wearedevs\.venv\Lib\site-packages\httpx\_client.py:914: in send
    response = self._send_handling_auth(
..\..\dark-factory-wearedevs\.venv\Lib\site-packages\httpx\_client.py:942: in _send_handling_auth
    response = self._send_handling_redirects(
..\..\dark-factory-wearedevs\.venv\Lib\site-packages\httpx\_client.py:979: in _send_handling_redirects
    response = self._send_single_request(request)
               ^^^^^^^^^^^^^^^^^^^^^^^^^^^^^^^^^^
..\..\dark-factory-wearedevs\.venv\Lib\site-packages\httpx\_client.py:1014: in _send_single_request
    response = transport.handle_request(request)
               ^^^^^^^^^^^^^^^^^^^^^^^^^^^^^^^^^
..\..\dark-factory-wearedevs\.venv\Lib\site-packages\httpx\_transports\default.py:249: in handle_request
    with map_httpcore_exceptions():
         ^^^^^^^^^^^^^^^^^^^^^^^^^
..\..\..\..\AppData\Local\Programs\Python\Python312\Lib\contextlib.py:158: in __exit__
    self.gen.throw(value)
_ _ _ _ _ _ _ _ _ _ _ _ _ _ _ _ _ _ _ _ _ _ _ _ _ _ _ _ _ _ _ _ _ _ _ _ _ _ _ _

    @contextlib.contextmanager
    def map_httpcore_exceptions() -> typing.Iterator[None]:
        global HTTPCORE_EXC_MAP
        if len(HTTPCORE_EXC_MAP) == 0:
            HTTPCORE_EXC_MAP = _load_httpcore_exceptions()
        try:
            yield
        except Exception as exc:
            mapped_exc = None
    
            for from_exc, to_exc in HTTPCORE_EXC_MAP.items():
                if not isinstance(exc, from_exc):
                    continue
                # We want to map to the most specific exception we can find.
                # Eg if `exc` is an `httpcore.ReadTimeout`, we want to map to
                # `httpx.ReadTimeout`, not just `httpx.TimeoutException`.
                if mapped_exc is None or issubclass(to_exc, mapped_exc):
                    mapped_exc = to_exc
    
            if mapped_exc is None:  # pragma: no cover
                raise
    
            message = str(exc)
>           raise mapped_exc(message) from exc
E           httpx.ConnectError: [WinError 10061] No connection could be made because the target machine actively refused it

..\..\dark-factory-wearedevs\.venv\Lib\site-packages\httpx\_transports\default.py:118: ConnectError
_____________________ test_malformed_batch_shapes_are_422 _____________________

    @contextlib.contextmanager
    def map_httpcore_exceptions() -> typing.Iterator[None]:
        global HTTPCORE_EXC_MAP
        if len(HTTPCORE_EXC_MAP) == 0:
            HTTPCORE_EXC_MAP = _load_httpcore_exceptions()
        try:
>           yield

..\..\dark-factory-wearedevs\.venv\Lib\site-packages\httpx\_transports\default.py:101: 
_ _ _ _ _ _ _ _ _ _ _ _ _ _ _ _ _ _ _ _ _ _ _ _ _ _ _ _ _ _ _ _ _ _ _ _ _ _ _ _
..\..\dark-factory-wearedevs\.venv\Lib\site-packages\httpx\_transports\default.py:250: in handle_request
    resp = self._pool.handle_request(req)
           ^^^^^^^^^^^^^^^^^^^^^^^^^^^^^^
..\..\dark-factory-wearedevs\.venv\Lib\site-packages\httpcore\_sync\connection_pool.py:256: in handle_request
    raise exc from None
..\..\dark-factory-wearedevs\.venv\Lib\site-packages\httpcore\_sync\connection_pool.py:236: in handle_request
    response = connection.handle_request(
..\..\dark-factory-wearedevs\.venv\Lib\site-packages\httpcore\_sync\connection.py:101: in handle_request
    raise exc
..\..\dark-factory-wearedevs\.venv\Lib\site-packages\httpcore\_sync\connection.py:78: in handle_request
    stream = self._connect(request)
             ^^^^^^^^^^^^^^^^^^^^^^
..\..\dark-factory-wearedevs\.venv\Lib\site-packages\httpcore\_sync\connection.py:124: in _connect
    stream = self._network_backend.connect_tcp(**kwargs)
             ^^^^^^^^^^^^^^^^^^^^^^^^^^^^^^^^^^^^^^^^^^^
..\..\dark-factory-wearedevs\.venv\Lib\site-packages\httpcore\_backends\sync.py:207: in connect_tcp
    with map_exceptions(exc_map):
         ^^^^^^^^^^^^^^^^^^^^^^^
..\..\..\..\AppData\Local\Programs\Python\Python312\Lib\contextlib.py:158: in __exit__
    self.gen.throw(value)
_ _ _ _ _ _ _ _ _ _ _ _ _ _ _ _ _ _ _ _ _ _ _ _ _ _ _ _ _ _ _ _ _ _ _ _ _ _ _ _

map = {<class 'TimeoutError'>: <class 'httpcore.ConnectTimeout'>, <class 'OSError'>: <class 'httpcore.ConnectError'>}

    @contextlib.contextmanager
    def map_exceptions(map: ExceptionMapping) -> typing.Iterator[None]:
        try:
            yield
        except Exception as exc:  # noqa: PIE786
            for from_exc, to_exc in map.items():
                if isinstance(exc, from_exc):
>                   raise to_exc(exc) from exc
E                   httpcore.ConnectError: [WinError 10061] No connection could be made because the target machine actively refused it

..\..\dark-factory-wearedevs\.venv\Lib\site-packages\httpcore\_exceptions.py:14: ConnectError

The above exception was the direct cause of the following exception:

boot = <function boot.<locals>._boot at 0x0000018C8A90C860>

    def test_malformed_batch_shapes_are_422(boot):
>       w = _op_world(boot, [user("ada", 100), user("bob", 0), user("op", 0, uid="u_op")])
            ^^^^^^^^^^^^^^^^^^^^^^^^^^^^^^^^^^^^^^^^^^^^^^^^^^^^^^^^^^^^^^^^^^^^^^^^^^^^^^

..\..\..\..\AppData\Local\Temp\umbra-1125eee4-y5y41wjt\repo\attacks\stage-1\test_settlement.py:88: 
_ _ _ _ _ _ _ _ _ _ _ _ _ _ _ _ _ _ _ _ _ _ _ _ _ _ _ _ _ _ _ _ _ _ _ _ _ _ _ _
..\..\..\..\AppData\Local\Temp\umbra-1125eee4-y5y41wjt\repo\attacks\stage-1\test_settlement.py:20: in _op_world
    return boot(fixture(users=users, operators=list(operators)), handles=handles)
           ^^^^^^^^^^^^^^^^^^^^^^^^^^^^^^^^^^^^^^^^^^^^^^^^^^^^^^^^^^^^^^^^^^^^^^
C:\Users\HARIHA~1\AppData\Local\Temp\umbra-1125eee4-y5y41wjt\repo\attacks\stage-1\conftest.py:75: in _boot
    resp = reset(body)
           ^^^^^^^^^^^
C:\Users\HARIHA~1\AppData\Local\Temp\umbra-1125eee4-y5y41wjt\repo\attacks\stage-1\conftest.py:39: in _reset
    resp = do_reset(body, expect=expect)
           ^^^^^^^^^^^^^^^^^^^^^^^^^^^^^
..\..\..\..\AppData\Local\Temp\umbra-1125eee4-y5y41wjt\repo\attacks\stage-1\attacklib.py:171: in do_reset
    return c.post("/_test/reset", json=body, timeout=RESET_TIMEOUT, token=None)
           ^^^^^^^^^^^^^^^^^^^^^^^^^^^^^^^^^^^^^^^^^^^^^^^^^^^^^^^^^^^^^^^^^^^^
..\..\..\..\AppData\Local\Temp\umbra-1125eee4-y5y41wjt\repo\attacks\stage-1\attacklib.py:56: in post
    return self.request("POST", path, **kw)
           ^^^^^^^^^^^^^^^^^^^^^^^^^^^^^^^^
..\..\..\..\AppData\Local\Temp\umbra-1125eee4-y5y41wjt\repo\attacks\stage-1\attacklib.py:50: in request
    return self._c.request(method, path, **kwargs)
           ^^^^^^^^^^^^^^^^^^^^^^^^^^^^^^^^^^^^^^^
..\..\dark-factory-wearedevs\.venv\Lib\site-packages\httpx\_client.py:825: in request
    return self.send(request, auth=auth, follow_redirects=follow_redirects)
           ^^^^^^^^^^^^^^^^^^^^^^^^^^^^^^^^^^^^^^^^^^^^^^^^^^^^^^^^^^^^^^^^
..\..\dark-factory-wearedevs\.venv\Lib\site-packages\httpx\_client.py:914: in send
    response = self._send_handling_auth(
..\..\dark-factory-wearedevs\.venv\Lib\site-packages\httpx\_client.py:942: in _send_handling_auth
    response = self._send_handling_redirects(
..\..\dark-factory-wearedevs\.venv\Lib\site-packages\httpx\_client.py:979: in _send_handling_redirects
    response = self._send_single_request(request)
               ^^^^^^^^^^^^^^^^^^^^^^^^^^^^^^^^^^
..\..\dark-factory-wearedevs\.venv\Lib\site-packages\httpx\_client.py:1014: in _send_single_request
    response = transport.handle_request(request)
               ^^^^^^^^^^^^^^^^^^^^^^^^^^^^^^^^^
..\..\dark-factory-wearedevs\.venv\Lib\site-packages\httpx\_transports\default.py:249: in handle_request
    with map_httpcore_exceptions():
         ^^^^^^^^^^^^^^^^^^^^^^^^^
..\..\..\..\AppData\Local\Programs\Python\Python312\Lib\contextlib.py:158: in __exit__
    self.gen.throw(value)
_ _ _ _ _ _ _ _ _ _ _ _ _ _ _ _ _ _ _ _ _ _ _ _ _ _ _ _ _ _ _ _ _ _ _ _ _ _ _ _

    @contextlib.contextmanager
    def map_httpcore_exceptions() -> typing.Iterator[None]:
        global HTTPCORE_EXC_MAP
        if len(HTTPCORE_EXC_MAP) == 0:
            HTTPCORE_EXC_MAP = _load_httpcore_exceptions()
        try:
            yield
        except Exception as exc:
            mapped_exc = None
    
            for from_exc, to_exc in HTTPCORE_EXC_MAP.items():
                if not isinstance(exc, from_exc):
                    continue
                # We want to map to the most specific exception we can find.
                # Eg if `exc` is an `httpcore.ReadTimeout`, we want to map to
                # `httpx.ReadTimeout`, not just `httpx.TimeoutException`.
                if mapped_exc is None or issubclass(to_exc, mapped_exc):
                    mapped_exc = to_exc
    
            if mapped_exc is None:  # pragma: no cover
                raise
    
            message = str(exc)
>           raise mapped_exc(message) from exc
E           httpx.ConnectError: [WinError 10061] No connection could be made because the target machine actively refused it

..\..\dark-factory-wearedevs\.venv\Lib\site-packages\httpx\_transports\default.py:118: ConnectError
________________________ test_success_shape_and_order _________________________

    @contextlib.contextmanager
    def map_httpcore_exceptions() -> typing.Iterator[None]:
        global HTTPCORE_EXC_MAP
        if len(HTTPCORE_EXC_MAP) == 0:
            HTTPCORE_EXC_MAP = _load_httpcore_exceptions()
        try:
>           yield

..\..\dark-factory-wearedevs\.venv\Lib\site-packages\httpx\_transports\default.py:101: 
_ _ _ _ _ _ _ _ _ _ _ _ _ _ _ _ _ _ _ _ _ _ _ _ _ _ _ _ _ _ _ _ _ _ _ _ _ _ _ _
..\..\dark-factory-wearedevs\.venv\Lib\site-packages\httpx\_transports\default.py:250: in handle_request
    resp = self._pool.handle_request(req)
           ^^^^^^^^^^^^^^^^^^^^^^^^^^^^^^
..\..\dark-factory-wearedevs\.venv\Lib\site-packages\httpcore\_sync\connection_pool.py:256: in handle_request
    raise exc from None
..\..\dark-factory-wearedevs\.venv\Lib\site-packages\httpcore\_sync\connection_pool.py:236: in handle_request
    response = connection.handle_request(
..\..\dark-factory-wearedevs\.venv\Lib\site-packages\httpcore\_sync\connection.py:101: in handle_request
    raise exc
..\..\dark-factory-wearedevs\.venv\Lib\site-packages\httpcore\_sync\connection.py:78: in handle_request
    stream = self._connect(request)
             ^^^^^^^^^^^^^^^^^^^^^^
..\..\dark-factory-wearedevs\.venv\Lib\site-packages\httpcore\_sync\connection.py:124: in _connect
    stream = self._network_backend.connect_tcp(**kwargs)
             ^^^^^^^^^^^^^^^^^^^^^^^^^^^^^^^^^^^^^^^^^^^
..\..\dark-factory-wearedevs\.venv\Lib\site-packages\httpcore\_backends\sync.py:207: in connect_tcp
    with map_exceptions(exc_map):
         ^^^^^^^^^^^^^^^^^^^^^^^
..\..\..\..\AppData\Local\Programs\Python\Python312\Lib\contextlib.py:158: in __exit__
    self.gen.throw(value)
_ _ _ _ _ _ _ _ _ _ _ _ _ _ _ _ _ _ _ _ _ _ _ _ _ _ _ _ _ _ _ _ _ _ _ _ _ _ _ _

map = {<class 'TimeoutError'>: <class 'httpcore.ConnectTimeout'>, <class 'OSError'>: <class 'httpcore.ConnectError'>}

    @contextlib.contextmanager
    def map_exceptions(map: ExceptionMapping) -> typing.Iterator[None]:
        try:
            yield
        except Exception as exc:  # noqa: PIE786
            for from_exc, to_exc in map.items():
                if isinstance(exc, from_exc):
>                   raise to_exc(exc) from exc
E                   httpcore.ConnectError: [WinError 10061] No connection could be made because the target machine actively refused it

..\..\dark-factory-wearedevs\.venv\Lib\site-packages\httpcore\_exceptions.py:14: ConnectError

The above exception was the direct cause of the following exception:

boot = <function boot.<locals>._boot at 0x0000018C8A90E980>

    def test_success_shape_and_order(boot):
>       w = _op_world(boot, [user("ada", 0), user("bob", 0), user("cy", 0),
                             user("op", 1000, uid="u_op")],
                      handles=("ada", "bob", "cy", "op"))

..\..\..\..\AppData\Local\Temp\umbra-1125eee4-y5y41wjt\repo\attacks\stage-1\test_settlement.py:101: 
_ _ _ _ _ _ _ _ _ _ _ _ _ _ _ _ _ _ _ _ _ _ _ _ _ _ _ _ _ _ _ _ _ _ _ _ _ _ _ _
..\..\..\..\AppData\Local\Temp\umbra-1125eee4-y5y41wjt\repo\attacks\stage-1\test_settlement.py:20: in _op_world
    return boot(fixture(users=users, operators=list(operators)), handles=handles)
           ^^^^^^^^^^^^^^^^^^^^^^^^^^^^^^^^^^^^^^^^^^^^^^^^^^^^^^^^^^^^^^^^^^^^^^
C:\Users\HARIHA~1\AppData\Local\Temp\umbra-1125eee4-y5y41wjt\repo\attacks\stage-1\conftest.py:75: in _boot
    resp = reset(body)
           ^^^^^^^^^^^
C:\Users\HARIHA~1\AppData\Local\Temp\umbra-1125eee4-y5y41wjt\repo\attacks\stage-1\conftest.py:39: in _reset
    resp = do_reset(body, expect=expect)
           ^^^^^^^^^^^^^^^^^^^^^^^^^^^^^
..\..\..\..\AppData\Local\Temp\umbra-1125eee4-y5y41wjt\repo\attacks\stage-1\attacklib.py:171: in do_reset
    return c.post("/_test/reset", json=body, timeout=RESET_TIMEOUT, token=None)
           ^^^^^^^^^^^^^^^^^^^^^^^^^^^^^^^^^^^^^^^^^^^^^^^^^^^^^^^^^^^^^^^^^^^^
..\..\..\..\AppData\Local\Temp\umbra-1125eee4-y5y41wjt\repo\attacks\stage-1\attacklib.py:56: in post
    return self.request("POST", path, **kw)
           ^^^^^^^^^^^^^^^^^^^^^^^^^^^^^^^^
..\..\..\..\AppData\Local\Temp\umbra-1125eee4-y5y41wjt\repo\attacks\stage-1\attacklib.py:50: in request
    return self._c.request(method, path, **kwargs)
           ^^^^^^^^^^^^^^^^^^^^^^^^^^^^^^^^^^^^^^^
..\..\dark-factory-wearedevs\.venv\Lib\site-packages\httpx\_client.py:825: in request
    return self.send(request, auth=auth, follow_redirects=follow_redirects)
           ^^^^^^^^^^^^^^^^^^^^^^^^^^^^^^^^^^^^^^^^^^^^^^^^^^^^^^^^^^^^^^^^
..\..\dark-factory-wearedevs\.venv\Lib\site-packages\httpx\_client.py:914: in send
    response = self._send_handling_auth(
..\..\dark-factory-wearedevs\.venv\Lib\site-packages\httpx\_client.py:942: in _send_handling_auth
    response = self._send_handling_redirects(
..\..\dark-factory-wearedevs\.venv\Lib\site-packages\httpx\_client.py:979: in _send_handling_redirects
    response = self._send_single_request(request)
               ^^^^^^^^^^^^^^^^^^^^^^^^^^^^^^^^^^
..\..\dark-factory-wearedevs\.venv\Lib\site-packages\httpx\_client.py:1014: in _send_single_request
    response = transport.handle_request(request)
               ^^^^^^^^^^^^^^^^^^^^^^^^^^^^^^^^^
..\..\dark-factory-wearedevs\.venv\Lib\site-packages\httpx\_transports\default.py:249: in handle_request
    with map_httpcore_exceptions():
         ^^^^^^^^^^^^^^^^^^^^^^^^^
..\..\..\..\AppData\Local\Programs\Python\Python312\Lib\contextlib.py:158: in __exit__
    self.gen.throw(value)
_ _ _ _ _ _ _ _ _ _ _ _ _ _ _ _ _ _ _ _ _ _ _ _ _ _ _ _ _ _ _ _ _ _ _ _ _ _ _ _

    @contextlib.contextmanager
    def map_httpcore_exceptions() -> typing.Iterator[None]:
        global HTTPCORE_EXC_MAP
        if len(HTTPCORE_EXC_MAP) == 0:
            HTTPCORE_EXC_MAP = _load_httpcore_exceptions()
        try:
            yield
        except Exception as exc:
            mapped_exc = None
    
            for from_exc, to_exc in HTTPCORE_EXC_MAP.items():
                if not isinstance(exc, from_exc):
                    continue
                # We want to map to the most specific exception we can find.
                # Eg if `exc` is an `httpcore.ReadTimeout`, we want to map to
                # `httpx.ReadTimeout`, not just `httpx.TimeoutException`.
                if mapped_exc is None or issubclass(to_exc, mapped_exc):
                    mapped_exc = to_exc
    
            if mapped_exc is None:  # pragma: no cover
                raise
    
            message = str(exc)
>           raise mapped_exc(message) from exc
E           httpx.ConnectError: [WinError 10061] No connection could be made because the target machine actively refused it

..\..\dark-factory-wearedevs\.venv\Lib\site-packages\httpx\_transports\default.py:118: ConnectError
______________ test_export_import_preserves_operator_permission _______________

    @contextlib.contextmanager
    def map_httpcore_exceptions() -> typing.Iterator[None]:
        global HTTPCORE_EXC_MAP
        if len(HTTPCORE_EXC_MAP) == 0:
            HTTPCORE_EXC_MAP = _load_httpcore_exceptions()
        try:
>           yield

..\..\dark-factory-wearedevs\.venv\Lib\site-packages\httpx\_transports\default.py:101: 
_ _ _ _ _ _ _ _ _ _ _ _ _ _ _ _ _ _ _ _ _ _ _ _ _ _ _ _ _ _ _ _ _ _ _ _ _ _ _ _
..\..\dark-factory-wearedevs\.venv\Lib\site-packages\httpx\_transports\default.py:250: in handle_request
    resp = self._pool.handle_request(req)
           ^^^^^^^^^^^^^^^^^^^^^^^^^^^^^^
..\..\dark-factory-wearedevs\.venv\Lib\site-packages\httpcore\_sync\connection_pool.py:256: in handle_request
    raise exc from None
..\..\dark-factory-wearedevs\.venv\Lib\site-packages\httpcore\_sync\connection_pool.py:236: in handle_request
    response = connection.handle_request(
..\..\dark-factory-wearedevs\.venv\Lib\site-packages\httpcore\_sync\connection.py:101: in handle_request
    raise exc
..\..\dark-factory-wearedevs\.venv\Lib\site-packages\httpcore\_sync\connection.py:78: in handle_request
    stream = self._connect(request)
             ^^^^^^^^^^^^^^^^^^^^^^
..\..\dark-factory-wearedevs\.venv\Lib\site-packages\httpcore\_sync\connection.py:124: in _connect
    stream = self._network_backend.connect_tcp(**kwargs)
             ^^^^^^^^^^^^^^^^^^^^^^^^^^^^^^^^^^^^^^^^^^^
..\..\dark-factory-wearedevs\.venv\Lib\site-packages\httpcore\_backends\sync.py:207: in connect_tcp
    with map_exceptions(exc_map):
         ^^^^^^^^^^^^^^^^^^^^^^^
..\..\..\..\AppData\Local\Programs\Python\Python312\Lib\contextlib.py:158: in __exit__
    self.gen.throw(value)
_ _ _ _ _ _ _ _ _ _ _ _ _ _ _ _ _ _ _ _ _ _ _ _ _ _ _ _ _ _ _ _ _ _ _ _ _ _ _ _

map = {<class 'TimeoutError'>: <class 'httpcore.ConnectTimeout'>, <class 'OSError'>: <class 'httpcore.ConnectError'>}

    @contextlib.contextmanager
    def map_exceptions(map: ExceptionMapping) -> typing.Iterator[None]:
        try:
            yield
        except Exception as exc:  # noqa: PIE786
            for from_exc, to_exc in map.items():
                if isinstance(exc, from_exc):
>                   raise to_exc(exc) from exc
E                   httpcore.ConnectError: [WinError 10061] No connection could be made because the target machine actively refused it

..\..\dark-factory-wearedevs\.venv\Lib\site-packages\httpcore\_exceptions.py:14: ConnectError

The above exception was the direct cause of the following exception:

boot = <function boot.<locals>._boot at 0x0000018C8A9037E0>

    def test_export_import_preserves_operator_permission(boot):
>       w = _op_world(boot, [user("ada", 0), user("bob", 0), user("op", 1000, uid="u_op")])
            ^^^^^^^^^^^^^^^^^^^^^^^^^^^^^^^^^^^^^^^^^^^^^^^^^^^^^^^^^^^^^^^^^^^^^^^^^^^^^^^

..\..\..\..\AppData\Local\Temp\umbra-1125eee4-y5y41wjt\repo\attacks\stage-1\test_settlement.py:132: 
_ _ _ _ _ _ _ _ _ _ _ _ _ _ _ _ _ _ _ _ _ _ _ _ _ _ _ _ _ _ _ _ _ _ _ _ _ _ _ _
..\..\..\..\AppData\Local\Temp\umbra-1125eee4-y5y41wjt\repo\attacks\stage-1\test_settlement.py:20: in _op_world
    return boot(fixture(users=users, operators=list(operators)), handles=handles)
           ^^^^^^^^^^^^^^^^^^^^^^^^^^^^^^^^^^^^^^^^^^^^^^^^^^^^^^^^^^^^^^^^^^^^^^
C:\Users\HARIHA~1\AppData\Local\Temp\umbra-1125eee4-y5y41wjt\repo\attacks\stage-1\conftest.py:75: in _boot
    resp = reset(body)
           ^^^^^^^^^^^
C:\Users\HARIHA~1\AppData\Local\Temp\umbra-1125eee4-y5y41wjt\repo\attacks\stage-1\conftest.py:39: in _reset
    resp = do_reset(body, expect=expect)
           ^^^^^^^^^^^^^^^^^^^^^^^^^^^^^
..\..\..\..\AppData\Local\Temp\umbra-1125eee4-y5y41wjt\repo\attacks\stage-1\attacklib.py:171: in do_reset
    return c.post("/_test/reset", json=body, timeout=RESET_TIMEOUT, token=None)
           ^^^^^^^^^^^^^^^^^^^^^^^^^^^^^^^^^^^^^^^^^^^^^^^^^^^^^^^^^^^^^^^^^^^^
..\..\..\..\AppData\Local\Temp\umbra-1125eee4-y5y41wjt\repo\attacks\stage-1\attacklib.py:56: in post
    return self.request("POST", path, **kw)
           ^^^^^^^^^^^^^^^^^^^^^^^^^^^^^^^^
..\..\..\..\AppData\Local\Temp\umbra-1125eee4-y5y41wjt\repo\attacks\stage-1\attacklib.py:50: in request
    return self._c.request(method, path, **kwargs)
           ^^^^^^^^^^^^^^^^^^^^^^^^^^^^^^^^^^^^^^^
..\..\dark-factory-wearedevs\.venv\Lib\site-packages\httpx\_client.py:825: in request
    return self.send(request, auth=auth, follow_redirects=follow_redirects)
           ^^^^^^^^^^^^^^^^^^^^^^^^^^^^^^^^^^^^^^^^^^^^^^^^^^^^^^^^^^^^^^^^
..\..\dark-factory-wearedevs\.venv\Lib\site-packages\httpx\_client.py:914: in send
    response = self._send_handling_auth(
..\..\dark-factory-wearedevs\.venv\Lib\site-packages\httpx\_client.py:942: in _send_handling_auth
    response = self._send_handling_redirects(
..\..\dark-factory-wearedevs\.venv\Lib\site-packages\httpx\_client.py:979: in _send_handling_redirects
    response = self._send_single_request(request)
               ^^^^^^^^^^^^^^^^^^^^^^^^^^^^^^^^^^
..\..\dark-factory-wearedevs\.venv\Lib\site-packages\httpx\_client.py:1014: in _send_single_request
    response = transport.handle_request(request)
               ^^^^^^^^^^^^^^^^^^^^^^^^^^^^^^^^^
..\..\dark-factory-wearedevs\.venv\Lib\site-packages\httpx\_transports\default.py:249: in handle_request
    with map_httpcore_exceptions():
         ^^^^^^^^^^^^^^^^^^^^^^^^^
..\..\..\..\AppData\Local\Programs\Python\Python312\Lib\contextlib.py:158: in __exit__
    self.gen.throw(value)
_ _ _ _ _ _ _ _ _ _ _ _ _ _ _ _ _ _ _ _ _ _ _ _ _ _ _ _ _ _ _ _ _ _ _ _ _ _ _ _

    @contextlib.contextmanager
    def map_httpcore_exceptions() -> typing.Iterator[None]:
        global HTTPCORE_EXC_MAP
        if len(HTTPCORE_EXC_MAP) == 0:
            HTTPCORE_EXC_MAP = _load_httpcore_exceptions()
        try:
            yield
        except Exception as exc:
            mapped_exc = None
    
            for from_exc, to_exc in HTTPCORE_EXC_MAP.items():
                if not isinstance(exc, from_exc):
                    continue
                # We want to map to the most specific exception we can find.
                # Eg if `exc` is an `httpcore.ReadTimeout`, we want to map to
                # `httpx.ReadTimeout`, not just `httpx.TimeoutException`.
                if mapped_exc is None or issubclass(to_exc, mapped_exc):
                    mapped_exc = to_exc
    
            if mapped_exc is None:  # pragma: no cover
                raise
    
            message = str(exc)
>           raise mapped_exc(message) from exc
E           httpx.ConnectError: [WinError 10061] No connection could be made because the target machine actively refused it

..\..\dark-factory-wearedevs\.venv\Lib\site-packages\httpx\_transports\default.py:118: ConnectError
_____________ test_operator_permission_does_not_leak_private_data _____________

    @contextlib.contextmanager
    def map_httpcore_exceptions() -> typing.Iterator[None]:
        global HTTPCORE_EXC_MAP
        if len(HTTPCORE_EXC_MAP) == 0:
            HTTPCORE_EXC_MAP = _load_httpcore_exceptions()
        try:
>           yield

..\..\dark-factory-wearedevs\.venv\Lib\site-packages\httpx\_transports\default.py:101: 
_ _ _ _ _ _ _ _ _ _ _ _ _ _ _ _ _ _ _ _ _ _ _ _ _ _ _ _ _ _ _ _ _ _ _ _ _ _ _ _
..\..\dark-factory-wearedevs\.venv\Lib\site-packages\httpx\_transports\default.py:250: in handle_request
    resp = self._pool.handle_request(req)
           ^^^^^^^^^^^^^^^^^^^^^^^^^^^^^^
..\..\dark-factory-wearedevs\.venv\Lib\site-packages\httpcore\_sync\connection_pool.py:256: in handle_request
    raise exc from None
..\..\dark-factory-wearedevs\.venv\Lib\site-packages\httpcore\_sync\connection_pool.py:236: in handle_request
    response = connection.handle_request(
..\..\dark-factory-wearedevs\.venv\Lib\site-packages\httpcore\_sync\connection.py:101: in handle_request
    raise exc
..\..\dark-factory-wearedevs\.venv\Lib\site-packages\httpcore\_sync\connection.py:78: in handle_request
    stream = self._connect(request)
             ^^^^^^^^^^^^^^^^^^^^^^
..\..\dark-factory-wearedevs\.venv\Lib\site-packages\httpcore\_sync\connection.py:124: in _connect
    stream = self._network_backend.connect_tcp(**kwargs)
             ^^^^^^^^^^^^^^^^^^^^^^^^^^^^^^^^^^^^^^^^^^^
..\..\dark-factory-wearedevs\.venv\Lib\site-packages\httpcore\_backends\sync.py:207: in connect_tcp
    with map_exceptions(exc_map):
         ^^^^^^^^^^^^^^^^^^^^^^^
..\..\..\..\AppData\Local\Programs\Python\Python312\Lib\contextlib.py:158: in __exit__
    self.gen.throw(value)
_ _ _ _ _ _ _ _ _ _ _ _ _ _ _ _ _ _ _ _ _ _ _ _ _ _ _ _ _ _ _ _ _ _ _ _ _ _ _ _

map = {<class 'TimeoutError'>: <class 'httpcore.ConnectTimeout'>, <class 'OSError'>: <class 'httpcore.ConnectError'>}

    @contextlib.contextmanager
    def map_exceptions(map: ExceptionMapping) -> typing.Iterator[None]:
        try:
            yield
        except Exception as exc:  # noqa: PIE786
            for from_exc, to_exc in map.items():
                if isinstance(exc, from_exc):
>                   raise to_exc(exc) from exc
E                   httpcore.ConnectError: [WinError 10061] No connection could be made because the target machine actively refused it

..\..\dark-factory-wearedevs\.venv\Lib\site-packages\httpcore\_exceptions.py:14: ConnectError

The above exception was the direct cause of the following exception:

boot = <function boot.<locals>._boot at 0x0000018C8A901BC0>

    def test_operator_permission_does_not_leak_private_data(boot):
>       w = _op_world(boot, [user("ada", 1000), user("bob", 0), user("op", 0, uid="u_op")])
            ^^^^^^^^^^^^^^^^^^^^^^^^^^^^^^^^^^^^^^^^^^^^^^^^^^^^^^^^^^^^^^^^^^^^^^^^^^^^^^^

..\..\..\..\AppData\Local\Temp\umbra-1125eee4-y5y41wjt\repo\attacks\stage-1\test_settlement.py:149: 
_ _ _ _ _ _ _ _ _ _ _ _ _ _ _ _ _ _ _ _ _ _ _ _ _ _ _ _ _ _ _ _ _ _ _ _ _ _ _ _
..\..\..\..\AppData\Local\Temp\umbra-1125eee4-y5y41wjt\repo\attacks\stage-1\test_settlement.py:20: in _op_world
    return boot(fixture(users=users, operators=list(operators)), handles=handles)
           ^^^^^^^^^^^^^^^^^^^^^^^^^^^^^^^^^^^^^^^^^^^^^^^^^^^^^^^^^^^^^^^^^^^^^^
C:\Users\HARIHA~1\AppData\Local\Temp\umbra-1125eee4-y5y41wjt\repo\attacks\stage-1\conftest.py:75: in _boot
    resp = reset(body)
           ^^^^^^^^^^^
C:\Users\HARIHA~1\AppData\Local\Temp\umbra-1125eee4-y5y41wjt\repo\attacks\stage-1\conftest.py:39: in _reset
    resp = do_reset(body, expect=expect)
           ^^^^^^^^^^^^^^^^^^^^^^^^^^^^^
..\..\..\..\AppData\Local\Temp\umbra-1125eee4-y5y41wjt\repo\attacks\stage-1\attacklib.py:171: in do_reset
    return c.post("/_test/reset", json=body, timeout=RESET_TIMEOUT, token=None)
           ^^^^^^^^^^^^^^^^^^^^^^^^^^^^^^^^^^^^^^^^^^^^^^^^^^^^^^^^^^^^^^^^^^^^
..\..\..\..\AppData\Local\Temp\umbra-1125eee4-y5y41wjt\repo\attacks\stage-1\attacklib.py:56: in post
    return self.request("POST", path, **kw)
           ^^^^^^^^^^^^^^^^^^^^^^^^^^^^^^^^
..\..\..\..\AppData\Local\Temp\umbra-1125eee4-y5y41wjt\repo\attacks\stage-1\attacklib.py:50: in request
    return self._c.request(method, path, **kwargs)
           ^^^^^^^^^^^^^^^^^^^^^^^^^^^^^^^^^^^^^^^
..\..\dark-factory-wearedevs\.venv\Lib\site-packages\httpx\_client.py:825: in request
    return self.send(request, auth=auth, follow_redirects=follow_redirects)
           ^^^^^^^^^^^^^^^^^^^^^^^^^^^^^^^^^^^^^^^^^^^^^^^^^^^^^^^^^^^^^^^^
..\..\dark-factory-wearedevs\.venv\Lib\site-packages\httpx\_client.py:914: in send
    response = self._send_handling_auth(
..\..\dark-factory-wearedevs\.venv\Lib\site-packages\httpx\_client.py:942: in _send_handling_auth
    response = self._send_handling_redirects(
..\..\dark-factory-wearedevs\.venv\Lib\site-packages\httpx\_client.py:979: in _send_handling_redirects
    response = self._send_single_request(request)
               ^^^^^^^^^^^^^^^^^^^^^^^^^^^^^^^^^^
..\..\dark-factory-wearedevs\.venv\Lib\site-packages\httpx\_client.py:1014: in _send_single_request
    response = transport.handle_request(request)
               ^^^^^^^^^^^^^^^^^^^^^^^^^^^^^^^^^
..\..\dark-factory-wearedevs\.venv\Lib\site-packages\httpx\_transports\default.py:249: in handle_request
    with map_httpcore_exceptions():
         ^^^^^^^^^^^^^^^^^^^^^^^^^
..\..\..\..\AppData\Local\Programs\Python\Python312\Lib\contextlib.py:158: in __exit__
    self.gen.throw(value)
_ _ _ _ _ _ _ _ _ _ _ _ _ _ _ _ _ _ _ _ _ _ _ _ _ _ _ _ _ _ _ _ _ _ _ _ _ _ _ _

    @contextlib.contextmanager
    def map_httpcore_exceptions() -> typing.Iterator[None]:
        global HTTPCORE_EXC_MAP
        if len(HTTPCORE_EXC_MAP) == 0:
            HTTPCORE_EXC_MAP = _load_httpcore_exceptions()
        try:
            yield
        except Exception as exc:
            mapped_exc = None
    
            for from_exc, to_exc in HTTPCORE_EXC_MAP.items():
                if not isinstance(exc, from_exc):
                    continue
                # We want to map to the most specific exception we can find.
                # Eg if `exc` is an `httpcore.ReadTimeout`, we want to map to
                # `httpx.ReadTimeout`, not just `httpx.TimeoutException`.
                if mapped_exc is None or issubclass(to_exc, mapped_exc):
                    mapped_exc = to_exc
    
            if mapped_exc is None:  # pragma: no cover
                raise
    
            message = str(exc)
>           raise mapped_exc(message) from exc
E           httpx.ConnectError: [WinError 10061] No connection could be made because the target machine actively refused it

..\..\dark-factory-wearedevs\.venv\Lib\site-packages\httpx\_transports\default.py:118: ConnectError
=========================== short test summary info ===========================
FAILED ..\..\..\..\AppData\Local\Temp\umbra-1125eee4-y5y41wjt\repo\attacks\stage-1\test_balance.py::test_exact_balance_can_be_drained_exactly_once
FAILED ..\..\..\..\AppData\Local\Temp\umbra-1125eee4-y5y41wjt\repo\attacks\stage-1\test_balance.py::test_failed_payment_leaves_no_trace_in_feed
FAILED ..\..\..\..\AppData\Local\Temp\umbra-1125eee4-y5y41wjt\repo\attacks\stage-1\test_concurrency.py::test_concurrent_payments_never_overspend
FAILED ..\..\..\..\AppData\Local\Temp\umbra-1125eee4-y5y41wjt\repo\attacks\stage-1\test_requests.py::test_write_endpoints_require_auth
FAILED ..\..\..\..\AppData\Local\Temp\umbra-1125eee4-y5y41wjt\repo\attacks\stage-1\test_settlement.py::test_no_token_is_401
FAILED ..\..\..\..\AppData\Local\Temp\umbra-1125eee4-y5y41wjt\repo\attacks\stage-1\test_settlement.py::test_non_operator_is_403
FAILED ..\..\..\..\AppData\Local\Temp\umbra-1125eee4-y5y41wjt\repo\attacks\stage-1\test_settlement.py::test_collective_net_zero_batch_commits_even_with_zero_wallets
FAILED ..\..\..\..\AppData\Local\Temp\umbra-1125eee4-y5y41wjt\repo\attacks\stage-1\test_settlement.py::test_collective_insufficient_funds_is_409_and_atomic
FAILED ..\..\..\..\AppData\Local\Temp\umbra-1125eee4-y5y41wjt\repo\attacks\stage-1\test_settlement.py::test_entry_error_beats_insufficient_funds
FAILED ..\..\..\..\AppData\Local\Temp\umbra-1125eee4-y5y41wjt\repo\attacks\stage-1\test_settlement.py::test_self_transfer_is_422
FAILED ..\..\..\..\AppData\Local\Temp\umbra-1125eee4-y5y41wjt\repo\attacks\stage-1\test_settlement.py::test_batch_size_boundaries
FAILED ..\..\..\..\AppData\Local\Temp\umbra-1125eee4-y5y41wjt\repo\attacks\stage-1\test_settlement.py::test_malformed_batch_shapes_are_422
FAILED ..\..\..\..\AppData\Local\Temp\umbra-1125eee4-y5y41wjt\repo\attacks\stage-1\test_settlement.py::test_success_shape_and_order
FAILED ..\..\..\..\AppData\Local\Temp\umbra-1125eee4-y5y41wjt\repo\attacks\stage-1\test_settlement.py::test_export_import_preserves_operator_permission
FAILED ..\..\..\..\AppData\Local\Temp\umbra-1125eee4-y5y41wjt\repo\attacks\stage-1\test_settlement.py::test_operator_permission_does_not_leak_private_data
ERROR ..\..\..\..\AppData\Local\Temp\umbra-1125eee4-y5y41wjt\repo\attacks\stage-1\test_idempotency.py::test_same_key_different_body_is_reuse
ERROR ..\..\..\..\AppData\Local\Temp\umbra-1125eee4-y5y41wjt\repo\attacks\stage-1\test_idempotency.py::test_key_reusable_after_a_4xx_failure
ERROR ..\..\..\..\AppData\Local\Temp\umbra-1125eee4-y5y41wjt\repo\attacks\stage-1\test_idempotency.py::test_claimed_key_wins_over_invalid_body
ERROR ..\..\..\..\AppData\Local\Temp\umbra-1125eee4-y5y41wjt\repo\attacks\stage-1\test_idempotency.py::test_same_key_different_path_is_not_a_replay
ERROR ..\..\..\..\AppData\Local\Temp\umbra-1125eee4-y5y41wjt\repo\attacks\stage-1\test_idempotency.py::test_key_is_scoped_to_the_authenticated_user
ERROR ..\..\..\..\AppData\Local\Temp\umbra-1125eee4-y5y41wjt\repo\attacks\stage-1\test_idempotency.py::test_request_pay_replay_after_paid_returns_200
ERROR ..\..\..\..\AppData\Local\Temp\umbra-1125eee4-y5y41wjt\repo\attacks\stage-1\test_idempotency.py::test_decline_twice_is_200
ERROR ..\..\..\..\AppData\Local\Temp\umbra-1125eee4-y5y41wjt\repo\attacks\stage-1\test_idempotency.py::test_cancel_twice_is_200
ERROR ..\..\..\..\AppData\Local\Temp\umbra-1125eee4-y5y41wjt\repo\attacks\stage-1\test_idempotency.py::test_split_replay_is_identical_and_creates_nothing_extra
ERROR ..\..\..\..\AppData\Local\Temp\umbra-1125eee4-y5y41wjt\repo\attacks\stage-1\test_idempotency.py::test_settlement_replay_is_identical_and_moves_nothing_extra
ERROR ..\..\..\..\AppData\Local\Temp\umbra-1125eee4-y5y41wjt\repo\attacks\stage-1\test_requests.py::test_pay_by_wrong_party_is_403
ERROR ..\..\..\..\AppData\Local\Temp\umbra-1125eee4-y5y41wjt\repo\attacks\stage-1\test_requests.py::test_decline_and_cancel_by_wrong_party_are_403
ERROR ..\..\..\..\AppData\Local\Temp\umbra-1125eee4-y5y41wjt\repo\attacks\stage-1\test_requests.py::test_unknown_request_is_404
ERROR ..\..\..\..\AppData\Local\Temp\umbra-1125eee4-y5y41wjt\repo\attacks\stage-1\test_requests.py::test_decline_after_paid_is_409
ERROR ..\..\..\..\AppData\Local\Temp\umbra-1125eee4-y5y41wjt\repo\attacks\stage-1\test_requests.py::test_cancel_after_decline_is_409_and_decline_after_cancel_is_409
ERROR ..\..\..\..\AppData\Local\Temp\umbra-1125eee4-y5y41wjt\repo\attacks\stage-1\test_requests.py::test_request_pay_replay_body_must_be_identical
ERROR ..\..\..\..\AppData\Local\Temp\umbra-1125eee4-y5y41wjt\repo\attacks\stage-1\test_requests.py::test_direction_filter
ERROR ..\..\..\..\AppData\Local\Temp\umbra-1125eee4-y5y41wjt\repo\attacks\stage-1\test_requests.py::test_status_filter_and_unknown_values
ERROR ..\..\..\..\AppData\Local\Temp\umbra-1125eee4-y5y41wjt\repo\attacks\stage-1\test_requests.py::test_requests_newest_first_and_has_more
ERROR ..\..\..\..\AppData\Local\Temp\umbra-1125eee4-y5y41wjt\repo\attacks\stage-1\test_requests.py::test_other_users_requests_are_not_visible
ERROR ..\..\..\..\AppData\Local\Temp\umbra-1125eee4-y5y41wjt\repo\attacks\stage-1\test_settlement.py::test_direct_payment_is_a_nonmember
15 failed, 50 passed, 21 errors in 736.59s (0:12:16)
MUTANT m02_skip_insufficient.patch: killed official,verifier,breaker
building C:\Users\HARIHA~1\AppData\Local\Temp\umbra-1125eee4-3ufqfg_b\repo\stage-1 ...
highest contiguous stage: 0
claimed stage: none (a suite passed under 50% of its checks)
report: C:\Users\HARIHARAN\Desktop\Band\band-work\result\.umbra\runs\6beebc6239\report.json
NOTE: this run only includes a portion of the full tests that are applied before judging; this is meant to provide directional feedback, and ultimately you may not pass the stage with the full set of tests.
official report: C:\Users\HARIHARAN\Desktop\Band\band-work\result\.umbra\runs\6beebc6239\report.json
.................F....F.................F................F.FFF......F... [ 92%]
......                                                                   [100%]
================================== FAILURES ===================================
__________________ test_s1_c22_idempotency_replay_and_reuse ___________________

world = namespace(fixture={'currency': 'EUR', 'minor_units': 2, 'users': [{'id': 'u_ada', 'email': 'ada@example.com', 'passwor...t 0x000001ED8E860680>, bob=<lib.http.Api object at 0x000001ED8E8373B0>, cy=<lib.http.Api object at 0x000001ED8E8354F0>)
pay = <function pay.<locals>._pay at 0x000001ED8E807100>
balance = <function balance.<locals>._balance at 0x000001ED8E807C40>
conservation = <function conservation.<locals>._check at 0x000001ED8E8074C0>

    def test_s1_c22_idempotency_replay_and_reuse(world, pay, balance, conservation):
        key = new_key()
        first = assert_status(pay(amount=300, key=key), 201).json()
>       replay = assert_status(pay(amount=300, key=key), 200).json()
                 ^^^^^^^^^^^^^^^^^^^^^^^^^^^^^^^^^^^^^^^^^^^^

..\..\..\..\AppData\Local\Temp\umbra-1125eee4-3ufqfg_b\repo\verify\stage-1\test_s1_idempotency.py:19: 
_ _ _ _ _ _ _ _ _ _ _ _ _ _ _ _ _ _ _ _ _ _ _ _ _ _ _ _ _ _ _ _ _ _ _ _ _ _ _ _

resp = <Response [201 Created]>, expected = 200

    def assert_status(resp: httpx.Response, expected: int) -> httpx.Response:
>       assert resp.status_code == expected, f"expected {expected}, got {resp.status_code}. {_describe(resp)}"
               ^^^^^^^^^^^^^^^^^^^^^^^^^^^^
E       AssertionError: expected 200, got 201. POST /payments -> 201 '{"payment_id":"p_1c3913dff7e7b42300aab33b25eec2a9","from_user_id":"u_ada","from_handle":"ada","to_user_id":"u_bob","to_handle":"bob","amount":300,"currency":"EUR","note":"","visibility":"public","request_id":null,"created_at":"2026-10-03T12:56:44+00:00"}'

C:\Users\HARIHA~1\AppData\Local\Temp\umbra-1125eee4-3ufqfg_b\repo\verify\stage-1\lib\http.py:95: AssertionError
____________________ test_s1_c26_request_paid_at_most_once ____________________

world = namespace(fixture={'currency': 'EUR', 'minor_units': 2, 'users': [{'id': 'u_ada', 'email': 'ada@example.com', 'passwor...t 0x000001ED8E837B00>, bob=<lib.http.Api object at 0x000001ED8E8365A0>, cy=<lib.http.Api object at 0x000001ED8E82DD00>)
ask = <function ask.<locals>._ask at 0x000001ED8E805BC0>
balance = <function balance.<locals>._balance at 0x000001ED8E806020>

    def test_s1_c26_request_paid_at_most_once(world, ask, balance):
        rq = assert_status(ask(amount=100), 201).json()
        key = new_key()
        assert_status(world.ada.post(f"/requests/{rq['request_id']}/pay", json={}, idempotency_key=key), 201)
>       assert_status(world.ada.post(f"/requests/{rq['request_id']}/pay", json={}, idempotency_key=key), 200)

..\..\..\..\AppData\Local\Temp\umbra-1125eee4-3ufqfg_b\repo\verify\stage-1\test_s1_invariants.py:23: 
_ _ _ _ _ _ _ _ _ _ _ _ _ _ _ _ _ _ _ _ _ _ _ _ _ _ _ _ _ _ _ _ _ _ _ _ _ _ _ _

resp = <Response [409 Conflict]>, expected = 200

    def assert_status(resp: httpx.Response, expected: int) -> httpx.Response:
>       assert resp.status_code == expected, f"expected {expected}, got {resp.status_code}. {_describe(resp)}"
               ^^^^^^^^^^^^^^^^^^^^^^^^^^^^
E       AssertionError: expected 200, got 409. POST /requests/rq_1a8e31eb0f86d5cdecae79da4ea21971/pay -> 409 '{"error":{"code":"request_not_pending","message":"request not pending"}}'

C:\Users\HARIHA~1\AppData\Local\Temp\umbra-1125eee4-3ufqfg_b\repo\verify\stage-1\lib\http.py:95: AssertionError
________________ test_s1_c14_pay_replay_200_when_already_paid _________________

world = namespace(fixture={'currency': 'EUR', 'minor_units': 2, 'users': [{'id': 'u_ada', 'email': 'ada@example.com', 'passwor...t 0x000001ED8F925160>, bob=<lib.http.Api object at 0x000001ED8E8519A0>, cy=<lib.http.Api object at 0x000001ED8E842300>)
ask = <function ask.<locals>._ask at 0x000001ED8F8EB100>

    def test_s1_c14_pay_replay_200_when_already_paid(world, ask):
        rq = assert_status(ask(amount=50), 201).json()
        key = new_key()
        first = assert_status(
            world.ada.post(f"/requests/{rq['request_id']}/pay", json={}, idempotency_key=key), 201
        ).json()
>       replay = assert_status(
            world.ada.post(f"/requests/{rq['request_id']}/pay", json={}, idempotency_key=key), 200
        ).json()

..\..\..\..\AppData\Local\Temp\umbra-1125eee4-3ufqfg_b\repo\verify\stage-1\test_s1_requests.py:42: 
_ _ _ _ _ _ _ _ _ _ _ _ _ _ _ _ _ _ _ _ _ _ _ _ _ _ _ _ _ _ _ _ _ _ _ _ _ _ _ _

resp = <Response [409 Conflict]>, expected = 200

    def assert_status(resp: httpx.Response, expected: int) -> httpx.Response:
>       assert resp.status_code == expected, f"expected {expected}, got {resp.status_code}. {_describe(resp)}"
               ^^^^^^^^^^^^^^^^^^^^^^^^^^^^
E       AssertionError: expected 200, got 409. POST /requests/rq_396d1961fa27c06bfa511c47c9977e95/pay -> 409 '{"error":{"code":"request_not_pending","message":"request not pending"}}'

C:\Users\HARIHA~1\AppData\Local\Temp\umbra-1125eee4-3ufqfg_b\repo\verify\stage-1\lib\http.py:95: AssertionError
____________ test_s1_c22_concurrent_identical_idempotency_one_201 _____________

world = namespace(fixture={'currency': 'EUR', 'minor_units': 2, 'users': [{'id': 'u_ada', 'email': 'ada@example.com', 'passwor...t 0x000001ED8E84FAD0>, bob=<lib.http.Api object at 0x000001ED8E8537A0>, cy=<lib.http.Api object at 0x000001ED8F9274A0>)
conservation = <function conservation.<locals>._check at 0x000001ED8F8FC720>

    def test_s1_c22_concurrent_identical_idempotency_one_201(world, conservation):
        key = new_key()
        body = {"to_handle": "bob", "amount": 50}
    
        def shoot(_i):
            return world.ada.post("/payments", json=body, idempotency_key=key)
    
        out = burst(shoot, 10)
        no_5xx(out)
        counts = tally(out)
>       assert counts.get(201) == 1, counts
E       AssertionError: {201: 10}
E       assert 10 == 1
E        +  where 10 = <built-in method get of dict object at 0x000001ED8E5064C0>(201)
E        +    where <built-in method get of dict object at 0x000001ED8E5064C0> = {201: 10}.get

..\..\..\..\AppData\Local\Temp\umbra-1125eee4-3ufqfg_b\repo\verify\stage-1\test_s1_spec_edges.py:23: AssertionError
_______________ test_s1_c22_claimed_key_before_field_validation _______________

world = namespace(fixture={'currency': 'EUR', 'minor_units': 2, 'users': [{'id': 'u_ada', 'email': 'ada@example.com', 'passwor...t 0x000001ED8E85A660>, bob=<lib.http.Api object at 0x000001ED8E834560>, cy=<lib.http.Api object at 0x000001ED8E84D8B0>)
pay = <function pay.<locals>._pay at 0x000001ED8F8FD260>

    def test_s1_c22_claimed_key_before_field_validation(world, pay):
        key = new_key()
        assert_status(pay(amount=10, key=key), 201)
>       assert_error(
            world.ada.post("/payments", json={"to_handle": "bob", "amount": 0}, idempotency_key=key),
            409,
            "idempotency_key_reuse",
        )

..\..\..\..\AppData\Local\Temp\umbra-1125eee4-3ufqfg_b\repo\verify\stage-1\test_s1_spec_edges.py:44: 
_ _ _ _ _ _ _ _ _ _ _ _ _ _ _ _ _ _ _ _ _ _ _ _ _ _ _ _ _ _ _ _ _ _ _ _ _ _ _ _

resp = <Response [422 Unprocessable Entity]>, status = 409
code = 'idempotency_key_reuse'

    def assert_error(resp: httpx.Response, status: int, code: str) -> httpx.Response:
        actual = error_code(resp) if 400 <= resp.status_code < 600 else None
>       assert resp.status_code == status and actual == code, (
               ^^^^^^^^^^^^^^^^^^^^^^^^^^^^^^^^^^^^^^^^^^^^^
            f"expected {status} {code}, got {resp.status_code} {actual}. {_describe(resp)}"
        )
E       AssertionError: expected 409 idempotency_key_reuse, got 422 validation_failed. POST /payments -> 422 '{"error":{"code":"validation_failed","message":"invalid amount"}}'

C:\Users\HARIHA~1\AppData\Local\Temp\umbra-1125eee4-3ufqfg_b\repo\verify\stage-1\lib\http.py:114: AssertionError
______________ test_s1_c14_pay_body_empty_vs_public_are_distinct ______________

world = namespace(fixture={'currency': 'EUR', 'minor_units': 2, 'users': [{'id': 'u_ada', 'email': 'ada@example.com', 'passwor...t 0x000001ED8E853530>, bob=<lib.http.Api object at 0x000001ED8E8400E0>, cy=<lib.http.Api object at 0x000001ED8E827DD0>)
ask = <function ask.<locals>._ask at 0x000001ED8F8FC400>

    def test_s1_c14_pay_body_empty_vs_public_are_distinct(world, ask):
        rq = assert_status(ask(amount=40), 201).json()["request_id"]
        key = new_key()
        assert_status(world.ada.post(f"/requests/{rq}/pay", json={}, idempotency_key=key), 201)
>       assert_error(
            world.ada.post(
                f"/requests/{rq}/pay",
                json={"visibility": "public"},
                idempotency_key=key,
            ),
            409,
            "idempotency_key_reuse",
        )

..\..\..\..\AppData\Local\Temp\umbra-1125eee4-3ufqfg_b\repo\verify\stage-1\test_s1_spec_edges.py:55: 
_ _ _ _ _ _ _ _ _ _ _ _ _ _ _ _ _ _ _ _ _ _ _ _ _ _ _ _ _ _ _ _ _ _ _ _ _ _ _ _

resp = <Response [409 Conflict]>, status = 409, code = 'idempotency_key_reuse'

    def assert_error(resp: httpx.Response, status: int, code: str) -> httpx.Response:
        actual = error_code(resp) if 400 <= resp.status_code < 600 else None
>       assert resp.status_code == status and actual == code, (
               ^^^^^^^^^^^^^^^^^^^^^^^^^^^^^^^^^^^^^^^^^^^^^
            f"expected {status} {code}, got {resp.status_code} {actual}. {_describe(resp)}"
        )
E       AssertionError: expected 409 idempotency_key_reuse, got 409 request_not_pending. POST /requests/rq_eb18e6e37370f5f0cdade581df702b3e/pay -> 409 '{"error":{"code":"request_not_pending","message":"request not pending"}}'

C:\Users\HARIHA~1\AppData\Local\Temp\umbra-1125eee4-3ufqfg_b\repo\verify\stage-1\lib\http.py:114: AssertionError
__________ test_s1_c22_idempotent_paths_requests_splits_settlements ___________

world = namespace(fixture={'currency': 'EUR', 'minor_units': 2, 'users': [{'id': 'u_ada', 'email': 'ada@example.com', 'passwor...t 0x000001ED8E837440>, bob=<lib.http.Api object at 0x000001ED8E834230>, cy=<lib.http.Api object at 0x000001ED8E82C170>)
ask = <function ask.<locals>._ask at 0x000001ED8F8FCE00>
reset = <function reset.<locals>._reset at 0x000001ED8F8EA840>
api = <function api.<locals>._api at 0x000001ED8F8FC540>

    def test_s1_c22_idempotent_paths_requests_splits_settlements(world, ask, reset, api):
        key_r = new_key()
        rq = assert_status(ask(amount=5, key=key_r), 201).json()
>       assert_status(ask(amount=5, key=key_r), 200).json() == rq
        ^^^^^^^^^^^^^^^^^^^^^^^^^^^^^^^^^^^^^^^^^^^^

..\..\..\..\AppData\Local\Temp\umbra-1125eee4-3ufqfg_b\repo\verify\stage-1\test_s1_spec_edges.py:69: 
_ _ _ _ _ _ _ _ _ _ _ _ _ _ _ _ _ _ _ _ _ _ _ _ _ _ _ _ _ _ _ _ _ _ _ _ _ _ _ _

resp = <Response [201 Created]>, expected = 200

    def assert_status(resp: httpx.Response, expected: int) -> httpx.Response:
>       assert resp.status_code == expected, f"expected {expected}, got {resp.status_code}. {_describe(resp)}"
               ^^^^^^^^^^^^^^^^^^^^^^^^^^^^
E       AssertionError: expected 200, got 201. POST /requests -> 201 '{"request_id":"rq_dc8c515144ea1d4664298f8edb27e5ce","requester_id":"u_bob","requester_handle":"bob","payer_id":"u_ada","payer_handle":"ada","amount":5,"currency":"EUR","note":"","status":"pending","payment_id":null,"created_at":"2026-10-03T13:01:04+00:00"}'

C:\Users\HARIHA~1\AppData\Local\Temp\umbra-1125eee4-3ufqfg_b\repo\verify\stage-1\lib\http.py:95: AssertionError
_______________ test_s1_c23_import_preserves_idempotency_replay _______________

world = namespace(fixture={'currency': 'EUR', 'minor_units': 2, 'users': [{'id': 'u_ada', 'email': 'ada@example.com', 'passwor...t 0x000001ED8E844320>, bob=<lib.http.Api object at 0x000001ED8F91A930>, cy=<lib.http.Api object at 0x000001ED8F91A9C0>)
pay = <function pay.<locals>._pay at 0x000001ED8F8FCFE0>
reset = <function reset.<locals>._reset at 0x000001ED8F8EBD80>

    def test_s1_c23_import_preserves_idempotency_replay(world, pay, reset):
        key = new_key()
        receipt = assert_status(pay(amount=33, key=key), 201).json()
        snap = world.ada.get("/_test/export", token=None).json()
        reset(world.fixture)
        assert_status(world.ada.post("/_test/import", json=snap, token=None), 204)
>       replay = assert_status(
            world.ada.post(
                "/payments",
                json={"to_handle": "bob", "amount": 33},
                idempotency_key=key,
            ),
            200,
        ).json()

..\..\..\..\AppData\Local\Temp\umbra-1125eee4-3ufqfg_b\repo\verify\stage-1\test_s1_spec_edges.py:192: 
_ _ _ _ _ _ _ _ _ _ _ _ _ _ _ _ _ _ _ _ _ _ _ _ _ _ _ _ _ _ _ _ _ _ _ _ _ _ _ _

resp = <Response [201 Created]>, expected = 200

    def assert_status(resp: httpx.Response, expected: int) -> httpx.Response:
>       assert resp.status_code == expected, f"expected {expected}, got {resp.status_code}. {_describe(resp)}"
               ^^^^^^^^^^^^^^^^^^^^^^^^^^^^
E       AssertionError: expected 200, got 201. POST /payments -> 201 '{"payment_id":"p_07fd92e18defedcdae9d5a52d99ec3b9","from_user_id":"u_ada","from_handle":"ada","to_user_id":"u_bob","to_handle":"bob","amount":33,"currency":"EUR","note":"","visibility":"public","request_id":null,"created_at":"2026-10-03T13:01:41+00:00"}'

C:\Users\HARIHA~1\AppData\Local\Temp\umbra-1125eee4-3ufqfg_b\repo\verify\stage-1\lib\http.py:95: AssertionError
============================== warnings summary ===============================
..\..\..\..\AppData\Local\Temp\umbra-1125eee4-3ufqfg_b\repo\verify\stage-1\test_s1_auth.py:11
  C:\Users\HARIHARAN\AppData\Local\Temp\umbra-1125eee4-3ufqfg_b\repo\verify\stage-1\test_s1_auth.py:11: PytestUnknownMarkWarning: Unknown pytest.mark.stage - is this a typo?  You can register custom marks to avoid this warning - for details, see https://docs.pytest.org/en/stable/how-to/mark.html
    pytestmark = pytest.mark.stage(1)

..\..\..\..\AppData\Local\Temp\umbra-1125eee4-3ufqfg_b\repo\verify\stage-1\test_s1_delivery.py:8
  C:\Users\HARIHARAN\AppData\Local\Temp\umbra-1125eee4-3ufqfg_b\repo\verify\stage-1\test_s1_delivery.py:8: PytestUnknownMarkWarning: Unknown pytest.mark.stage - is this a typo?  You can register custom marks to avoid this warning - for details, see https://docs.pytest.org/en/stable/how-to/mark.html
    pytestmark = pytest.mark.stage(1)

..\..\..\..\AppData\Local\Temp\umbra-1125eee4-3ufqfg_b\repo\verify\stage-1\test_s1_differential.py:12
  C:\Users\HARIHARAN\AppData\Local\Temp\umbra-1125eee4-3ufqfg_b\repo\verify\stage-1\test_s1_differential.py:12: PytestUnknownMarkWarning: Unknown pytest.mark.stage - is this a typo?  You can register custom marks to avoid this warning - for details, see https://docs.pytest.org/en/stable/how-to/mark.html
    pytestmark = pytest.mark.stage(1)

..\..\..\..\AppData\Local\Temp\umbra-1125eee4-3ufqfg_b\repo\verify\stage-1\test_s1_errors_load.py:11
  C:\Users\HARIHARAN\AppData\Local\Temp\umbra-1125eee4-3ufqfg_b\repo\verify\stage-1\test_s1_errors_load.py:11: PytestUnknownMarkWarning: Unknown pytest.mark.stage - is this a typo?  You can register custom marks to avoid this warning - for details, see https://docs.pytest.org/en/stable/how-to/mark.html
    pytestmark = pytest.mark.stage(1)

..\..\..\..\AppData\Local\Temp\umbra-1125eee4-3ufqfg_b\repo\verify\stage-1\test_s1_export_import.py:9
  C:\Users\HARIHARAN\AppData\Local\Temp\umbra-1125eee4-3ufqfg_b\repo\verify\stage-1\test_s1_export_import.py:9: PytestUnknownMarkWarning: Unknown pytest.mark.stage - is this a typo?  You can register custom marks to avoid this warning - for details, see https://docs.pytest.org/en/stable/how-to/mark.html
    pytestmark = pytest.mark.stage(1)

..\..\..\..\AppData\Local\Temp\umbra-1125eee4-3ufqfg_b\repo\verify\stage-1\test_s1_idempotency.py:8
  C:\Users\HARIHARAN\AppData\Local\Temp\umbra-1125eee4-3ufqfg_b\repo\verify\stage-1\test_s1_idempotency.py:8: PytestUnknownMarkWarning: Unknown pytest.mark.stage - is this a typo?  You can register custom marks to avoid this warning - for details, see https://docs.pytest.org/en/stable/how-to/mark.html
    pytestmark = pytest.mark.stage(1)

..\..\..\..\AppData\Local\Temp\umbra-1125eee4-3ufqfg_b\repo\verify\stage-1\test_s1_invariants.py:10
  C:\Users\HARIHARAN\AppData\Local\Temp\umbra-1125eee4-3ufqfg_b\repo\verify\stage-1\test_s1_invariants.py:10: PytestUnknownMarkWarning: Unknown pytest.mark.stage - is this a typo?  You can register custom marks to avoid this warning - for details, see https://docs.pytest.org/en/stable/how-to/mark.html
    pytestmark = pytest.mark.stage(1)

..\..\..\..\AppData\Local\Temp\umbra-1125eee4-3ufqfg_b\repo\verify\stage-1\test_s1_payments.py:9
  C:\Users\HARIHARAN\AppData\Local\Temp\umbra-1125eee4-3ufqfg_b\repo\verify\stage-1\test_s1_payments.py:9: PytestUnknownMarkWarning: Unknown pytest.mark.stage - is this a typo?  You can register custom marks to avoid this warning - for details, see https://docs.pytest.org/en/stable/how-to/mark.html
    pytestmark = pytest.mark.stage(1)

..\..\..\..\AppData\Local\Temp\umbra-1125eee4-3ufqfg_b\repo\verify\stage-1\test_s1_requests.py:8
  C:\Users\HARIHARAN\AppData\Local\Temp\umbra-1125eee4-3ufqfg_b\repo\verify\stage-1\test_s1_requests.py:8: PytestUnknownMarkWarning: Unknown pytest.mark.stage - is this a typo?  You can register custom marks to avoid this warning - for details, see https://docs.pytest.org/en/stable/how-to/mark.html
    pytestmark = pytest.mark.stage(1)

..\..\..\..\AppData\Local\Temp\umbra-1125eee4-3ufqfg_b\repo\verify\stage-1\test_s1_runtime.py:13
  C:\Users\HARIHARAN\AppData\Local\Temp\umbra-1125eee4-3ufqfg_b\repo\verify\stage-1\test_s1_runtime.py:13: PytestUnknownMarkWarning: Unknown pytest.mark.stage - is this a typo?  You can register custom marks to avoid this warning - for details, see https://docs.pytest.org/en/stable/how-to/mark.html
    pytestmark = pytest.mark.stage(1)

..\..\..\..\AppData\Local\Temp\umbra-1125eee4-3ufqfg_b\repo\verify\stage-1\test_s1_settlements.py:9
  C:\Users\HARIHARAN\AppData\Local\Temp\umbra-1125eee4-3ufqfg_b\repo\verify\stage-1\test_s1_settlements.py:9: PytestUnknownMarkWarning: Unknown pytest.mark.stage - is this a typo?  You can register custom marks to avoid this warning - for details, see https://docs.pytest.org/en/stable/how-to/mark.html
    pytestmark = pytest.mark.stage(1)

..\..\..\..\AppData\Local\Temp\umbra-1125eee4-3ufqfg_b\repo\verify\stage-1\test_s1_spec_edges.py:10
  C:\Users\HARIHARAN\AppData\Local\Temp\umbra-1125eee4-3ufqfg_b\repo\verify\stage-1\test_s1_spec_edges.py:10: PytestUnknownMarkWarning: Unknown pytest.mark.stage - is this a typo?  You can register custom marks to avoid this warning - for details, see https://docs.pytest.org/en/stable/how-to/mark.html
    pytestmark = pytest.mark.stage(1)

..\..\..\..\AppData\Local\Temp\umbra-1125eee4-3ufqfg_b\repo\verify\stage-1\test_s1_splits_activity.py:9
  C:\Users\HARIHARAN\AppData\Local\Temp\umbra-1125eee4-3ufqfg_b\repo\verify\stage-1\test_s1_splits_activity.py:9: PytestUnknownMarkWarning: Unknown pytest.mark.stage - is this a typo?  You can register custom marks to avoid this warning - for details, see https://docs.pytest.org/en/stable/how-to/mark.html
    pytestmark = pytest.mark.stage(1)

-- Docs: https://docs.pytest.org/en/stable/how-to/capture-warnings.html
=========================== short test summary info ===========================
FAILED ..\..\..\..\AppData\Local\Temp\umbra-1125eee4-3ufqfg_b\repo\verify\stage-1\test_s1_idempotency.py::test_s1_c22_idempotency_replay_and_reuse
FAILED ..\..\..\..\AppData\Local\Temp\umbra-1125eee4-3ufqfg_b\repo\verify\stage-1\test_s1_invariants.py::test_s1_c26_request_paid_at_most_once
FAILED ..\..\..\..\AppData\Local\Temp\umbra-1125eee4-3ufqfg_b\repo\verify\stage-1\test_s1_requests.py::test_s1_c14_pay_replay_200_when_already_paid
FAILED ..\..\..\..\AppData\Local\Temp\umbra-1125eee4-3ufqfg_b\repo\verify\stage-1\test_s1_spec_edges.py::test_s1_c22_concurrent_identical_idempotency_one_201
FAILED ..\..\..\..\AppData\Local\Temp\umbra-1125eee4-3ufqfg_b\repo\verify\stage-1\test_s1_spec_edges.py::test_s1_c22_claimed_key_before_field_validation
FAILED ..\..\..\..\AppData\Local\Temp\umbra-1125eee4-3ufqfg_b\repo\verify\stage-1\test_s1_spec_edges.py::test_s1_c14_pay_body_empty_vs_public_are_distinct
FAILED ..\..\..\..\AppData\Local\Temp\umbra-1125eee4-3ufqfg_b\repo\verify\stage-1\test_s1_spec_edges.py::test_s1_c22_idempotent_paths_requests_splits_settlements
FAILED ..\..\..\..\AppData\Local\Temp\umbra-1125eee4-3ufqfg_b\repo\verify\stage-1\test_s1_spec_edges.py::test_s1_c23_import_preserves_idempotency_replay
8 failed, 70 passed, 13 warnings in 437.31s (0:07:17)
......................................F.F....F......FF.F..F..FF.....F... [ 83%]
..............                                                           [100%]
================================== FAILURES ===================================
______________ test_concurrent_same_key_payment_moves_money_once ______________

boot = <function boot.<locals>._boot at 0x000001CACAC4BA60>
api = <function api.<locals>._make at 0x000001CACAC4B880>

    def test_concurrent_same_key_payment_moves_money_once(boot, api):
        """30 simultaneous identical requests with one unused key: one effect, one 201."""
        w = boot(fixture(users=[user("ada", 1000), user("bob", 0)]), handles=("ada", "bob"))
        key = new_key()
        payload = {"to_handle": "bob", "amount": 100}
    
        def one(i):
            c = api(token=w.ada.token)
            return c.post(PAY, json=payload, headers={"Idempotency-Key": key})
    
        results = race(one, 30)
        for r in results:
            assert_no_5xx(r)
        codes = [r.status_code for r in results]
>       assert codes.count(201) == 1, f"exactly one first-use must win: {codes}"
E       AssertionError: exactly one first-use must win: [201, 201, 409, 409, 409, 201, 409, 201, 409, 409, 409, 409, 409, 409, 201, 409, 201, 200, 409, 201, 409, 409, 201, 409, 201, 409, 409, 409, 200, 201]
E       assert 10 == 1
E        +  where 10 = <built-in method count of list object at 0x000001CACA8678C0>(201)
E        +    where <built-in method count of list object at 0x000001CACA8678C0> = [201, 201, 409, 409, 409, 201, ...].count

..\..\..\..\AppData\Local\Temp\umbra-1125eee4-3ufqfg_b\repo\attacks\stage-1\test_concurrency.py:60: AssertionError
____________________ test_concurrent_pay_request_same_key _____________________

boot = <function boot.<locals>._boot at 0x000001CACACCD3A0>
api = <function api.<locals>._make at 0x000001CACACCD120>

    def test_concurrent_pay_request_same_key(boot, api):
        """One request paid 30 times with the same key: replays are 200, money once."""
        w = boot(fixture(users=[user("ada", 1000), user("bob", 0)]), handles=("ada", "bob"))
        made = w.bob.post("/requests", json={"payer_handle": "ada", "amount": 100},
                          headers={"Idempotency-Key": new_key()})
        assert made.status_code == 201, made.text
        rid = made.json()["request_id"]
        key = new_key()
    
        def one(i):
            c = api(token=w.ada.token)
            return c.post(f"/requests/{rid}/pay", json={}, headers={"Idempotency-Key": key})
    
        results = race(one, 30)
        for r in results:
            assert_no_5xx(r)
        codes = [r.status_code for r in results]
        assert codes.count(201) == 1, codes
>       assert all(c in (200, 201) for c in codes), codes
E       AssertionError: [409, 409, 409, 409, 409, 409, ...]
E       assert False
E        +  where False = all(<generator object test_concurrent_pay_request_same_key.<locals>.<genexpr> at 0x000001CACA80B920>)

..\..\..\..\AppData\Local\Temp\umbra-1125eee4-3ufqfg_b\repo\attacks\stage-1\test_concurrency.py:116: AssertionError
___________ test_round_trip_preserves_balances_tokens_and_receipts ____________

world = namespace(fixture={'currency': 'EUR', 'minor_units': 2, 'users': [{'id': 'u_ada', 'email': 'ada@example.com', 'passwor...CACA6F9DF0>, <attacklib.Client object at 0x000001CACAC0FE30>], api=<function api.<locals>._make at 0x000001CACACCE020>)

    def test_round_trip_preserves_balances_tokens_and_receipts(world):
        key = new_key()
        first = world.ada.post(PAY, json={"to_handle": "bob", "amount": 123},
                               headers={"Idempotency-Key": key})
        assert_status(first, 201)
        pid = first.json()["payment_id"]
        created = first.json()["created_at"]
        ada_after = world.ada.balance()
        bob_after = world.bob.balance()
    
        snapshot = _export()
        assert_status(snapshot, 200)
    
        world.ada.post(PAY, json={"to_handle": "cy", "amount": 50},
                       headers={"Idempotency-Key": new_key()})
        assert world.ada.balance() != ada_after
    
        assert_status(_import(snapshot.json()), 204)
    
        assert world.ada.balance() == ada_after
        assert world.bob.balance() == bob_after
        assert world.ada.get("/me").status_code == 200, "token did not survive import"
    
        replay = world.ada.post(PAY, json={"to_handle": "bob", "amount": 123},
                                headers={"Idempotency-Key": key})
>       assert_status(replay, 200)

..\..\..\..\AppData\Local\Temp\umbra-1125eee4-3ufqfg_b\repo\attacks\stage-1\test_durability.py:76: 
_ _ _ _ _ _ _ _ _ _ _ _ _ _ _ _ _ _ _ _ _ _ _ _ _ _ _ _ _ _ _ _ _ _ _ _ _ _ _ _

resp = <Response [201 Created]>, expected = 200

    def assert_status(resp: httpx.Response, expected: int) -> httpx.Response:
>       assert resp.status_code == expected, f"expected {expected}. {describe(resp)}"
               ^^^^^^^^^^^^^^^^^^^^^^^^^^^^
E       AssertionError: expected 200. POST /payments -> 201 '{"payment_id":"p_488120c14be7b51319721c3baedc468a","from_user_id":"u_ada","from_handle":"ada","to_user_id":"u_bob","to_handle":"bob","amount":123,"currency":"EUR","note":"","visibility":"public","request_id":null,"created_at":"2026-10-03T13:10:44+00:00"}'

..\..\..\..\AppData\Local\Temp\umbra-1125eee4-3ufqfg_b\repo\attacks\stage-1\attacklib.py:82: AssertionError
__________ test_replay_returns_identical_body_without_second_effect ___________

world = namespace(fixture={'currency': 'EUR', 'minor_units': 2, 'users': [{'id': 'u_ada', 'email': 'ada@example.com', 'passwor...CACAC10530>, <attacklib.Client object at 0x000001CACAC10290>], api=<function api.<locals>._make at 0x000001CACACCD580>)

    def test_replay_returns_identical_body_without_second_effect(world):
        key = new_key()
        first = _pay(world.ada, 100, key=key)
        assert_status(first, 201)
        before = world.ada.balance()
        replay = _pay(world.ada, 100, key=key)
>       assert_status(replay, 200)

..\..\..\..\AppData\Local\Temp\umbra-1125eee4-3ufqfg_b\repo\attacks\stage-1\test_idempotency.py:50: 
_ _ _ _ _ _ _ _ _ _ _ _ _ _ _ _ _ _ _ _ _ _ _ _ _ _ _ _ _ _ _ _ _ _ _ _ _ _ _ _

resp = <Response [201 Created]>, expected = 200

    def assert_status(resp: httpx.Response, expected: int) -> httpx.Response:
>       assert resp.status_code == expected, f"expected {expected}. {describe(resp)}"
               ^^^^^^^^^^^^^^^^^^^^^^^^^^^^
E       AssertionError: expected 200. POST /payments -> 201 '{"payment_id":"p_368cc7fb968fc6b72fd59911d9b816d8","from_user_id":"u_ada","from_handle":"ada","to_user_id":"u_bob","to_handle":"bob","amount":100,"currency":"EUR","note":"","visibility":"public","request_id":null,"created_at":"2026-10-03T13:11:53+00:00"}'

..\..\..\..\AppData\Local\Temp\umbra-1125eee4-3ufqfg_b\repo\attacks\stage-1\attacklib.py:82: AssertionError
____________________ test_same_key_different_body_is_reuse ____________________

world = namespace(fixture={'currency': 'EUR', 'minor_units': 2, 'users': [{'id': 'u_ada', 'email': 'ada@example.com', 'passwor...CACBF890A0>, <attacklib.Client object at 0x000001CACBF88A40>], api=<function api.<locals>._make at 0x000001CACACCEF20>)

    def test_same_key_different_body_is_reuse(world):
        key = new_key()
        assert_status(_pay(world.ada, 100, to_handle="bob", key=key), 201)
        r = _pay(world.ada, 100, to_handle="cy", key=key)
>       assert_error(r, 409, "idempotency_key_reuse")

..\..\..\..\AppData\Local\Temp\umbra-1125eee4-3ufqfg_b\repo\attacks\stage-1\test_idempotency.py:59: 
_ _ _ _ _ _ _ _ _ _ _ _ _ _ _ _ _ _ _ _ _ _ _ _ _ _ _ _ _ _ _ _ _ _ _ _ _ _ _ _

resp = <Response [201 Created]>, status = 409, code = 'idempotency_key_reuse'

    def assert_error(resp: httpx.Response, status: int, code: str) -> httpx.Response:
        actual = error_code(resp) if 400 <= resp.status_code < 600 else None
>       assert resp.status_code == status and actual == code, (
               ^^^^^^^^^^^^^^^^^^^^^^^^^^^^^^^^^^^^^^^^^^^^^
            f"expected {status} {code}, got {resp.status_code} {actual}. {describe(resp)}")
E       AssertionError: expected 409 idempotency_key_reuse, got 201 None. POST /payments -> 201 '{"payment_id":"p_af2423d58f3a7343c9bb0a7caf9c46d2","from_user_id":"u_ada","from_handle":"ada","to_user_id":"u_cy","to_handle":"cy","amount":100,"currency":"EUR","note":"","visibility":"public","request_id":null,"created_at":"2026-10-03T13:12:00+00:00"}'

..\..\..\..\AppData\Local\Temp\umbra-1125eee4-3ufqfg_b\repo\attacks\stage-1\attacklib.py:105: AssertionError
___________________ test_claimed_key_wins_over_invalid_body ___________________

world = namespace(fixture={'currency': 'EUR', 'minor_units': 2, 'users': [{'id': 'u_ada', 'email': 'ada@example.com', 'passwor...CACACEA030>, <attacklib.Client object at 0x000001CACACEBF50>], api=<function api.<locals>._make at 0x000001CACA76FBA0>)

    def test_claimed_key_wins_over_invalid_body(world):
        key = new_key()
        assert_status(_pay(world.ada, 100, key=key), 201)
        r = _pay(world.ada, 0, key=key)
>       assert_error(r, 409, "idempotency_key_reuse")

..\..\..\..\AppData\Local\Temp\umbra-1125eee4-3ufqfg_b\repo\attacks\stage-1\test_idempotency.py:74: 
_ _ _ _ _ _ _ _ _ _ _ _ _ _ _ _ _ _ _ _ _ _ _ _ _ _ _ _ _ _ _ _ _ _ _ _ _ _ _ _

resp = <Response [422 Unprocessable Entity]>, status = 409
code = 'idempotency_key_reuse'

    def assert_error(resp: httpx.Response, status: int, code: str) -> httpx.Response:
        actual = error_code(resp) if 400 <= resp.status_code < 600 else None
>       assert resp.status_code == status and actual == code, (
               ^^^^^^^^^^^^^^^^^^^^^^^^^^^^^^^^^^^^^^^^^^^^^
            f"expected {status} {code}, got {resp.status_code} {actual}. {describe(resp)}")
E       AssertionError: expected 409 idempotency_key_reuse, got 422 validation_failed. POST /payments -> 422 '{"error":{"code":"validation_failed","message":"invalid amount"}}'

..\..\..\..\AppData\Local\Temp\umbra-1125eee4-3ufqfg_b\repo\attacks\stage-1\attacklib.py:105: AssertionError
_______________ test_request_pay_replay_after_paid_returns_200 ________________

world = namespace(fixture={'currency': 'EUR', 'minor_units': 2, 'users': [{'id': 'u_ada', 'email': 'ada@example.com', 'passwor...CACACEBF20>, <attacklib.Client object at 0x000001CACAC6E630>], api=<function api.<locals>._make at 0x000001CACAC59120>)

    def test_request_pay_replay_after_paid_returns_200(world):
        made = world.bob.post(REQ, json={"payer_handle": "ada", "amount": 100},
                              headers={"Idempotency-Key": new_key()})
        assert_status(made, 201)
        rid = made.json()["request_id"]
        key = new_key()
        first = world.ada.post(f"/requests/{rid}/pay", json={},
                               headers={"Idempotency-Key": key})
        assert_status(first, 201)
        assert first.json()["request_id"] == rid
        replay = world.ada.post(f"/requests/{rid}/pay", json={},
                                headers={"Idempotency-Key": key})
>       assert_status(replay, 200)

..\..\..\..\AppData\Local\Temp\umbra-1125eee4-3ufqfg_b\repo\attacks\stage-1\test_idempotency.py:107: 
_ _ _ _ _ _ _ _ _ _ _ _ _ _ _ _ _ _ _ _ _ _ _ _ _ _ _ _ _ _ _ _ _ _ _ _ _ _ _ _

resp = <Response [409 Conflict]>, expected = 200

    def assert_status(resp: httpx.Response, expected: int) -> httpx.Response:
>       assert resp.status_code == expected, f"expected {expected}. {describe(resp)}"
               ^^^^^^^^^^^^^^^^^^^^^^^^^^^^
E       AssertionError: expected 200. POST /requests/rq_908261a34d38c8e1c541af7e187968f4/pay -> 409 '{"error":{"code":"request_not_pending","message":"request not pending"}}'

..\..\..\..\AppData\Local\Temp\umbra-1125eee4-3ufqfg_b\repo\attacks\stage-1\attacklib.py:82: AssertionError
__________ test_split_replay_is_identical_and_creates_nothing_extra ___________

world = namespace(fixture={'currency': 'EUR', 'minor_units': 2, 'users': [{'id': 'u_ada', 'email': 'ada@example.com', 'passwor...CACAA933B0>, <attacklib.Client object at 0x000001CACA7B1670>], api=<function api.<locals>._make at 0x000001CACAC59300>)

    def test_split_replay_is_identical_and_creates_nothing_extra(world):
        key = new_key()
        body = {"amount": 300, "participant_handles": ["ada", "bob", "cy"], "note": "x"}
        first = world.ada.post(SPLIT, json=body, headers={"Idempotency-Key": key})
        assert_status(first, 201)
        count = len(world.bob.get(REQ).json()["requests"])
        replay = world.ada.post(SPLIT, json=body, headers={"Idempotency-Key": key})
>       assert_status(replay, 200)

..\..\..\..\AppData\Local\Temp\umbra-1125eee4-3ufqfg_b\repo\attacks\stage-1\test_idempotency.py:142: 
_ _ _ _ _ _ _ _ _ _ _ _ _ _ _ _ _ _ _ _ _ _ _ _ _ _ _ _ _ _ _ _ _ _ _ _ _ _ _ _

resp = <Response [201 Created]>, expected = 200

    def assert_status(resp: httpx.Response, expected: int) -> httpx.Response:
>       assert resp.status_code == expected, f"expected {expected}. {describe(resp)}"
               ^^^^^^^^^^^^^^^^^^^^^^^^^^^^
E       AssertionError: expected 200. POST /splits -> 201 '{"amount":300,"created_at":"2026-10-03T13:12:56+00:00","currency":"EUR","note":"x","participant_handles":["ada","bob","cy"],"requests":[{"request_id":"rq_17832104fd1186230f663842e39ce867","requester_id":"u_ada","requester_handle":"ada","payer_id":"u_bob","payer_handle":"bob","amount":100,"currency":"EUR","note":"x","status":"pending","payment_id":null,"created_at":"2026-10-03T13:12:56+00:00"},{"re...'

..\..\..\..\AppData\Local\Temp\umbra-1125eee4-3ufqfg_b\repo\attacks\stage-1\attacklib.py:82: AssertionError
_________ test_settlement_replay_is_identical_and_moves_nothing_extra _________

world = namespace(fixture={'currency': 'EUR', 'minor_units': 2, 'users': [{'id': 'u_ada', 'email': 'ada@example.com', 'passwor...CACAA90230>, <attacklib.Client object at 0x000001CACAC87650>], api=<function api.<locals>._make at 0x000001CACAC58860>)

    def test_settlement_replay_is_identical_and_moves_nothing_extra(world):
        key = new_key()
        body = {"transfers": [{"from_handle": "op", "to_handle": "bob", "amount": 300}]}
        first = world.op.post(SETTLE, json=body, headers={"Idempotency-Key": key})
        assert_status(first, 201)
        op_after = world.op.balance()
        bob_after = world.bob.balance()
        replay = world.op.post(SETTLE, json=body, headers={"Idempotency-Key": key})
>       assert_status(replay, 200)

..\..\..\..\AppData\Local\Temp\umbra-1125eee4-3ufqfg_b\repo\attacks\stage-1\test_idempotency.py:155: 
_ _ _ _ _ _ _ _ _ _ _ _ _ _ _ _ _ _ _ _ _ _ _ _ _ _ _ _ _ _ _ _ _ _ _ _ _ _ _ _

resp = <Response [201 Created]>, expected = 200

    def assert_status(resp: httpx.Response, expected: int) -> httpx.Response:
>       assert resp.status_code == expected, f"expected {expected}. {describe(resp)}"
               ^^^^^^^^^^^^^^^^^^^^^^^^^^^^
E       AssertionError: expected 200. POST /settlements -> 201 '{"committed_at":"2026-10-03T13:13:03+00:00","payments":[{"payment_id":"p_75b3bc649613ee9f696a2920a4aa8846","from_user_id":"u_op","from_handle":"op","to_user_id":"u_bob","to_handle":"bob","amount":300,"currency":"EUR","note":"","visibility":"public","request_id":null,"settlement_id":"st_823b3c579e0d8c48df959b2211e0c24b","created_at":"2026-10-03T13:13:03+00:00"}],"settlement_id":"st_823b3c579e0d8c48...'

..\..\..\..\AppData\Local\Temp\umbra-1125eee4-3ufqfg_b\repo\attacks\stage-1\attacklib.py:82: AssertionError
_______________ test_request_pay_replay_body_must_be_identical ________________

world = namespace(fixture={'currency': 'EUR', 'minor_units': 2, 'users': [{'id': 'u_ada', 'email': 'ada@example.com', 'passwor...CACAA90C50>, <attacklib.Client object at 0x000001CACA7B20F0>], api=<function api.<locals>._make at 0x000001CACAC594E0>)

    def test_request_pay_replay_body_must_be_identical(world):
        made = _ask(world.bob, payer_handle="ada")
        rid = made.json()["request_id"]
        key = new_key()
        assert_status(world.ada.post(f"/requests/{rid}/pay", json={},
                                     headers={"Idempotency-Key": key}), 201)
        r = world.ada.post(f"/requests/{rid}/pay", json={"visibility": "public"},
                           headers={"Idempotency-Key": key})
>       assert_error(r, 409, "idempotency_key_reuse")

..\..\..\..\AppData\Local\Temp\umbra-1125eee4-3ufqfg_b\repo\attacks\stage-1\test_requests.py:88: 
_ _ _ _ _ _ _ _ _ _ _ _ _ _ _ _ _ _ _ _ _ _ _ _ _ _ _ _ _ _ _ _ _ _ _ _ _ _ _ _

resp = <Response [409 Conflict]>, status = 409, code = 'idempotency_key_reuse'

    def assert_error(resp: httpx.Response, status: int, code: str) -> httpx.Response:
        actual = error_code(resp) if 400 <= resp.status_code < 600 else None
>       assert resp.status_code == status and actual == code, (
               ^^^^^^^^^^^^^^^^^^^^^^^^^^^^^^^^^^^^^^^^^^^^^
            f"expected {status} {code}, got {resp.status_code} {actual}. {describe(resp)}")
E       AssertionError: expected 409 idempotency_key_reuse, got 409 request_not_pending. POST /requests/rq_7844709060f401c1867f0a57844189b3/pay -> 409 '{"error":{"code":"request_not_pending","message":"request not pending"}}'

..\..\..\..\AppData\Local\Temp\umbra-1125eee4-3ufqfg_b\repo\attacks\stage-1\attacklib.py:105: AssertionError
=========================== short test summary info ===========================
FAILED ..\..\..\..\AppData\Local\Temp\umbra-1125eee4-3ufqfg_b\repo\attacks\stage-1\test_concurrency.py::test_concurrent_same_key_payment_moves_money_once
FAILED ..\..\..\..\AppData\Local\Temp\umbra-1125eee4-3ufqfg_b\repo\attacks\stage-1\test_concurrency.py::test_concurrent_pay_request_same_key
FAILED ..\..\..\..\AppData\Local\Temp\umbra-1125eee4-3ufqfg_b\repo\attacks\stage-1\test_durability.py::test_round_trip_preserves_balances_tokens_and_receipts
FAILED ..\..\..\..\AppData\Local\Temp\umbra-1125eee4-3ufqfg_b\repo\attacks\stage-1\test_idempotency.py::test_replay_returns_identical_body_without_second_effect
FAILED ..\..\..\..\AppData\Local\Temp\umbra-1125eee4-3ufqfg_b\repo\attacks\stage-1\test_idempotency.py::test_same_key_different_body_is_reuse
FAILED ..\..\..\..\AppData\Local\Temp\umbra-1125eee4-3ufqfg_b\repo\attacks\stage-1\test_idempotency.py::test_claimed_key_wins_over_invalid_body
FAILED ..\..\..\..\AppData\Local\Temp\umbra-1125eee4-3ufqfg_b\repo\attacks\stage-1\test_idempotency.py::test_request_pay_replay_after_paid_returns_200
FAILED ..\..\..\..\AppData\Local\Temp\umbra-1125eee4-3ufqfg_b\repo\attacks\stage-1\test_idempotency.py::test_split_replay_is_identical_and_creates_nothing_extra
FAILED ..\..\..\..\AppData\Local\Temp\umbra-1125eee4-3ufqfg_b\repo\attacks\stage-1\test_idempotency.py::test_settlement_replay_is_identical_and_moves_nothing_extra
FAILED ..\..\..\..\AppData\Local\Temp\umbra-1125eee4-3ufqfg_b\repo\attacks\stage-1\test_requests.py::test_request_pay_replay_body_must_be_identical
10 failed, 76 passed in 885.72s (0:14:45)
MUTANT m03_idempotency_no_replay.patch: killed official,verifier,breaker
mutation score 2/2 (invalid 1)

timed out after 900s
exit 124
