$ powershell -NoProfile -File evidence/certifier/reexec_accept_s2.ps1
building /mnt/c/Users/HARIHARAN/AppData/Local/Temp/umbra-bd3258e7-dbs5_4pw/repo/stage-2 ...
  stage 1: pass  (log: /mnt/c/Users/HARIHARAN/Desktop/Band/band-work/result/.umbra/runs/633082d278/stage-1.log)
building upgrade source /mnt/c/Users/HARIHARAN/AppData/Local/Temp/umbra-bd3258e7-dbs5_4pw/repo/stage-1 ...
  stage 2: pass  (log: /mnt/c/Users/HARIHARAN/Desktop/Band/band-work/result/.umbra/runs/633082d278/stage-2.log)
  stage 3: fail  (log: /mnt/c/Users/HARIHARAN/Desktop/Band/band-work/result/.umbra/runs/633082d278/stage-3.log)
highest contiguous stage: 2
claimed stage: 2 on the shipped checks
report: /mnt/c/Users/HARIHARAN/Desktop/Band/band-work/result/.umbra/runs/633082d278/report.json
NOTE: this run only includes a portion of the full tests that are applied before judging; this is meant to provide directional feedback, and ultimately you may not pass the stage with the full set of tests.
official report: C:\Users\HARIHARAN\Desktop\Band\band-work\result\.umbra\runs\633082d278\report.json
official stage 2: PASS (exit 0)
E-verifier-53: recorded exit 0, re-executed exit 0 -> REPRODUCED
..........................                                               [100%]
============================== warnings summary ===============================
verify\stage-2\test_s2_ui_testids.py:6
  C:\Users\HARIHARAN\Desktop\Band\band-work\result\verify\stage-2\test_s2_ui_testids.py:6: PytestUnknownMarkWarning: Unknown pytest.mark.stage - is this a typo?  You can register custom marks to avoid this warning - for details, see https://docs.pytest.org/en/stable/how-to/mark.html
    pytestmark = pytest.mark.stage(2)

verify\stage-2\test_s2_authorization_spec.py:11
  C:\Users\HARIHARAN\Desktop\Band\band-work\result\verify\stage-2\test_s2_authorization_spec.py:11: PytestUnknownMarkWarning: Unknown pytest.mark.stage - is this a typo?  You can register custom marks to avoid this warning - for details, see https://docs.pytest.org/en/stable/how-to/mark.html
    pytestmark = pytest.mark.stage(2)

verify\stage-2\test_s2_wallet_authorizations.py:8
  C:\Users\HARIHARAN\Desktop\Band\band-work\result\verify\stage-2\test_s2_wallet_authorizations.py:8: PytestUnknownMarkWarning: Unknown pytest.mark.stage - is this a typo?  You can register custom marks to avoid this warning - for details, see https://docs.pytest.org/en/stable/how-to/mark.html
    pytestmark = pytest.mark.stage(2)

-- Docs: https://docs.pytest.org/en/stable/how-to/capture-warnings.html
26 passed, 3 warnings in 127.40s (0:02:07)
E-verifier-54: recorded exit 0, re-executed exit 0 -> REPRODUCED
.                                                                        [100%]
============================== warnings summary ===============================
verify\stage-2\test_s2_ui_testids.py:6
  C:\Users\HARIHARAN\Desktop\Band\band-work\result\verify\stage-2\test_s2_ui_testids.py:6: PytestUnknownMarkWarning: Unknown pytest.mark.stage - is this a typo?  You can register custom marks to avoid this warning - for details, see https://docs.pytest.org/en/stable/how-to/mark.html
    pytestmark = pytest.mark.stage(2)

-- Docs: https://docs.pytest.org/en/stable/how-to/capture-warnings.html
1 passed, 1 warning in 5.47s
E-verifier-55: recorded exit 0, re-executed exit 0 -> REPRODUCED
building /mnt/c/Users/HARIHARAN/AppData/Local/Temp/umbra-b013f5e1-ti03vxfs/repo/stage-2 ...
  stage 1: pass  (log: /mnt/c/Users/HARIHARAN/Desktop/Band/band-work/result/.umbra/runs/142eff0191/stage-1.log)
building upgrade source /mnt/c/Users/HARIHARAN/AppData/Local/Temp/umbra-b013f5e1-ti03vxfs/repo/stage-1 ...
  stage 2: pass  (log: /mnt/c/Users/HARIHARAN/Desktop/Band/band-work/result/.umbra/runs/142eff0191/stage-2.log)
  stage 3: fail  (log: /mnt/c/Users/HARIHARAN/Desktop/Band/band-work/result/.umbra/runs/142eff0191/stage-3.log)
highest contiguous stage: 2
claimed stage: 2 on the shipped checks
report: /mnt/c/Users/HARIHARAN/Desktop/Band/band-work/result/.umbra/runs/142eff0191/report.json
NOTE: this run only includes a portion of the full tests that are applied before judging; this is meant to provide directional feedback, and ultimately you may not pass the stage with the full set of tests.
official report: C:\Users\HARIHARAN\Desktop\Band\band-work\result\.umbra\runs\142eff0191\report.json
official stage 2: PASS (exit 0)
E-verifier-56: recorded exit 0, re-executed exit 0 -> REPRODUCED
.                                                                        [100%]
============================== warnings summary ===============================
verify\stage-2\test_s2_ui_flows.py:8
  C:\Users\HARIHARAN\Desktop\Band\band-work\result\verify\stage-2\test_s2_ui_flows.py:8: PytestUnknownMarkWarning: Unknown pytest.mark.stage - is this a typo?  You can register custom marks to avoid this warning - for details, see https://docs.pytest.org/en/stable/how-to/mark.html
    pytestmark = pytest.mark.stage(2)

-- Docs: https://docs.pytest.org/en/stable/how-to/capture-warnings.html
1 passed, 1 warning in 30.43s
E-verifier-57: recorded exit 0, re-executed exit 0 -> REPRODUCED
.                                                                        [100%]
============================== warnings summary ===============================
verify\stage-2\test_s2_ui_testids.py:6
  C:\Users\HARIHARAN\Desktop\Band\band-work\result\verify\stage-2\test_s2_ui_testids.py:6: PytestUnknownMarkWarning: Unknown pytest.mark.stage - is this a typo?  You can register custom marks to avoid this warning - for details, see https://docs.pytest.org/en/stable/how-to/mark.html
    pytestmark = pytest.mark.stage(2)

-- Docs: https://docs.pytest.org/en/stable/how-to/capture-warnings.html
1 passed, 1 warning in 2.97s
E-verifier-59: recorded exit 0, re-executed exit 0 -> REPRODUCED
........................................................................ [ 60%]
.................................sss...........                          [100%]
============================== warnings summary ===============================
verify\stage-1\test_s1_auth.py:11
  C:\Users\HARIHARAN\Desktop\Band\band-work\result\verify\stage-1\test_s1_auth.py:11: PytestUnknownMarkWarning: Unknown pytest.mark.stage - is this a typo?  You can register custom marks to avoid this warning - for details, see https://docs.pytest.org/en/stable/how-to/mark.html
    pytestmark = pytest.mark.stage(1)

verify\stage-1\test_s1_delivery.py:8
  C:\Users\HARIHARAN\Desktop\Band\band-work\result\verify\stage-1\test_s1_delivery.py:8: PytestUnknownMarkWarning: Unknown pytest.mark.stage - is this a typo?  You can register custom marks to avoid this warning - for details, see https://docs.pytest.org/en/stable/how-to/mark.html
    pytestmark = pytest.mark.stage(1)

verify\stage-1\test_s1_differential.py:12
  C:\Users\HARIHARAN\Desktop\Band\band-work\result\verify\stage-1\test_s1_differential.py:12: PytestUnknownMarkWarning: Unknown pytest.mark.stage - is this a typo?  You can register custom marks to avoid this warning - for details, see https://docs.pytest.org/en/stable/how-to/mark.html
    pytestmark = pytest.mark.stage(1)

verify\stage-1\test_s1_errors_load.py:11
  C:\Users\HARIHARAN\Desktop\Band\band-work\result\verify\stage-1\test_s1_errors_load.py:11: PytestUnknownMarkWarning: Unknown pytest.mark.stage - is this a typo?  You can register custom marks to avoid this warning - for details, see https://docs.pytest.org/en/stable/how-to/mark.html
    pytestmark = pytest.mark.stage(1)

verify\stage-1\test_s1_export_import.py:9
  C:\Users\HARIHARAN\Desktop\Band\band-work\result\verify\stage-1\test_s1_export_import.py:9: PytestUnknownMarkWarning: Unknown pytest.mark.stage - is this a typo?  You can register custom marks to avoid this warning - for details, see https://docs.pytest.org/en/stable/how-to/mark.html
    pytestmark = pytest.mark.stage(1)

verify\stage-1\test_s1_idempotency.py:8
  C:\Users\HARIHARAN\Desktop\Band\band-work\result\verify\stage-1\test_s1_idempotency.py:8: PytestUnknownMarkWarning: Unknown pytest.mark.stage - is this a typo?  You can register custom marks to avoid this warning - for details, see https://docs.pytest.org/en/stable/how-to/mark.html
    pytestmark = pytest.mark.stage(1)

verify\stage-1\test_s1_invariants.py:10
  C:\Users\HARIHARAN\Desktop\Band\band-work\result\verify\stage-1\test_s1_invariants.py:10: PytestUnknownMarkWarning: Unknown pytest.mark.stage - is this a typo?  You can register custom marks to avoid this warning - for details, see https://docs.pytest.org/en/stable/how-to/mark.html
    pytestmark = pytest.mark.stage(1)

verify\stage-1\test_s1_payments.py:9
  C:\Users\HARIHARAN\Desktop\Band\band-work\result\verify\stage-1\test_s1_payments.py:9: PytestUnknownMarkWarning: Unknown pytest.mark.stage - is this a typo?  You can register custom marks to avoid this warning - for details, see https://docs.pytest.org/en/stable/how-to/mark.html
    pytestmark = pytest.mark.stage(1)

verify\stage-1\test_s1_requests.py:8
  C:\Users\HARIHARAN\Desktop\Band\band-work\result\verify\stage-1\test_s1_requests.py:8: PytestUnknownMarkWarning: Unknown pytest.mark.stage - is this a typo?  You can register custom marks to avoid this warning - for details, see https://docs.pytest.org/en/stable/how-to/mark.html
    pytestmark = pytest.mark.stage(1)

verify\stage-1\test_s1_runtime.py:13
  C:\Users\HARIHARAN\Desktop\Band\band-work\result\verify\stage-1\test_s1_runtime.py:13: PytestUnknownMarkWarning: Unknown pytest.mark.stage - is this a typo?  You can register custom marks to avoid this warning - for details, see https://docs.pytest.org/en/stable/how-to/mark.html
    pytestmark = pytest.mark.stage(1)

verify\stage-1\test_s1_settlements.py:9
  C:\Users\HARIHARAN\Desktop\Band\band-work\result\verify\stage-1\test_s1_settlements.py:9: PytestUnknownMarkWarning: Unknown pytest.mark.stage - is this a typo?  You can register custom marks to avoid this warning - for details, see https://docs.pytest.org/en/stable/how-to/mark.html
    pytestmark = pytest.mark.stage(1)

verify\stage-1\test_s1_spec_edges.py:10
  C:\Users\HARIHARAN\Desktop\Band\band-work\result\verify\stage-1\test_s1_spec_edges.py:10: PytestUnknownMarkWarning: Unknown pytest.mark.stage - is this a typo?  You can register custom marks to avoid this warning - for details, see https://docs.pytest.org/en/stable/how-to/mark.html
    pytestmark = pytest.mark.stage(1)

verify\stage-1\test_s1_splits_activity.py:9
  C:\Users\HARIHARAN\Desktop\Band\band-work\result\verify\stage-1\test_s1_splits_activity.py:9: PytestUnknownMarkWarning: Unknown pytest.mark.stage - is this a typo?  You can register custom marks to avoid this warning - for details, see https://docs.pytest.org/en/stable/how-to/mark.html
    pytestmark = pytest.mark.stage(1)

verify\stage-2\test_s2_authorization_spec.py:11
  C:\Users\HARIHARAN\Desktop\Band\band-work\result\verify\stage-2\test_s2_authorization_spec.py:11: PytestUnknownMarkWarning: Unknown pytest.mark.stage - is this a typo?  You can register custom marks to avoid this warning - for details, see https://docs.pytest.org/en/stable/how-to/mark.html
    pytestmark = pytest.mark.stage(2)

verify\stage-2\test_s2_concurrent_auth.py:9
  C:\Users\HARIHARAN\Desktop\Band\band-work\result\verify\stage-2\test_s2_concurrent_auth.py:9: PytestUnknownMarkWarning: Unknown pytest.mark.stage - is this a typo?  You can register custom marks to avoid this warning - for details, see https://docs.pytest.org/en/stable/how-to/mark.html
    pytestmark = pytest.mark.stage(2)

verify\stage-2\test_s2_delivery.py:8
  C:\Users\HARIHARAN\Desktop\Band\band-work\result\verify\stage-2\test_s2_delivery.py:8: PytestUnknownMarkWarning: Unknown pytest.mark.stage - is this a typo?  You can register custom marks to avoid this warning - for details, see https://docs.pytest.org/en/stable/how-to/mark.html
    pytestmark = pytest.mark.stage(2)

verify\stage-2\test_s2_differential.py:11
  C:\Users\HARIHARAN\Desktop\Band\band-work\result\verify\stage-2\test_s2_differential.py:11: PytestUnknownMarkWarning: Unknown pytest.mark.stage - is this a typo?  You can register custom marks to avoid this warning - for details, see https://docs.pytest.org/en/stable/how-to/mark.html
    pytestmark = pytest.mark.stage(2)

verify\stage-2\test_s2_regression_stage1.py:8
  C:\Users\HARIHARAN\Desktop\Band\band-work\result\verify\stage-2\test_s2_regression_stage1.py:8: PytestUnknownMarkWarning: Unknown pytest.mark.stage - is this a typo?  You can register custom marks to avoid this warning - for details, see https://docs.pytest.org/en/stable/how-to/mark.html
    pytestmark = pytest.mark.stage(2)

verify\stage-2\test_s2_routes_negotiation.py:6
  C:\Users\HARIHARAN\Desktop\Band\band-work\result\verify\stage-2\test_s2_routes_negotiation.py:6: PytestUnknownMarkWarning: Unknown pytest.mark.stage - is this a typo?  You can register custom marks to avoid this warning - for details, see https://docs.pytest.org/en/stable/how-to/mark.html
    pytestmark = pytest.mark.stage(2)

verify\stage-2\test_s2_ui_flows.py:8
  C:\Users\HARIHARAN\Desktop\Band\band-work\result\verify\stage-2\test_s2_ui_flows.py:8: PytestUnknownMarkWarning: Unknown pytest.mark.stage - is this a typo?  You can register custom marks to avoid this warning - for details, see https://docs.pytest.org/en/stable/how-to/mark.html
    pytestmark = pytest.mark.stage(2)

verify\stage-2\test_s2_ui_testids.py:6
  C:\Users\HARIHARAN\Desktop\Band\band-work\result\verify\stage-2\test_s2_ui_testids.py:6: PytestUnknownMarkWarning: Unknown pytest.mark.stage - is this a typo?  You can register custom marks to avoid this warning - for details, see https://docs.pytest.org/en/stable/how-to/mark.html
    pytestmark = pytest.mark.stage(2)

verify\stage-2\test_s2_wallet_authorizations.py:8
  C:\Users\HARIHARAN\Desktop\Band\band-work\result\verify\stage-2\test_s2_wallet_authorizations.py:8: PytestUnknownMarkWarning: Unknown pytest.mark.stage - is this a typo?  You can register custom marks to avoid this warning - for details, see https://docs.pytest.org/en/stable/how-to/mark.html
    pytestmark = pytest.mark.stage(2)

-- Docs: https://docs.pytest.org/en/stable/how-to/capture-warnings.html
116 passed, 3 skipped, 22 warnings in 472.15s (0:07:52)
E-verifier-60: recorded exit 0, re-executed exit 0 -> REPRODUCED
EEEEEEEEEEEEEEEEEEEE                                                     [100%]
=================================== ERRORS ====================================
______ ERROR at setup of test_full_final_capture_moves_money_and_closes _______

    @contextlib.contextmanager
    def map_httpcore_exceptions() -> typing.Iterator[None]:
        global HTTPCORE_EXC_MAP
        if len(HTTPCORE_EXC_MAP) == 0:
            HTTPCORE_EXC_MAP = _load_httpcore_exceptions()
        try:
>           yield

..\..\dark-factory-wearedevs\.venv\Lib\site-packages\httpx\_transports\default.py:101: 
_ _ _ _ _ _ _ _ _ _ _ _ _ _ _ _ _ _ _ _ _ _ _ _ _ _ _ _ _ _ _ _ _ _ _ _ _ _ _ _
..\..\dark-factory-wearedevs\.venv\Lib\site-packages\httpx\_transports\default.py:250: in handle_request
    resp = self._pool.handle_request(req)
           ^^^^^^^^^^^^^^^^^^^^^^^^^^^^^^
..\..\dark-factory-wearedevs\.venv\Lib\site-packages\httpcore\_sync\connection_pool.py:256: in handle_request
    raise exc from None
..\..\dark-factory-wearedevs\.venv\Lib\site-packages\httpcore\_sync\connection_pool.py:236: in handle_request
    response = connection.handle_request(
..\..\dark-factory-wearedevs\.venv\Lib\site-packages\httpcore\_sync\connection.py:101: in handle_request
    raise exc
..\..\dark-factory-wearedevs\.venv\Lib\site-packages\httpcore\_sync\connection.py:78: in handle_request
    stream = self._connect(request)
             ^^^^^^^^^^^^^^^^^^^^^^
..\..\dark-factory-wearedevs\.venv\Lib\site-packages\httpcore\_sync\connection.py:124: in _connect
    stream = self._network_backend.connect_tcp(**kwargs)
             ^^^^^^^^^^^^^^^^^^^^^^^^^^^^^^^^^^^^^^^^^^^
..\..\dark-factory-wearedevs\.venv\Lib\site-packages\httpcore\_backends\sync.py:207: in connect_tcp
    with map_exceptions(exc_map):
         ^^^^^^^^^^^^^^^^^^^^^^^
..\..\..\..\AppData\Local\Programs\Python\Python312\Lib\contextlib.py:158: in __exit__
    self.gen.throw(value)
_ _ _ _ _ _ _ _ _ _ _ _ _ _ _ _ _ _ _ _ _ _ _ _ _ _ _ _ _ _ _ _ _ _ _ _ _ _ _ _

map = {<class 'TimeoutError'>: <class 'httpcore.ConnectTimeout'>, <class 'OSError'>: <class 'httpcore.ConnectError'>}

    @contextlib.contextmanager
    def map_exceptions(map: ExceptionMapping) -> typing.Iterator[None]:
        try:
            yield
        except Exception as exc:  # noqa: PIE786
            for from_exc, to_exc in map.items():
                if isinstance(exc, from_exc):
>                   raise to_exc(exc) from exc
E                   httpcore.ConnectError: [WinError 10061] No connection could be made because the target machine actively refused it

..\..\dark-factory-wearedevs\.venv\Lib\site-packages\httpcore\_exceptions.py:14: ConnectError

The above exception was the direct cause of the following exception:

api = <function api.<locals>._make at 0x0000025D07F5F380>

    @pytest.fixture
    def world(api):
        body = fixture2()
>       resp = do_reset(body)
               ^^^^^^^^^^^^^^

attacks\stage-2\conftest.py:79: 
_ _ _ _ _ _ _ _ _ _ _ _ _ _ _ _ _ _ _ _ _ _ _ _ _ _ _ _ _ _ _ _ _ _ _ _ _ _ _ _
attacks\stage-1\attacklib.py:171: in do_reset
    return c.post("/_test/reset", json=body, timeout=RESET_TIMEOUT, token=None)
           ^^^^^^^^^^^^^^^^^^^^^^^^^^^^^^^^^^^^^^^^^^^^^^^^^^^^^^^^^^^^^^^^^^^^
attacks\stage-1\attacklib.py:56: in post
    return self.request("POST", path, **kw)
           ^^^^^^^^^^^^^^^^^^^^^^^^^^^^^^^^
attacks\stage-1\attacklib.py:50: in request
    return self._c.request(method, path, **kwargs)
           ^^^^^^^^^^^^^^^^^^^^^^^^^^^^^^^^^^^^^^^
..\..\dark-factory-wearedevs\.venv\Lib\site-packages\httpx\_client.py:825: in request
    return self.send(request, auth=auth, follow_redirects=follow_redirects)
           ^^^^^^^^^^^^^^^^^^^^^^^^^^^^^^^^^^^^^^^^^^^^^^^^^^^^^^^^^^^^^^^^
..\..\dark-factory-wearedevs\.venv\Lib\site-packages\httpx\_client.py:914: in send
    response = self._send_handling_auth(
..\..\dark-factory-wearedevs\.venv\Lib\site-packages\httpx\_client.py:942: in _send_handling_auth
    response = self._send_handling_redirects(
..\..\dark-factory-wearedevs\.venv\Lib\site-packages\httpx\_client.py:979: in _send_handling_redirects
    response = self._send_single_request(request)
               ^^^^^^^^^^^^^^^^^^^^^^^^^^^^^^^^^^
..\..\dark-factory-wearedevs\.venv\Lib\site-packages\httpx\_client.py:1014: in _send_single_request
    response = transport.handle_request(request)
               ^^^^^^^^^^^^^^^^^^^^^^^^^^^^^^^^^
..\..\dark-factory-wearedevs\.venv\Lib\site-packages\httpx\_transports\default.py:249: in handle_request
    with map_httpcore_exceptions():
         ^^^^^^^^^^^^^^^^^^^^^^^^^
..\..\..\..\AppData\Local\Programs\Python\Python312\Lib\contextlib.py:158: in __exit__
    self.gen.throw(value)
_ _ _ _ _ _ _ _ _ _ _ _ _ _ _ _ _ _ _ _ _ _ _ _ _ _ _ _ _ _ _ _ _ _ _ _ _ _ _ _

    @contextlib.contextmanager
    def map_httpcore_exceptions() -> typing.Iterator[None]:
        global HTTPCORE_EXC_MAP
        if len(HTTPCORE_EXC_MAP) == 0:
            HTTPCORE_EXC_MAP = _load_httpcore_exceptions()
        try:
            yield
        except Exception as exc:
            mapped_exc = None
    
            for from_exc, to_exc in HTTPCORE_EXC_MAP.items():
                if not isinstance(exc, from_exc):
                    continue
                # We want to map to the most specific exception we can find.
                # Eg if `exc` is an `httpcore.ReadTimeout`, we want to map to
                # `httpx.ReadTimeout`, not just `httpx.TimeoutException`.
                if mapped_exc is None or issubclass(to_exc, mapped_exc):
                    mapped_exc = to_exc
    
            if mapped_exc is None:  # pragma: no cover
                raise
    
            message = str(exc)
>           raise mapped_exc(message) from exc
E           httpx.ConnectError: [WinError 10061] No connection could be made because the target machine actively refused it

..\..\dark-factory-wearedevs\.venv\Lib\site-packages\httpx\_transports\default.py:118: ConnectError
_ ERROR at setup of test_partial_final_capture_releases_remainder_immediately _

    @contextlib.contextmanager
    def map_httpcore_exceptions() -> typing.Iterator[None]:
        global HTTPCORE_EXC_MAP
        if len(HTTPCORE_EXC_MAP) == 0:
            HTTPCORE_EXC_MAP = _load_httpcore_exceptions()
        try:
>           yield

..\..\dark-factory-wearedevs\.venv\Lib\site-packages\httpx\_transports\default.py:101: 
_ _ _ _ _ _ _ _ _ _ _ _ _ _ _ _ _ _ _ _ _ _ _ _ _ _ _ _ _ _ _ _ _ _ _ _ _ _ _ _
..\..\dark-factory-wearedevs\.venv\Lib\site-packages\httpx\_transports\default.py:250: in handle_request
    resp = self._pool.handle_request(req)
           ^^^^^^^^^^^^^^^^^^^^^^^^^^^^^^
..\..\dark-factory-wearedevs\.venv\Lib\site-packages\httpcore\_sync\connection_pool.py:256: in handle_request
    raise exc from None
..\..\dark-factory-wearedevs\.venv\Lib\site-packages\httpcore\_sync\connection_pool.py:236: in handle_request
    response = connection.handle_request(
..\..\dark-factory-wearedevs\.venv\Lib\site-packages\httpcore\_sync\connection.py:101: in handle_request
    raise exc
..\..\dark-factory-wearedevs\.venv\Lib\site-packages\httpcore\_sync\connection.py:78: in handle_request
    stream = self._connect(request)
             ^^^^^^^^^^^^^^^^^^^^^^
..\..\dark-factory-wearedevs\.venv\Lib\site-packages\httpcore\_sync\connection.py:124: in _connect
    stream = self._network_backend.connect_tcp(**kwargs)
             ^^^^^^^^^^^^^^^^^^^^^^^^^^^^^^^^^^^^^^^^^^^
..\..\dark-factory-wearedevs\.venv\Lib\site-packages\httpcore\_backends\sync.py:207: in connect_tcp
    with map_exceptions(exc_map):
         ^^^^^^^^^^^^^^^^^^^^^^^
..\..\..\..\AppData\Local\Programs\Python\Python312\Lib\contextlib.py:158: in __exit__
    self.gen.throw(value)
_ _ _ _ _ _ _ _ _ _ _ _ _ _ _ _ _ _ _ _ _ _ _ _ _ _ _ _ _ _ _ _ _ _ _ _ _ _ _ _

map = {<class 'TimeoutError'>: <class 'httpcore.ConnectTimeout'>, <class 'OSError'>: <class 'httpcore.ConnectError'>}

    @contextlib.contextmanager
    def map_exceptions(map: ExceptionMapping) -> typing.Iterator[None]:
        try:
            yield
        except Exception as exc:  # noqa: PIE786
            for from_exc, to_exc in map.items():
                if isinstance(exc, from_exc):
>                   raise to_exc(exc) from exc
E                   httpcore.ConnectError: [WinError 10061] No connection could be made because the target machine actively refused it

..\..\dark-factory-wearedevs\.venv\Lib\site-packages\httpcore\_exceptions.py:14: ConnectError

The above exception was the direct cause of the following exception:

api = <function api.<locals>._make at 0x0000025D08085B20>

    @pytest.fixture
    def world(api):
        body = fixture2()
>       resp = do_reset(body)
               ^^^^^^^^^^^^^^

attacks\stage-2\conftest.py:79: 
_ _ _ _ _ _ _ _ _ _ _ _ _ _ _ _ _ _ _ _ _ _ _ _ _ _ _ _ _ _ _ _ _ _ _ _ _ _ _ _
attacks\stage-1\attacklib.py:171: in do_reset
    return c.post("/_test/reset", json=body, timeout=RESET_TIMEOUT, token=None)
           ^^^^^^^^^^^^^^^^^^^^^^^^^^^^^^^^^^^^^^^^^^^^^^^^^^^^^^^^^^^^^^^^^^^^
attacks\stage-1\attacklib.py:56: in post
    return self.request("POST", path, **kw)
           ^^^^^^^^^^^^^^^^^^^^^^^^^^^^^^^^
attacks\stage-1\attacklib.py:50: in request
    return self._c.request(method, path, **kwargs)
           ^^^^^^^^^^^^^^^^^^^^^^^^^^^^^^^^^^^^^^^
..\..\dark-factory-wearedevs\.venv\Lib\site-packages\httpx\_client.py:825: in request
    return self.send(request, auth=auth, follow_redirects=follow_redirects)
           ^^^^^^^^^^^^^^^^^^^^^^^^^^^^^^^^^^^^^^^^^^^^^^^^^^^^^^^^^^^^^^^^
..\..\dark-factory-wearedevs\.venv\Lib\site-packages\httpx\_client.py:914: in send
    response = self._send_handling_auth(
..\..\dark-factory-wearedevs\.venv\Lib\site-packages\httpx\_client.py:942: in _send_handling_auth
    response = self._send_handling_redirects(
..\..\dark-factory-wearedevs\.venv\Lib\site-packages\httpx\_client.py:979: in _send_handling_redirects
    response = self._send_single_request(request)
               ^^^^^^^^^^^^^^^^^^^^^^^^^^^^^^^^^^
..\..\dark-factory-wearedevs\.venv\Lib\site-packages\httpx\_client.py:1014: in _send_single_request
    response = transport.handle_request(request)
               ^^^^^^^^^^^^^^^^^^^^^^^^^^^^^^^^^
..\..\dark-factory-wearedevs\.venv\Lib\site-packages\httpx\_transports\default.py:249: in handle_request
    with map_httpcore_exceptions():
         ^^^^^^^^^^^^^^^^^^^^^^^^^
..\..\..\..\AppData\Local\Programs\Python\Python312\Lib\contextlib.py:158: in __exit__
    self.gen.throw(value)
_ _ _ _ _ _ _ _ _ _ _ _ _ _ _ _ _ _ _ _ _ _ _ _ _ _ _ _ _ _ _ _ _ _ _ _ _ _ _ _

    @contextlib.contextmanager
    def map_httpcore_exceptions() -> typing.Iterator[None]:
        global HTTPCORE_EXC_MAP
        if len(HTTPCORE_EXC_MAP) == 0:
            HTTPCORE_EXC_MAP = _load_httpcore_exceptions()
        try:
            yield
        except Exception as exc:
            mapped_exc = None
    
            for from_exc, to_exc in HTTPCORE_EXC_MAP.items():
                if not isinstance(exc, from_exc):
                    continue
                # We want to map to the most specific exception we can find.
                # Eg if `exc` is an `httpcore.ReadTimeout`, we want to map to
                # `httpx.ReadTimeout`, not just `httpx.TimeoutException`.
                if mapped_exc is None or issubclass(to_exc, mapped_exc):
                    mapped_exc = to_exc
    
            if mapped_exc is None:  # pragma: no cover
                raise
    
            message = str(exc)
>           raise mapped_exc(message) from exc
E           httpx.ConnectError: [WinError 10061] No connection could be made because the target machine actively refused it

..\..\dark-factory-wearedevs\.venv\Lib\site-packages\httpx\_transports\default.py:118: ConnectError
____ ERROR at setup of test_second_capture_after_final_capture_is_not_open ____

    @contextlib.contextmanager
    def map_httpcore_exceptions() -> typing.Iterator[None]:
        global HTTPCORE_EXC_MAP
        if len(HTTPCORE_EXC_MAP) == 0:
            HTTPCORE_EXC_MAP = _load_httpcore_exceptions()
        try:
>           yield

..\..\dark-factory-wearedevs\.venv\Lib\site-packages\httpx\_transports\default.py:101: 
_ _ _ _ _ _ _ _ _ _ _ _ _ _ _ _ _ _ _ _ _ _ _ _ _ _ _ _ _ _ _ _ _ _ _ _ _ _ _ _
..\..\dark-factory-wearedevs\.venv\Lib\site-packages\httpx\_transports\default.py:250: in handle_request
    resp = self._pool.handle_request(req)
           ^^^^^^^^^^^^^^^^^^^^^^^^^^^^^^
..\..\dark-factory-wearedevs\.venv\Lib\site-packages\httpcore\_sync\connection_pool.py:256: in handle_request
    raise exc from None
..\..\dark-factory-wearedevs\.venv\Lib\site-packages\httpcore\_sync\connection_pool.py:236: in handle_request
    response = connection.handle_request(
..\..\dark-factory-wearedevs\.venv\Lib\site-packages\httpcore\_sync\connection.py:101: in handle_request
    raise exc
..\..\dark-factory-wearedevs\.venv\Lib\site-packages\httpcore\_sync\connection.py:78: in handle_request
    stream = self._connect(request)
             ^^^^^^^^^^^^^^^^^^^^^^
..\..\dark-factory-wearedevs\.venv\Lib\site-packages\httpcore\_sync\connection.py:124: in _connect
    stream = self._network_backend.connect_tcp(**kwargs)
             ^^^^^^^^^^^^^^^^^^^^^^^^^^^^^^^^^^^^^^^^^^^
..\..\dark-factory-wearedevs\.venv\Lib\site-packages\httpcore\_backends\sync.py:207: in connect_tcp
    with map_exceptions(exc_map):
         ^^^^^^^^^^^^^^^^^^^^^^^
..\..\..\..\AppData\Local\Programs\Python\Python312\Lib\contextlib.py:158: in __exit__
    self.gen.throw(value)
_ _ _ _ _ _ _ _ _ _ _ _ _ _ _ _ _ _ _ _ _ _ _ _ _ _ _ _ _ _ _ _ _ _ _ _ _ _ _ _

map = {<class 'TimeoutError'>: <class 'httpcore.ConnectTimeout'>, <class 'OSError'>: <class 'httpcore.ConnectError'>}

    @contextlib.contextmanager
    def map_exceptions(map: ExceptionMapping) -> typing.Iterator[None]:
        try:
            yield
        except Exception as exc:  # noqa: PIE786
            for from_exc, to_exc in map.items():
                if isinstance(exc, from_exc):
>                   raise to_exc(exc) from exc
E                   httpcore.ConnectError: [WinError 10061] No connection could be made because the target machine actively refused it

..\..\dark-factory-wearedevs\.venv\Lib\site-packages\httpcore\_exceptions.py:14: ConnectError

The above exception was the direct cause of the following exception:

api = <function api.<locals>._make at 0x0000025D080863E0>

    @pytest.fixture
    def world(api):
        body = fixture2()
>       resp = do_reset(body)
               ^^^^^^^^^^^^^^

attacks\stage-2\conftest.py:79: 
_ _ _ _ _ _ _ _ _ _ _ _ _ _ _ _ _ _ _ _ _ _ _ _ _ _ _ _ _ _ _ _ _ _ _ _ _ _ _ _
attacks\stage-1\attacklib.py:171: in do_reset
    return c.post("/_test/reset", json=body, timeout=RESET_TIMEOUT, token=None)
           ^^^^^^^^^^^^^^^^^^^^^^^^^^^^^^^^^^^^^^^^^^^^^^^^^^^^^^^^^^^^^^^^^^^^
attacks\stage-1\attacklib.py:56: in post
    return self.request("POST", path, **kw)
           ^^^^^^^^^^^^^^^^^^^^^^^^^^^^^^^^
attacks\stage-1\attacklib.py:50: in request
    return self._c.request(method, path, **kwargs)
           ^^^^^^^^^^^^^^^^^^^^^^^^^^^^^^^^^^^^^^^
..\..\dark-factory-wearedevs\.venv\Lib\site-packages\httpx\_client.py:825: in request
    return self.send(request, auth=auth, follow_redirects=follow_redirects)
           ^^^^^^^^^^^^^^^^^^^^^^^^^^^^^^^^^^^^^^^^^^^^^^^^^^^^^^^^^^^^^^^^
..\..\dark-factory-wearedevs\.venv\Lib\site-packages\httpx\_client.py:914: in send
    response = self._send_handling_auth(
..\..\dark-factory-wearedevs\.venv\Lib\site-packages\httpx\_client.py:942: in _send_handling_auth
    response = self._send_handling_redirects(
..\..\dark-factory-wearedevs\.venv\Lib\site-packages\httpx\_client.py:979: in _send_handling_redirects
    response = self._send_single_request(request)
               ^^^^^^^^^^^^^^^^^^^^^^^^^^^^^^^^^^
..\..\dark-factory-wearedevs\.venv\Lib\site-packages\httpx\_client.py:1014: in _send_single_request
    response = transport.handle_request(request)
               ^^^^^^^^^^^^^^^^^^^^^^^^^^^^^^^^^
..\..\dark-factory-wearedevs\.venv\Lib\site-packages\httpx\_transports\default.py:249: in handle_request
    with map_httpcore_exceptions():
         ^^^^^^^^^^^^^^^^^^^^^^^^^
..\..\..\..\AppData\Local\Programs\Python\Python312\Lib\contextlib.py:158: in __exit__
    self.gen.throw(value)
_ _ _ _ _ _ _ _ _ _ _ _ _ _ _ _ _ _ _ _ _ _ _ _ _ _ _ _ _ _ _ _ _ _ _ _ _ _ _ _

    @contextlib.contextmanager
    def map_httpcore_exceptions() -> typing.Iterator[None]:
        global HTTPCORE_EXC_MAP
        if len(HTTPCORE_EXC_MAP) == 0:
            HTTPCORE_EXC_MAP = _load_httpcore_exceptions()
        try:
            yield
        except Exception as exc:
            mapped_exc = None
    
            for from_exc, to_exc in HTTPCORE_EXC_MAP.items():
                if not isinstance(exc, from_exc):
                    continue
                # We want to map to the most specific exception we can find.
                # Eg if `exc` is an `httpcore.ReadTimeout`, we want to map to
                # `httpx.ReadTimeout`, not just `httpx.TimeoutException`.
                if mapped_exc is None or issubclass(to_exc, mapped_exc):
                    mapped_exc = to_exc
    
            if mapped_exc is None:  # pragma: no cover
                raise
    
            message = str(exc)
>           raise mapped_exc(message) from exc
E           httpx.ConnectError: [WinError 10061] No connection could be made because the target machine actively refused it

..\..\dark-factory-wearedevs\.venv\Lib\site-packages\httpx\_transports\default.py:118: ConnectError
________ ERROR at setup of test_extended_capture_keeps_remainder_held _________

    @contextlib.contextmanager
    def map_httpcore_exceptions() -> typing.Iterator[None]:
        global HTTPCORE_EXC_MAP
        if len(HTTPCORE_EXC_MAP) == 0:
            HTTPCORE_EXC_MAP = _load_httpcore_exceptions()
        try:
>           yield

..\..\dark-factory-wearedevs\.venv\Lib\site-packages\httpx\_transports\default.py:101: 
_ _ _ _ _ _ _ _ _ _ _ _ _ _ _ _ _ _ _ _ _ _ _ _ _ _ _ _ _ _ _ _ _ _ _ _ _ _ _ _
..\..\dark-factory-wearedevs\.venv\Lib\site-packages\httpx\_transports\default.py:250: in handle_request
    resp = self._pool.handle_request(req)
           ^^^^^^^^^^^^^^^^^^^^^^^^^^^^^^
..\..\dark-factory-wearedevs\.venv\Lib\site-packages\httpcore\_sync\connection_pool.py:256: in handle_request
    raise exc from None
..\..\dark-factory-wearedevs\.venv\Lib\site-packages\httpcore\_sync\connection_pool.py:236: in handle_request
    response = connection.handle_request(
..\..\dark-factory-wearedevs\.venv\Lib\site-packages\httpcore\_sync\connection.py:101: in handle_request
    raise exc
..\..\dark-factory-wearedevs\.venv\Lib\site-packages\httpcore\_sync\connection.py:78: in handle_request
    stream = self._connect(request)
             ^^^^^^^^^^^^^^^^^^^^^^
..\..\dark-factory-wearedevs\.venv\Lib\site-packages\httpcore\_sync\connection.py:124: in _connect
    stream = self._network_backend.connect_tcp(**kwargs)
             ^^^^^^^^^^^^^^^^^^^^^^^^^^^^^^^^^^^^^^^^^^^
..\..\dark-factory-wearedevs\.venv\Lib\site-packages\httpcore\_backends\sync.py:207: in connect_tcp
    with map_exceptions(exc_map):
         ^^^^^^^^^^^^^^^^^^^^^^^
..\..\..\..\AppData\Local\Programs\Python\Python312\Lib\contextlib.py:158: in __exit__
    self.gen.throw(value)
_ _ _ _ _ _ _ _ _ _ _ _ _ _ _ _ _ _ _ _ _ _ _ _ _ _ _ _ _ _ _ _ _ _ _ _ _ _ _ _

map = {<class 'TimeoutError'>: <class 'httpcore.ConnectTimeout'>, <class 'OSError'>: <class 'httpcore.ConnectError'>}

    @contextlib.contextmanager
    def map_exceptions(map: ExceptionMapping) -> typing.Iterator[None]:
        try:
            yield
        except Exception as exc:  # noqa: PIE786
            for from_exc, to_exc in map.items():
                if isinstance(exc, from_exc):
>                   raise to_exc(exc) from exc
E                   httpcore.ConnectError: [WinError 10061] No connection could be made because the target machine actively refused it

..\..\dark-factory-wearedevs\.venv\Lib\site-packages\httpcore\_exceptions.py:14: ConnectError

The above exception was the direct cause of the following exception:

api = <function api.<locals>._make at 0x0000025D080853A0>

    @pytest.fixture
    def world(api):
        body = fixture2()
>       resp = do_reset(body)
               ^^^^^^^^^^^^^^

attacks\stage-2\conftest.py:79: 
_ _ _ _ _ _ _ _ _ _ _ _ _ _ _ _ _ _ _ _ _ _ _ _ _ _ _ _ _ _ _ _ _ _ _ _ _ _ _ _
attacks\stage-1\attacklib.py:171: in do_reset
    return c.post("/_test/reset", json=body, timeout=RESET_TIMEOUT, token=None)
           ^^^^^^^^^^^^^^^^^^^^^^^^^^^^^^^^^^^^^^^^^^^^^^^^^^^^^^^^^^^^^^^^^^^^
attacks\stage-1\attacklib.py:56: in post
    return self.request("POST", path, **kw)
           ^^^^^^^^^^^^^^^^^^^^^^^^^^^^^^^^
attacks\stage-1\attacklib.py:50: in request
    return self._c.request(method, path, **kwargs)
           ^^^^^^^^^^^^^^^^^^^^^^^^^^^^^^^^^^^^^^^
..\..\dark-factory-wearedevs\.venv\Lib\site-packages\httpx\_client.py:825: in request
    return self.send(request, auth=auth, follow_redirects=follow_redirects)
           ^^^^^^^^^^^^^^^^^^^^^^^^^^^^^^^^^^^^^^^^^^^^^^^^^^^^^^^^^^^^^^^^
..\..\dark-factory-wearedevs\.venv\Lib\site-packages\httpx\_client.py:914: in send
    response = self._send_handling_auth(
..\..\dark-factory-wearedevs\.venv\Lib\site-packages\httpx\_client.py:942: in _send_handling_auth
    response = self._send_handling_redirects(
..\..\dark-factory-wearedevs\.venv\Lib\site-packages\httpx\_client.py:979: in _send_handling_redirects
    response = self._send_single_request(request)
               ^^^^^^^^^^^^^^^^^^^^^^^^^^^^^^^^^^
..\..\dark-factory-wearedevs\.venv\Lib\site-packages\httpx\_client.py:1014: in _send_single_request
    response = transport.handle_request(request)
               ^^^^^^^^^^^^^^^^^^^^^^^^^^^^^^^^^
..\..\dark-factory-wearedevs\.venv\Lib\site-packages\httpx\_transports\default.py:249: in handle_request
    with map_httpcore_exceptions():
         ^^^^^^^^^^^^^^^^^^^^^^^^^
..\..\..\..\AppData\Local\Programs\Python\Python312\Lib\contextlib.py:158: in __exit__
    self.gen.throw(value)
_ _ _ _ _ _ _ _ _ _ _ _ _ _ _ _ _ _ _ _ _ _ _ _ _ _ _ _ _ _ _ _ _ _ _ _ _ _ _ _

    @contextlib.contextmanager
    def map_httpcore_exceptions() -> typing.Iterator[None]:
        global HTTPCORE_EXC_MAP
        if len(HTTPCORE_EXC_MAP) == 0:
            HTTPCORE_EXC_MAP = _load_httpcore_exceptions()
        try:
            yield
        except Exception as exc:
            mapped_exc = None
    
            for from_exc, to_exc in HTTPCORE_EXC_MAP.items():
                if not isinstance(exc, from_exc):
                    continue
                # We want to map to the most specific exception we can find.
                # Eg if `exc` is an `httpcore.ReadTimeout`, we want to map to
                # `httpx.ReadTimeout`, not just `httpx.TimeoutException`.
                if mapped_exc is None or issubclass(to_exc, mapped_exc):
                    mapped_exc = to_exc
    
            if mapped_exc is None:  # pragma: no cover
                raise
    
            message = str(exc)
>           raise mapped_exc(message) from exc
E           httpx.ConnectError: [WinError 10061] No connection could be made because the target machine actively refused it

..\..\dark-factory-wearedevs\.venv\Lib\site-packages\httpx\_transports\default.py:118: ConnectError
__________ ERROR at setup of test_capture_exceeding_remaining_is_422 __________

    @contextlib.contextmanager
    def map_httpcore_exceptions() -> typing.Iterator[None]:
        global HTTPCORE_EXC_MAP
        if len(HTTPCORE_EXC_MAP) == 0:
            HTTPCORE_EXC_MAP = _load_httpcore_exceptions()
        try:
>           yield

..\..\dark-factory-wearedevs\.venv\Lib\site-packages\httpx\_transports\default.py:101: 
_ _ _ _ _ _ _ _ _ _ _ _ _ _ _ _ _ _ _ _ _ _ _ _ _ _ _ _ _ _ _ _ _ _ _ _ _ _ _ _
..\..\dark-factory-wearedevs\.venv\Lib\site-packages\httpx\_transports\default.py:250: in handle_request
    resp = self._pool.handle_request(req)
           ^^^^^^^^^^^^^^^^^^^^^^^^^^^^^^
..\..\dark-factory-wearedevs\.venv\Lib\site-packages\httpcore\_sync\connection_pool.py:256: in handle_request
    raise exc from None
..\..\dark-factory-wearedevs\.venv\Lib\site-packages\httpcore\_sync\connection_pool.py:236: in handle_request
    response = connection.handle_request(
..\..\dark-factory-wearedevs\.venv\Lib\site-packages\httpcore\_sync\connection.py:101: in handle_request
    raise exc
..\..\dark-factory-wearedevs\.venv\Lib\site-packages\httpcore\_sync\connection.py:78: in handle_request
    stream = self._connect(request)
             ^^^^^^^^^^^^^^^^^^^^^^
..\..\dark-factory-wearedevs\.venv\Lib\site-packages\httpcore\_sync\connection.py:124: in _connect
    stream = self._network_backend.connect_tcp(**kwargs)
             ^^^^^^^^^^^^^^^^^^^^^^^^^^^^^^^^^^^^^^^^^^^
..\..\dark-factory-wearedevs\.venv\Lib\site-packages\httpcore\_backends\sync.py:207: in connect_tcp
    with map_exceptions(exc_map):
         ^^^^^^^^^^^^^^^^^^^^^^^
..\..\..\..\AppData\Local\Programs\Python\Python312\Lib\contextlib.py:158: in __exit__
    self.gen.throw(value)
_ _ _ _ _ _ _ _ _ _ _ _ _ _ _ _ _ _ _ _ _ _ _ _ _ _ _ _ _ _ _ _ _ _ _ _ _ _ _ _

map = {<class 'TimeoutError'>: <class 'httpcore.ConnectTimeout'>, <class 'OSError'>: <class 'httpcore.ConnectError'>}

    @contextlib.contextmanager
    def map_exceptions(map: ExceptionMapping) -> typing.Iterator[None]:
        try:
            yield
        except Exception as exc:  # noqa: PIE786
            for from_exc, to_exc in map.items():
                if isinstance(exc, from_exc):
>                   raise to_exc(exc) from exc
E                   httpcore.ConnectError: [WinError 10061] No connection could be made because the target machine actively refused it

..\..\dark-factory-wearedevs\.venv\Lib\site-packages\httpcore\_exceptions.py:14: ConnectError

The above exception was the direct cause of the following exception:

api = <function api.<locals>._make at 0x0000025D08044D60>

    @pytest.fixture
    def world(api):
        body = fixture2()
>       resp = do_reset(body)
               ^^^^^^^^^^^^^^

attacks\stage-2\conftest.py:79: 
_ _ _ _ _ _ _ _ _ _ _ _ _ _ _ _ _ _ _ _ _ _ _ _ _ _ _ _ _ _ _ _ _ _ _ _ _ _ _ _
attacks\stage-1\attacklib.py:171: in do_reset
    return c.post("/_test/reset", json=body, timeout=RESET_TIMEOUT, token=None)
           ^^^^^^^^^^^^^^^^^^^^^^^^^^^^^^^^^^^^^^^^^^^^^^^^^^^^^^^^^^^^^^^^^^^^
attacks\stage-1\attacklib.py:56: in post
    return self.request("POST", path, **kw)
           ^^^^^^^^^^^^^^^^^^^^^^^^^^^^^^^^
attacks\stage-1\attacklib.py:50: in request
    return self._c.request(method, path, **kwargs)
           ^^^^^^^^^^^^^^^^^^^^^^^^^^^^^^^^^^^^^^^
..\..\dark-factory-wearedevs\.venv\Lib\site-packages\httpx\_client.py:825: in request
    return self.send(request, auth=auth, follow_redirects=follow_redirects)
           ^^^^^^^^^^^^^^^^^^^^^^^^^^^^^^^^^^^^^^^^^^^^^^^^^^^^^^^^^^^^^^^^
..\..\dark-factory-wearedevs\.venv\Lib\site-packages\httpx\_client.py:914: in send
    response = self._send_handling_auth(
..\..\dark-factory-wearedevs\.venv\Lib\site-packages\httpx\_client.py:942: in _send_handling_auth
    response = self._send_handling_redirects(
..\..\dark-factory-wearedevs\.venv\Lib\site-packages\httpx\_client.py:979: in _send_handling_redirects
    response = self._send_single_request(request)
               ^^^^^^^^^^^^^^^^^^^^^^^^^^^^^^^^^^
..\..\dark-factory-wearedevs\.venv\Lib\site-packages\httpx\_client.py:1014: in _send_single_request
    response = transport.handle_request(request)
               ^^^^^^^^^^^^^^^^^^^^^^^^^^^^^^^^^
..\..\dark-factory-wearedevs\.venv\Lib\site-packages\httpx\_transports\default.py:249: in handle_request
    with map_httpcore_exceptions():
         ^^^^^^^^^^^^^^^^^^^^^^^^^
..\..\..\..\AppData\Local\Programs\Python\Python312\Lib\contextlib.py:158: in __exit__
    self.gen.throw(value)
_ _ _ _ _ _ _ _ _ _ _ _ _ _ _ _ _ _ _ _ _ _ _ _ _ _ _ _ _ _ _ _ _ _ _ _ _ _ _ _

    @contextlib.contextmanager
    def map_httpcore_exceptions() -> typing.Iterator[None]:
        global HTTPCORE_EXC_MAP
        if len(HTTPCORE_EXC_MAP) == 0:
            HTTPCORE_EXC_MAP = _load_httpcore_exceptions()
        try:
            yield
        except Exception as exc:
            mapped_exc = None
    
            for from_exc, to_exc in HTTPCORE_EXC_MAP.items():
                if not isinstance(exc, from_exc):
                    continue
                # We want to map to the most specific exception we can find.
                # Eg if `exc` is an `httpcore.ReadTimeout`, we want to map to
                # `httpx.ReadTimeout`, not just `httpx.TimeoutException`.
                if mapped_exc is None or issubclass(to_exc, mapped_exc):
                    mapped_exc = to_exc
    
            if mapped_exc is None:  # pragma: no cover
                raise
    
            message = str(exc)
>           raise mapped_exc(message) from exc
E           httpx.ConnectError: [WinError 10061] No connection could be made because the target machine actively refused it

..\..\dark-factory-wearedevs\.venv\Lib\site-packages\httpx\_transports\default.py:118: ConnectError
____________ ERROR at setup of test_capture_invalid_amount_is_422 _____________

    @contextlib.contextmanager
    def map_httpcore_exceptions() -> typing.Iterator[None]:
        global HTTPCORE_EXC_MAP
        if len(HTTPCORE_EXC_MAP) == 0:
            HTTPCORE_EXC_MAP = _load_httpcore_exceptions()
        try:
>           yield

..\..\dark-factory-wearedevs\.venv\Lib\site-packages\httpx\_transports\default.py:101: 
_ _ _ _ _ _ _ _ _ _ _ _ _ _ _ _ _ _ _ _ _ _ _ _ _ _ _ _ _ _ _ _ _ _ _ _ _ _ _ _
..\..\dark-factory-wearedevs\.venv\Lib\site-packages\httpx\_transports\default.py:250: in handle_request
    resp = self._pool.handle_request(req)
           ^^^^^^^^^^^^^^^^^^^^^^^^^^^^^^
..\..\dark-factory-wearedevs\.venv\Lib\site-packages\httpcore\_sync\connection_pool.py:256: in handle_request
    raise exc from None
..\..\dark-factory-wearedevs\.venv\Lib\site-packages\httpcore\_sync\connection_pool.py:236: in handle_request
    response = connection.handle_request(
..\..\dark-factory-wearedevs\.venv\Lib\site-packages\httpcore\_sync\connection.py:101: in handle_request
    raise exc
..\..\dark-factory-wearedevs\.venv\Lib\site-packages\httpcore\_sync\connection.py:78: in handle_request
    stream = self._connect(request)
             ^^^^^^^^^^^^^^^^^^^^^^
..\..\dark-factory-wearedevs\.venv\Lib\site-packages\httpcore\_sync\connection.py:124: in _connect
    stream = self._network_backend.connect_tcp(**kwargs)
             ^^^^^^^^^^^^^^^^^^^^^^^^^^^^^^^^^^^^^^^^^^^
..\..\dark-factory-wearedevs\.venv\Lib\site-packages\httpcore\_backends\sync.py:207: in connect_tcp
    with map_exceptions(exc_map):
         ^^^^^^^^^^^^^^^^^^^^^^^
..\..\..\..\AppData\Local\Programs\Python\Python312\Lib\contextlib.py:158: in __exit__
    self.gen.throw(value)
_ _ _ _ _ _ _ _ _ _ _ _ _ _ _ _ _ _ _ _ _ _ _ _ _ _ _ _ _ _ _ _ _ _ _ _ _ _ _ _

map = {<class 'TimeoutError'>: <class 'httpcore.ConnectTimeout'>, <class 'OSError'>: <class 'httpcore.ConnectError'>}

    @contextlib.contextmanager
    def map_exceptions(map: ExceptionMapping) -> typing.Iterator[None]:
        try:
            yield
        except Exception as exc:  # noqa: PIE786
            for from_exc, to_exc in map.items():
                if isinstance(exc, from_exc):
>                   raise to_exc(exc) from exc
E                   httpcore.ConnectError: [WinError 10061] No connection could be made because the target machine actively refused it

..\..\dark-factory-wearedevs\.venv\Lib\site-packages\httpcore\_exceptions.py:14: ConnectError

The above exception was the direct cause of the following exception:

api = <function api.<locals>._make at 0x0000025D07F5E3E0>

    @pytest.fixture
    def world(api):
        body = fixture2()
>       resp = do_reset(body)
               ^^^^^^^^^^^^^^

attacks\stage-2\conftest.py:79: 
_ _ _ _ _ _ _ _ _ _ _ _ _ _ _ _ _ _ _ _ _ _ _ _ _ _ _ _ _ _ _ _ _ _ _ _ _ _ _ _
attacks\stage-1\attacklib.py:171: in do_reset
    return c.post("/_test/reset", json=body, timeout=RESET_TIMEOUT, token=None)
           ^^^^^^^^^^^^^^^^^^^^^^^^^^^^^^^^^^^^^^^^^^^^^^^^^^^^^^^^^^^^^^^^^^^^
attacks\stage-1\attacklib.py:56: in post
    return self.request("POST", path, **kw)
           ^^^^^^^^^^^^^^^^^^^^^^^^^^^^^^^^
attacks\stage-1\attacklib.py:50: in request
    return self._c.request(method, path, **kwargs)
           ^^^^^^^^^^^^^^^^^^^^^^^^^^^^^^^^^^^^^^^
..\..\dark-factory-wearedevs\.venv\Lib\site-packages\httpx\_client.py:825: in request
    return self.send(request, auth=auth, follow_redirects=follow_redirects)
           ^^^^^^^^^^^^^^^^^^^^^^^^^^^^^^^^^^^^^^^^^^^^^^^^^^^^^^^^^^^^^^^^
..\..\dark-factory-wearedevs\.venv\Lib\site-packages\httpx\_client.py:914: in send
    response = self._send_handling_auth(
..\..\dark-factory-wearedevs\.venv\Lib\site-packages\httpx\_client.py:942: in _send_handling_auth
    response = self._send_handling_redirects(
..\..\dark-factory-wearedevs\.venv\Lib\site-packages\httpx\_client.py:979: in _send_handling_redirects
    response = self._send_single_request(request)
               ^^^^^^^^^^^^^^^^^^^^^^^^^^^^^^^^^^
..\..\dark-factory-wearedevs\.venv\Lib\site-packages\httpx\_client.py:1014: in _send_single_request
    response = transport.handle_request(request)
               ^^^^^^^^^^^^^^^^^^^^^^^^^^^^^^^^^
..\..\dark-factory-wearedevs\.venv\Lib\site-packages\httpx\_transports\default.py:249: in handle_request
    with map_httpcore_exceptions():
         ^^^^^^^^^^^^^^^^^^^^^^^^^
..\..\..\..\AppData\Local\Programs\Python\Python312\Lib\contextlib.py:158: in __exit__
    self.gen.throw(value)
_ _ _ _ _ _ _ _ _ _ _ _ _ _ _ _ _ _ _ _ _ _ _ _ _ _ _ _ _ _ _ _ _ _ _ _ _ _ _ _

    @contextlib.contextmanager
    def map_httpcore_exceptions() -> typing.Iterator[None]:
        global HTTPCORE_EXC_MAP
        if len(HTTPCORE_EXC_MAP) == 0:
            HTTPCORE_EXC_MAP = _load_httpcore_exceptions()
        try:
            yield
        except Exception as exc:
            mapped_exc = None
    
            for from_exc, to_exc in HTTPCORE_EXC_MAP.items():
                if not isinstance(exc, from_exc):
                    continue
                # We want to map to the most specific exception we can find.
                # Eg if `exc` is an `httpcore.ReadTimeout`, we want to map to
                # `httpx.ReadTimeout`, not just `httpx.TimeoutException`.
                if mapped_exc is None or issubclass(to_exc, mapped_exc):
                    mapped_exc = to_exc
    
            if mapped_exc is None:  # pragma: no cover
                raise
    
            message = str(exc)
>           raise mapped_exc(message) from exc
E           httpx.ConnectError: [WinError 10061] No connection could be made because the target machine actively refused it

..\..\dark-factory-wearedevs\.venv\Lib\site-packages\httpx\_transports\default.py:118: ConnectError
__________ ERROR at setup of test_omitted_amount_captures_remaining ___________

    @contextlib.contextmanager
    def map_httpcore_exceptions() -> typing.Iterator[None]:
        global HTTPCORE_EXC_MAP
        if len(HTTPCORE_EXC_MAP) == 0:
            HTTPCORE_EXC_MAP = _load_httpcore_exceptions()
        try:
>           yield

..\..\dark-factory-wearedevs\.venv\Lib\site-packages\httpx\_transports\default.py:101: 
_ _ _ _ _ _ _ _ _ _ _ _ _ _ _ _ _ _ _ _ _ _ _ _ _ _ _ _ _ _ _ _ _ _ _ _ _ _ _ _
..\..\dark-factory-wearedevs\.venv\Lib\site-packages\httpx\_transports\default.py:250: in handle_request
    resp = self._pool.handle_request(req)
           ^^^^^^^^^^^^^^^^^^^^^^^^^^^^^^
..\..\dark-factory-wearedevs\.venv\Lib\site-packages\httpcore\_sync\connection_pool.py:256: in handle_request
    raise exc from None
..\..\dark-factory-wearedevs\.venv\Lib\site-packages\httpcore\_sync\connection_pool.py:236: in handle_request
    response = connection.handle_request(
..\..\dark-factory-wearedevs\.venv\Lib\site-packages\httpcore\_sync\connection.py:101: in handle_request
    raise exc
..\..\dark-factory-wearedevs\.venv\Lib\site-packages\httpcore\_sync\connection.py:78: in handle_request
    stream = self._connect(request)
             ^^^^^^^^^^^^^^^^^^^^^^
..\..\dark-factory-wearedevs\.venv\Lib\site-packages\httpcore\_sync\connection.py:124: in _connect
    stream = self._network_backend.connect_tcp(**kwargs)
             ^^^^^^^^^^^^^^^^^^^^^^^^^^^^^^^^^^^^^^^^^^^
..\..\dark-factory-wearedevs\.venv\Lib\site-packages\httpcore\_backends\sync.py:207: in connect_tcp
    with map_exceptions(exc_map):
         ^^^^^^^^^^^^^^^^^^^^^^^
..\..\..\..\AppData\Local\Programs\Python\Python312\Lib\contextlib.py:158: in __exit__
    self.gen.throw(value)
_ _ _ _ _ _ _ _ _ _ _ _ _ _ _ _ _ _ _ _ _ _ _ _ _ _ _ _ _ _ _ _ _ _ _ _ _ _ _ _

map = {<class 'TimeoutError'>: <class 'httpcore.ConnectTimeout'>, <class 'OSError'>: <class 'httpcore.ConnectError'>}

    @contextlib.contextmanager
    def map_exceptions(map: ExceptionMapping) -> typing.Iterator[None]:
        try:
            yield
        except Exception as exc:  # noqa: PIE786
            for from_exc, to_exc in map.items():
                if isinstance(exc, from_exc):
>                   raise to_exc(exc) from exc
E                   httpcore.ConnectError: [WinError 10061] No connection could be made because the target machine actively refused it

..\..\dark-factory-wearedevs\.venv\Lib\site-packages\httpcore\_exceptions.py:14: ConnectError

The above exception was the direct cause of the following exception:

api = <function api.<locals>._make at 0x0000025D07F5F380>

    @pytest.fixture
    def world(api):
        body = fixture2()
>       resp = do_reset(body)
               ^^^^^^^^^^^^^^

attacks\stage-2\conftest.py:79: 
_ _ _ _ _ _ _ _ _ _ _ _ _ _ _ _ _ _ _ _ _ _ _ _ _ _ _ _ _ _ _ _ _ _ _ _ _ _ _ _
attacks\stage-1\attacklib.py:171: in do_reset
    return c.post("/_test/reset", json=body, timeout=RESET_TIMEOUT, token=None)
           ^^^^^^^^^^^^^^^^^^^^^^^^^^^^^^^^^^^^^^^^^^^^^^^^^^^^^^^^^^^^^^^^^^^^
attacks\stage-1\attacklib.py:56: in post
    return self.request("POST", path, **kw)
           ^^^^^^^^^^^^^^^^^^^^^^^^^^^^^^^^
attacks\stage-1\attacklib.py:50: in request
    return self._c.request(method, path, **kwargs)
           ^^^^^^^^^^^^^^^^^^^^^^^^^^^^^^^^^^^^^^^
..\..\dark-factory-wearedevs\.venv\Lib\site-packages\httpx\_client.py:825: in request
    return self.send(request, auth=auth, follow_redirects=follow_redirects)
           ^^^^^^^^^^^^^^^^^^^^^^^^^^^^^^^^^^^^^^^^^^^^^^^^^^^^^^^^^^^^^^^^
..\..\dark-factory-wearedevs\.venv\Lib\site-packages\httpx\_client.py:914: in send
    response = self._send_handling_auth(
..\..\dark-factory-wearedevs\.venv\Lib\site-packages\httpx\_client.py:942: in _send_handling_auth
    response = self._send_handling_redirects(
..\..\dark-factory-wearedevs\.venv\Lib\site-packages\httpx\_client.py:979: in _send_handling_redirects
    response = self._send_single_request(request)
               ^^^^^^^^^^^^^^^^^^^^^^^^^^^^^^^^^^
..\..\dark-factory-wearedevs\.venv\Lib\site-packages\httpx\_client.py:1014: in _send_single_request
    response = transport.handle_request(request)
               ^^^^^^^^^^^^^^^^^^^^^^^^^^^^^^^^^
..\..\dark-factory-wearedevs\.venv\Lib\site-packages\httpx\_transports\default.py:249: in handle_request
    with map_httpcore_exceptions():
         ^^^^^^^^^^^^^^^^^^^^^^^^^
..\..\..\..\AppData\Local\Programs\Python\Python312\Lib\contextlib.py:158: in __exit__
    self.gen.throw(value)
_ _ _ _ _ _ _ _ _ _ _ _ _ _ _ _ _ _ _ _ _ _ _ _ _ _ _ _ _ _ _ _ _ _ _ _ _ _ _ _

    @contextlib.contextmanager
    def map_httpcore_exceptions() -> typing.Iterator[None]:
        global HTTPCORE_EXC_MAP
        if len(HTTPCORE_EXC_MAP) == 0:
            HTTPCORE_EXC_MAP = _load_httpcore_exceptions()
        try:
            yield
        except Exception as exc:
            mapped_exc = None
    
            for from_exc, to_exc in HTTPCORE_EXC_MAP.items():
                if not isinstance(exc, from_exc):
                    continue
                # We want to map to the most specific exception we can find.
                # Eg if `exc` is an `httpcore.ReadTimeout`, we want to map to
                # `httpx.ReadTimeout`, not just `httpx.TimeoutException`.
                if mapped_exc is None or issubclass(to_exc, mapped_exc):
                    mapped_exc = to_exc
    
            if mapped_exc is None:  # pragma: no cover
                raise
    
            message = str(exc)
>           raise mapped_exc(message) from exc
E           httpx.ConnectError: [WinError 10061] No connection could be made because the target machine actively refused it

..\..\dark-factory-wearedevs\.venv\Lib\site-packages\httpx\_transports\default.py:118: ConnectError
_________ ERROR at setup of test_capture_body_equality_is_byte_exact __________

    @contextlib.contextmanager
    def map_httpcore_exceptions() -> typing.Iterator[None]:
        global HTTPCORE_EXC_MAP
        if len(HTTPCORE_EXC_MAP) == 0:
            HTTPCORE_EXC_MAP = _load_httpcore_exceptions()
        try:
>           yield

..\..\dark-factory-wearedevs\.venv\Lib\site-packages\httpx\_transports\default.py:101: 
_ _ _ _ _ _ _ _ _ _ _ _ _ _ _ _ _ _ _ _ _ _ _ _ _ _ _ _ _ _ _ _ _ _ _ _ _ _ _ _
..\..\dark-factory-wearedevs\.venv\Lib\site-packages\httpx\_transports\default.py:250: in handle_request
    resp = self._pool.handle_request(req)
           ^^^^^^^^^^^^^^^^^^^^^^^^^^^^^^
..\..\dark-factory-wearedevs\.venv\Lib\site-packages\httpcore\_sync\connection_pool.py:256: in handle_request
    raise exc from None
..\..\dark-factory-wearedevs\.venv\Lib\site-packages\httpcore\_sync\connection_pool.py:236: in handle_request
    response = connection.handle_request(
..\..\dark-factory-wearedevs\.venv\Lib\site-packages\httpcore\_sync\connection.py:101: in handle_request
    raise exc
..\..\dark-factory-wearedevs\.venv\Lib\site-packages\httpcore\_sync\connection.py:78: in handle_request
    stream = self._connect(request)
             ^^^^^^^^^^^^^^^^^^^^^^
..\..\dark-factory-wearedevs\.venv\Lib\site-packages\httpcore\_sync\connection.py:124: in _connect
    stream = self._network_backend.connect_tcp(**kwargs)
             ^^^^^^^^^^^^^^^^^^^^^^^^^^^^^^^^^^^^^^^^^^^
..\..\dark-factory-wearedevs\.venv\Lib\site-packages\httpcore\_backends\sync.py:207: in connect_tcp
    with map_exceptions(exc_map):
         ^^^^^^^^^^^^^^^^^^^^^^^
..\..\..\..\AppData\Local\Programs\Python\Python312\Lib\contextlib.py:158: in __exit__
    self.gen.throw(value)
_ _ _ _ _ _ _ _ _ _ _ _ _ _ _ _ _ _ _ _ _ _ _ _ _ _ _ _ _ _ _ _ _ _ _ _ _ _ _ _

map = {<class 'TimeoutError'>: <class 'httpcore.ConnectTimeout'>, <class 'OSError'>: <class 'httpcore.ConnectError'>}

    @contextlib.contextmanager
    def map_exceptions(map: ExceptionMapping) -> typing.Iterator[None]:
        try:
            yield
        except Exception as exc:  # noqa: PIE786
            for from_exc, to_exc in map.items():
                if isinstance(exc, from_exc):
>                   raise to_exc(exc) from exc
E                   httpcore.ConnectError: [WinError 10061] No connection could be made because the target machine actively refused it

..\..\dark-factory-wearedevs\.venv\Lib\site-packages\httpcore\_exceptions.py:14: ConnectError

The above exception was the direct cause of the following exception:

api = <function api.<locals>._make at 0x0000025D08086FC0>

    @pytest.fixture
    def world(api):
        body = fixture2()
>       resp = do_reset(body)
               ^^^^^^^^^^^^^^

attacks\stage-2\conftest.py:79: 
_ _ _ _ _ _ _ _ _ _ _ _ _ _ _ _ _ _ _ _ _ _ _ _ _ _ _ _ _ _ _ _ _ _ _ _ _ _ _ _
attacks\stage-1\attacklib.py:171: in do_reset
    return c.post("/_test/reset", json=body, timeout=RESET_TIMEOUT, token=None)
           ^^^^^^^^^^^^^^^^^^^^^^^^^^^^^^^^^^^^^^^^^^^^^^^^^^^^^^^^^^^^^^^^^^^^
attacks\stage-1\attacklib.py:56: in post
    return self.request("POST", path, **kw)
           ^^^^^^^^^^^^^^^^^^^^^^^^^^^^^^^^
attacks\stage-1\attacklib.py:50: in request
    return self._c.request(method, path, **kwargs)
           ^^^^^^^^^^^^^^^^^^^^^^^^^^^^^^^^^^^^^^^
..\..\dark-factory-wearedevs\.venv\Lib\site-packages\httpx\_client.py:825: in request
    return self.send(request, auth=auth, follow_redirects=follow_redirects)
           ^^^^^^^^^^^^^^^^^^^^^^^^^^^^^^^^^^^^^^^^^^^^^^^^^^^^^^^^^^^^^^^^
..\..\dark-factory-wearedevs\.venv\Lib\site-packages\httpx\_client.py:914: in send
    response = self._send_handling_auth(
..\..\dark-factory-wearedevs\.venv\Lib\site-packages\httpx\_client.py:942: in _send_handling_auth
    response = self._send_handling_redirects(
..\..\dark-factory-wearedevs\.venv\Lib\site-packages\httpx\_client.py:979: in _send_handling_redirects
    response = self._send_single_request(request)
               ^^^^^^^^^^^^^^^^^^^^^^^^^^^^^^^^^^
..\..\dark-factory-wearedevs\.venv\Lib\site-packages\httpx\_client.py:1014: in _send_single_request
    response = transport.handle_request(request)
               ^^^^^^^^^^^^^^^^^^^^^^^^^^^^^^^^^
..\..\dark-factory-wearedevs\.venv\Lib\site-packages\httpx\_transports\default.py:249: in handle_request
    with map_httpcore_exceptions():
         ^^^^^^^^^^^^^^^^^^^^^^^^^
..\..\..\..\AppData\Local\Programs\Python\Python312\Lib\contextlib.py:158: in __exit__
    self.gen.throw(value)
_ _ _ _ _ _ _ _ _ _ _ _ _ _ _ _ _ _ _ _ _ _ _ _ _ _ _ _ _ _ _ _ _ _ _ _ _ _ _ _

    @contextlib.contextmanager
    def map_httpcore_exceptions() -> typing.Iterator[None]:
        global HTTPCORE_EXC_MAP
        if len(HTTPCORE_EXC_MAP) == 0:
            HTTPCORE_EXC_MAP = _load_httpcore_exceptions()
        try:
            yield
        except Exception as exc:
            mapped_exc = None
    
            for from_exc, to_exc in HTTPCORE_EXC_MAP.items():
                if not isinstance(exc, from_exc):
                    continue
                # We want to map to the most specific exception we can find.
                # Eg if `exc` is an `httpcore.ReadTimeout`, we want to map to
                # `httpx.ReadTimeout`, not just `httpx.TimeoutException`.
                if mapped_exc is None or issubclass(to_exc, mapped_exc):
                    mapped_exc = to_exc
    
            if mapped_exc is None:  # pragma: no cover
                raise
    
            message = str(exc)
>           raise mapped_exc(message) from exc
E           httpx.ConnectError: [WinError 10061] No connection could be made because the target machine actively refused it

..\..\dark-factory-wearedevs\.venv\Lib\site-packages\httpx\_transports\default.py:118: ConnectError
______ ERROR at setup of test_capture_idempotent_replay_moves_money_once ______

    @contextlib.contextmanager
    def map_httpcore_exceptions() -> typing.Iterator[None]:
        global HTTPCORE_EXC_MAP
        if len(HTTPCORE_EXC_MAP) == 0:
            HTTPCORE_EXC_MAP = _load_httpcore_exceptions()
        try:
>           yield

..\..\dark-factory-wearedevs\.venv\Lib\site-packages\httpx\_transports\default.py:101: 
_ _ _ _ _ _ _ _ _ _ _ _ _ _ _ _ _ _ _ _ _ _ _ _ _ _ _ _ _ _ _ _ _ _ _ _ _ _ _ _
..\..\dark-factory-wearedevs\.venv\Lib\site-packages\httpx\_transports\default.py:250: in handle_request
    resp = self._pool.handle_request(req)
           ^^^^^^^^^^^^^^^^^^^^^^^^^^^^^^
..\..\dark-factory-wearedevs\.venv\Lib\site-packages\httpcore\_sync\connection_pool.py:256: in handle_request
    raise exc from None
..\..\dark-factory-wearedevs\.venv\Lib\site-packages\httpcore\_sync\connection_pool.py:236: in handle_request
    response = connection.handle_request(
..\..\dark-factory-wearedevs\.venv\Lib\site-packages\httpcore\_sync\connection.py:101: in handle_request
    raise exc
..\..\dark-factory-wearedevs\.venv\Lib\site-packages\httpcore\_sync\connection.py:78: in handle_request
    stream = self._connect(request)
             ^^^^^^^^^^^^^^^^^^^^^^
..\..\dark-factory-wearedevs\.venv\Lib\site-packages\httpcore\_sync\connection.py:124: in _connect
    stream = self._network_backend.connect_tcp(**kwargs)
             ^^^^^^^^^^^^^^^^^^^^^^^^^^^^^^^^^^^^^^^^^^^
..\..\dark-factory-wearedevs\.venv\Lib\site-packages\httpcore\_backends\sync.py:207: in connect_tcp
    with map_exceptions(exc_map):
         ^^^^^^^^^^^^^^^^^^^^^^^
..\..\..\..\AppData\Local\Programs\Python\Python312\Lib\contextlib.py:158: in __exit__
    self.gen.throw(value)
_ _ _ _ _ _ _ _ _ _ _ _ _ _ _ _ _ _ _ _ _ _ _ _ _ _ _ _ _ _ _ _ _ _ _ _ _ _ _ _

map = {<class 'TimeoutError'>: <class 'httpcore.ConnectTimeout'>, <class 'OSError'>: <class 'httpcore.ConnectError'>}

    @contextlib.contextmanager
    def map_exceptions(map: ExceptionMapping) -> typing.Iterator[None]:
        try:
            yield
        except Exception as exc:  # noqa: PIE786
            for from_exc, to_exc in map.items():
                if isinstance(exc, from_exc):
>                   raise to_exc(exc) from exc
E                   httpcore.ConnectError: [WinError 10061] No connection could be made because the target machine actively refused it

..\..\dark-factory-wearedevs\.venv\Lib\site-packages\httpcore\_exceptions.py:14: ConnectError

The above exception was the direct cause of the following exception:

api = <function api.<locals>._make at 0x0000025D08087740>

    @pytest.fixture
    def world(api):
        body = fixture2()
>       resp = do_reset(body)
               ^^^^^^^^^^^^^^

attacks\stage-2\conftest.py:79: 
_ _ _ _ _ _ _ _ _ _ _ _ _ _ _ _ _ _ _ _ _ _ _ _ _ _ _ _ _ _ _ _ _ _ _ _ _ _ _ _
attacks\stage-1\attacklib.py:171: in do_reset
    return c.post("/_test/reset", json=body, timeout=RESET_TIMEOUT, token=None)
           ^^^^^^^^^^^^^^^^^^^^^^^^^^^^^^^^^^^^^^^^^^^^^^^^^^^^^^^^^^^^^^^^^^^^
attacks\stage-1\attacklib.py:56: in post
    return self.request("POST", path, **kw)
           ^^^^^^^^^^^^^^^^^^^^^^^^^^^^^^^^
attacks\stage-1\attacklib.py:50: in request
    return self._c.request(method, path, **kwargs)
           ^^^^^^^^^^^^^^^^^^^^^^^^^^^^^^^^^^^^^^^
..\..\dark-factory-wearedevs\.venv\Lib\site-packages\httpx\_client.py:825: in request
    return self.send(request, auth=auth, follow_redirects=follow_redirects)
           ^^^^^^^^^^^^^^^^^^^^^^^^^^^^^^^^^^^^^^^^^^^^^^^^^^^^^^^^^^^^^^^^
..\..\dark-factory-wearedevs\.venv\Lib\site-packages\httpx\_client.py:914: in send
    response = self._send_handling_auth(
..\..\dark-factory-wearedevs\.venv\Lib\site-packages\httpx\_client.py:942: in _send_handling_auth
    response = self._send_handling_redirects(
..\..\dark-factory-wearedevs\.venv\Lib\site-packages\httpx\_client.py:979: in _send_handling_redirects
    response = self._send_single_request(request)
               ^^^^^^^^^^^^^^^^^^^^^^^^^^^^^^^^^^
..\..\dark-factory-wearedevs\.venv\Lib\site-packages\httpx\_client.py:1014: in _send_single_request
    response = transport.handle_request(request)
               ^^^^^^^^^^^^^^^^^^^^^^^^^^^^^^^^^
..\..\dark-factory-wearedevs\.venv\Lib\site-packages\httpx\_transports\default.py:249: in handle_request
    with map_httpcore_exceptions():
         ^^^^^^^^^^^^^^^^^^^^^^^^^
..\..\..\..\AppData\Local\Programs\Python\Python312\Lib\contextlib.py:158: in __exit__
    self.gen.throw(value)
_ _ _ _ _ _ _ _ _ _ _ _ _ _ _ _ _ _ _ _ _ _ _ _ _ _ _ _ _ _ _ _ _ _ _ _ _ _ _ _

    @contextlib.contextmanager
    def map_httpcore_exceptions() -> typing.Iterator[None]:
        global HTTPCORE_EXC_MAP
        if len(HTTPCORE_EXC_MAP) == 0:
            HTTPCORE_EXC_MAP = _load_httpcore_exceptions()
        try:
            yield
        except Exception as exc:
            mapped_exc = None
    
            for from_exc, to_exc in HTTPCORE_EXC_MAP.items():
                if not isinstance(exc, from_exc):
                    continue
                # We want to map to the most specific exception we can find.
                # Eg if `exc` is an `httpcore.ReadTimeout`, we want to map to
                # `httpx.ReadTimeout`, not just `httpx.TimeoutException`.
                if mapped_exc is None or issubclass(to_exc, mapped_exc):
                    mapped_exc = to_exc
    
            if mapped_exc is None:  # pragma: no cover
                raise
    
            message = str(exc)
>           raise mapped_exc(message) from exc
E           httpx.ConnectError: [WinError 10061] No connection could be made because the target machine actively refused it

..\..\dark-factory-wearedevs\.venv\Lib\site-packages\httpx\_transports\default.py:118: ConnectError
________________ ERROR at setup of test_capture_receiver_only _________________

    @contextlib.contextmanager
    def map_httpcore_exceptions() -> typing.Iterator[None]:
        global HTTPCORE_EXC_MAP
        if len(HTTPCORE_EXC_MAP) == 0:
            HTTPCORE_EXC_MAP = _load_httpcore_exceptions()
        try:
>           yield

..\..\dark-factory-wearedevs\.venv\Lib\site-packages\httpx\_transports\default.py:101: 
_ _ _ _ _ _ _ _ _ _ _ _ _ _ _ _ _ _ _ _ _ _ _ _ _ _ _ _ _ _ _ _ _ _ _ _ _ _ _ _
..\..\dark-factory-wearedevs\.venv\Lib\site-packages\httpx\_transports\default.py:250: in handle_request
    resp = self._pool.handle_request(req)
           ^^^^^^^^^^^^^^^^^^^^^^^^^^^^^^
..\..\dark-factory-wearedevs\.venv\Lib\site-packages\httpcore\_sync\connection_pool.py:256: in handle_request
    raise exc from None
..\..\dark-factory-wearedevs\.venv\Lib\site-packages\httpcore\_sync\connection_pool.py:236: in handle_request
    response = connection.handle_request(
..\..\dark-factory-wearedevs\.venv\Lib\site-packages\httpcore\_sync\connection.py:101: in handle_request
    raise exc
..\..\dark-factory-wearedevs\.venv\Lib\site-packages\httpcore\_sync\connection.py:78: in handle_request
    stream = self._connect(request)
             ^^^^^^^^^^^^^^^^^^^^^^
..\..\dark-factory-wearedevs\.venv\Lib\site-packages\httpcore\_sync\connection.py:124: in _connect
    stream = self._network_backend.connect_tcp(**kwargs)
             ^^^^^^^^^^^^^^^^^^^^^^^^^^^^^^^^^^^^^^^^^^^
..\..\dark-factory-wearedevs\.venv\Lib\site-packages\httpcore\_backends\sync.py:207: in connect_tcp
    with map_exceptions(exc_map):
         ^^^^^^^^^^^^^^^^^^^^^^^
..\..\..\..\AppData\Local\Programs\Python\Python312\Lib\contextlib.py:158: in __exit__
    self.gen.throw(value)
_ _ _ _ _ _ _ _ _ _ _ _ _ _ _ _ _ _ _ _ _ _ _ _ _ _ _ _ _ _ _ _ _ _ _ _ _ _ _ _

map = {<class 'TimeoutError'>: <class 'httpcore.ConnectTimeout'>, <class 'OSError'>: <class 'httpcore.ConnectError'>}

    @contextlib.contextmanager
    def map_exceptions(map: ExceptionMapping) -> typing.Iterator[None]:
        try:
            yield
        except Exception as exc:  # noqa: PIE786
            for from_exc, to_exc in map.items():
                if isinstance(exc, from_exc):
>                   raise to_exc(exc) from exc
E                   httpcore.ConnectError: [WinError 10061] No connection could be made because the target machine actively refused it

..\..\dark-factory-wearedevs\.venv\Lib\site-packages\httpcore\_exceptions.py:14: ConnectError

The above exception was the direct cause of the following exception:

api = <function api.<locals>._make at 0x0000025D08087060>

    @pytest.fixture
    def world(api):
        body = fixture2()
>       resp = do_reset(body)
               ^^^^^^^^^^^^^^

attacks\stage-2\conftest.py:79: 
_ _ _ _ _ _ _ _ _ _ _ _ _ _ _ _ _ _ _ _ _ _ _ _ _ _ _ _ _ _ _ _ _ _ _ _ _ _ _ _
attacks\stage-1\attacklib.py:171: in do_reset
    return c.post("/_test/reset", json=body, timeout=RESET_TIMEOUT, token=None)
           ^^^^^^^^^^^^^^^^^^^^^^^^^^^^^^^^^^^^^^^^^^^^^^^^^^^^^^^^^^^^^^^^^^^^
attacks\stage-1\attacklib.py:56: in post
    return self.request("POST", path, **kw)
           ^^^^^^^^^^^^^^^^^^^^^^^^^^^^^^^^
attacks\stage-1\attacklib.py:50: in request
    return self._c.request(method, path, **kwargs)
           ^^^^^^^^^^^^^^^^^^^^^^^^^^^^^^^^^^^^^^^
..\..\dark-factory-wearedevs\.venv\Lib\site-packages\httpx\_client.py:825: in request
    return self.send(request, auth=auth, follow_redirects=follow_redirects)
           ^^^^^^^^^^^^^^^^^^^^^^^^^^^^^^^^^^^^^^^^^^^^^^^^^^^^^^^^^^^^^^^^
..\..\dark-factory-wearedevs\.venv\Lib\site-packages\httpx\_client.py:914: in send
    response = self._send_handling_auth(
..\..\dark-factory-wearedevs\.venv\Lib\site-packages\httpx\_client.py:942: in _send_handling_auth
    response = self._send_handling_redirects(
..\..\dark-factory-wearedevs\.venv\Lib\site-packages\httpx\_client.py:979: in _send_handling_redirects
    response = self._send_single_request(request)
               ^^^^^^^^^^^^^^^^^^^^^^^^^^^^^^^^^^
..\..\dark-factory-wearedevs\.venv\Lib\site-packages\httpx\_client.py:1014: in _send_single_request
    response = transport.handle_request(request)
               ^^^^^^^^^^^^^^^^^^^^^^^^^^^^^^^^^
..\..\dark-factory-wearedevs\.venv\Lib\site-packages\httpx\_transports\default.py:249: in handle_request
    with map_httpcore_exceptions():
         ^^^^^^^^^^^^^^^^^^^^^^^^^
..\..\..\..\AppData\Local\Programs\Python\Python312\Lib\contextlib.py:158: in __exit__
    self.gen.throw(value)
_ _ _ _ _ _ _ _ _ _ _ _ _ _ _ _ _ _ _ _ _ _ _ _ _ _ _ _ _ _ _ _ _ _ _ _ _ _ _ _

    @contextlib.contextmanager
    def map_httpcore_exceptions() -> typing.Iterator[None]:
        global HTTPCORE_EXC_MAP
        if len(HTTPCORE_EXC_MAP) == 0:
            HTTPCORE_EXC_MAP = _load_httpcore_exceptions()
        try:
            yield
        except Exception as exc:
            mapped_exc = None
    
            for from_exc, to_exc in HTTPCORE_EXC_MAP.items():
                if not isinstance(exc, from_exc):
                    continue
                # We want to map to the most specific exception we can find.
                # Eg if `exc` is an `httpcore.ReadTimeout`, we want to map to
                # `httpx.ReadTimeout`, not just `httpx.TimeoutException`.
                if mapped_exc is None or issubclass(to_exc, mapped_exc):
                    mapped_exc = to_exc
    
            if mapped_exc is None:  # pragma: no cover
                raise
    
            message = str(exc)
>           raise mapped_exc(message) from exc
E           httpx.ConnectError: [WinError 10061] No connection could be made because the target machine actively refused it

..\..\dark-factory-wearedevs\.venv\Lib\site-packages\httpx\_transports\default.py:118: ConnectError
_________ ERROR at setup of test_capture_unknown_authorization_is_404 _________

    @contextlib.contextmanager
    def map_httpcore_exceptions() -> typing.Iterator[None]:
        global HTTPCORE_EXC_MAP
        if len(HTTPCORE_EXC_MAP) == 0:
            HTTPCORE_EXC_MAP = _load_httpcore_exceptions()
        try:
>           yield

..\..\dark-factory-wearedevs\.venv\Lib\site-packages\httpx\_transports\default.py:101: 
_ _ _ _ _ _ _ _ _ _ _ _ _ _ _ _ _ _ _ _ _ _ _ _ _ _ _ _ _ _ _ _ _ _ _ _ _ _ _ _
..\..\dark-factory-wearedevs\.venv\Lib\site-packages\httpx\_transports\default.py:250: in handle_request
    resp = self._pool.handle_request(req)
           ^^^^^^^^^^^^^^^^^^^^^^^^^^^^^^
..\..\dark-factory-wearedevs\.venv\Lib\site-packages\httpcore\_sync\connection_pool.py:256: in handle_request
    raise exc from None
..\..\dark-factory-wearedevs\.venv\Lib\site-packages\httpcore\_sync\connection_pool.py:236: in handle_request
    response = connection.handle_request(
..\..\dark-factory-wearedevs\.venv\Lib\site-packages\httpcore\_sync\connection.py:101: in handle_request
    raise exc
..\..\dark-factory-wearedevs\.venv\Lib\site-packages\httpcore\_sync\connection.py:78: in handle_request
    stream = self._connect(request)
             ^^^^^^^^^^^^^^^^^^^^^^
..\..\dark-factory-wearedevs\.venv\Lib\site-packages\httpcore\_sync\connection.py:124: in _connect
    stream = self._network_backend.connect_tcp(**kwargs)
             ^^^^^^^^^^^^^^^^^^^^^^^^^^^^^^^^^^^^^^^^^^^
..\..\dark-factory-wearedevs\.venv\Lib\site-packages\httpcore\_backends\sync.py:207: in connect_tcp
    with map_exceptions(exc_map):
         ^^^^^^^^^^^^^^^^^^^^^^^
..\..\..\..\AppData\Local\Programs\Python\Python312\Lib\contextlib.py:158: in __exit__
    self.gen.throw(value)
_ _ _ _ _ _ _ _ _ _ _ _ _ _ _ _ _ _ _ _ _ _ _ _ _ _ _ _ _ _ _ _ _ _ _ _ _ _ _ _

map = {<class 'TimeoutError'>: <class 'httpcore.ConnectTimeout'>, <class 'OSError'>: <class 'httpcore.ConnectError'>}

    @contextlib.contextmanager
    def map_exceptions(map: ExceptionMapping) -> typing.Iterator[None]:
        try:
            yield
        except Exception as exc:  # noqa: PIE786
            for from_exc, to_exc in map.items():
                if isinstance(exc, from_exc):
>                   raise to_exc(exc) from exc
E                   httpcore.ConnectError: [WinError 10061] No connection could be made because the target machine actively refused it

..\..\dark-factory-wearedevs\.venv\Lib\site-packages\httpcore\_exceptions.py:14: ConnectError

The above exception was the direct cause of the following exception:

api = <function api.<locals>._make at 0x0000025D08087F60>

    @pytest.fixture
    def world(api):
        body = fixture2()
>       resp = do_reset(body)
               ^^^^^^^^^^^^^^

attacks\stage-2\conftest.py:79: 
_ _ _ _ _ _ _ _ _ _ _ _ _ _ _ _ _ _ _ _ _ _ _ _ _ _ _ _ _ _ _ _ _ _ _ _ _ _ _ _
attacks\stage-1\attacklib.py:171: in do_reset
    return c.post("/_test/reset", json=body, timeout=RESET_TIMEOUT, token=None)
           ^^^^^^^^^^^^^^^^^^^^^^^^^^^^^^^^^^^^^^^^^^^^^^^^^^^^^^^^^^^^^^^^^^^^
attacks\stage-1\attacklib.py:56: in post
    return self.request("POST", path, **kw)
           ^^^^^^^^^^^^^^^^^^^^^^^^^^^^^^^^
attacks\stage-1\attacklib.py:50: in request
    return self._c.request(method, path, **kwargs)
           ^^^^^^^^^^^^^^^^^^^^^^^^^^^^^^^^^^^^^^^
..\..\dark-factory-wearedevs\.venv\Lib\site-packages\httpx\_client.py:825: in request
    return self.send(request, auth=auth, follow_redirects=follow_redirects)
           ^^^^^^^^^^^^^^^^^^^^^^^^^^^^^^^^^^^^^^^^^^^^^^^^^^^^^^^^^^^^^^^^
..\..\dark-factory-wearedevs\.venv\Lib\site-packages\httpx\_client.py:914: in send
    response = self._send_handling_auth(
..\..\dark-factory-wearedevs\.venv\Lib\site-packages\httpx\_client.py:942: in _send_handling_auth
    response = self._send_handling_redirects(
..\..\dark-factory-wearedevs\.venv\Lib\site-packages\httpx\_client.py:979: in _send_handling_redirects
    response = self._send_single_request(request)
               ^^^^^^^^^^^^^^^^^^^^^^^^^^^^^^^^^^
..\..\dark-factory-wearedevs\.venv\Lib\site-packages\httpx\_client.py:1014: in _send_single_request
    response = transport.handle_request(request)
               ^^^^^^^^^^^^^^^^^^^^^^^^^^^^^^^^^
..\..\dark-factory-wearedevs\.venv\Lib\site-packages\httpx\_transports\default.py:249: in handle_request
    with map_httpcore_exceptions():
         ^^^^^^^^^^^^^^^^^^^^^^^^^
..\..\..\..\AppData\Local\Programs\Python\Python312\Lib\contextlib.py:158: in __exit__
    self.gen.throw(value)
_ _ _ _ _ _ _ _ _ _ _ _ _ _ _ _ _ _ _ _ _ _ _ _ _ _ _ _ _ _ _ _ _ _ _ _ _ _ _ _

    @contextlib.contextmanager
    def map_httpcore_exceptions() -> typing.Iterator[None]:
        global HTTPCORE_EXC_MAP
        if len(HTTPCORE_EXC_MAP) == 0:
            HTTPCORE_EXC_MAP = _load_httpcore_exceptions()
        try:
            yield
        except Exception as exc:
            mapped_exc = None
    
            for from_exc, to_exc in HTTPCORE_EXC_MAP.items():
                if not isinstance(exc, from_exc):
                    continue
                # We want to map to the most specific exception we can find.
                # Eg if `exc` is an `httpcore.ReadTimeout`, we want to map to
                # `httpx.ReadTimeout`, not just `httpx.TimeoutException`.
                if mapped_exc is None or issubclass(to_exc, mapped_exc):
                    mapped_exc = to_exc
    
            if mapped_exc is None:  # pragma: no cover
                raise
    
            message = str(exc)
>           raise mapped_exc(message) from exc
E           httpx.ConnectError: [WinError 10061] No connection could be made because the target machine actively refused it

..\..\dark-factory-wearedevs\.venv\Lib\site-packages\httpx\_transports\default.py:118: ConnectError
__ ERROR at setup of test_capture_expired_by_clock_is_authorization_expired ___

    @contextlib.contextmanager
    def map_httpcore_exceptions() -> typing.Iterator[None]:
        global HTTPCORE_EXC_MAP
        if len(HTTPCORE_EXC_MAP) == 0:
            HTTPCORE_EXC_MAP = _load_httpcore_exceptions()
        try:
>           yield

..\..\dark-factory-wearedevs\.venv\Lib\site-packages\httpx\_transports\default.py:101: 
_ _ _ _ _ _ _ _ _ _ _ _ _ _ _ _ _ _ _ _ _ _ _ _ _ _ _ _ _ _ _ _ _ _ _ _ _ _ _ _
..\..\dark-factory-wearedevs\.venv\Lib\site-packages\httpx\_transports\default.py:250: in handle_request
    resp = self._pool.handle_request(req)
           ^^^^^^^^^^^^^^^^^^^^^^^^^^^^^^
..\..\dark-factory-wearedevs\.venv\Lib\site-packages\httpcore\_sync\connection_pool.py:256: in handle_request
    raise exc from None
..\..\dark-factory-wearedevs\.venv\Lib\site-packages\httpcore\_sync\connection_pool.py:236: in handle_request
    response = connection.handle_request(
..\..\dark-factory-wearedevs\.venv\Lib\site-packages\httpcore\_sync\connection.py:101: in handle_request
    raise exc
..\..\dark-factory-wearedevs\.venv\Lib\site-packages\httpcore\_sync\connection.py:78: in handle_request
    stream = self._connect(request)
             ^^^^^^^^^^^^^^^^^^^^^^
..\..\dark-factory-wearedevs\.venv\Lib\site-packages\httpcore\_sync\connection.py:124: in _connect
    stream = self._network_backend.connect_tcp(**kwargs)
             ^^^^^^^^^^^^^^^^^^^^^^^^^^^^^^^^^^^^^^^^^^^
..\..\dark-factory-wearedevs\.venv\Lib\site-packages\httpcore\_backends\sync.py:207: in connect_tcp
    with map_exceptions(exc_map):
         ^^^^^^^^^^^^^^^^^^^^^^^
..\..\..\..\AppData\Local\Programs\Python\Python312\Lib\contextlib.py:158: in __exit__
    self.gen.throw(value)
_ _ _ _ _ _ _ _ _ _ _ _ _ _ _ _ _ _ _ _ _ _ _ _ _ _ _ _ _ _ _ _ _ _ _ _ _ _ _ _

map = {<class 'TimeoutError'>: <class 'httpcore.ConnectTimeout'>, <class 'OSError'>: <class 'httpcore.ConnectError'>}

    @contextlib.contextmanager
    def map_exceptions(map: ExceptionMapping) -> typing.Iterator[None]:
        try:
            yield
        except Exception as exc:  # noqa: PIE786
            for from_exc, to_exc in map.items():
                if isinstance(exc, from_exc):
>                   raise to_exc(exc) from exc
E                   httpcore.ConnectError: [WinError 10061] No connection could be made because the target machine actively refused it

..\..\dark-factory-wearedevs\.venv\Lib\site-packages\httpcore\_exceptions.py:14: ConnectError

The above exception was the direct cause of the following exception:

api = <function api.<locals>._make at 0x0000025D08086660>

    @pytest.fixture
    def world(api):
        body = fixture2()
>       resp = do_reset(body)
               ^^^^^^^^^^^^^^

attacks\stage-2\conftest.py:79: 
_ _ _ _ _ _ _ _ _ _ _ _ _ _ _ _ _ _ _ _ _ _ _ _ _ _ _ _ _ _ _ _ _ _ _ _ _ _ _ _
attacks\stage-1\attacklib.py:171: in do_reset
    return c.post("/_test/reset", json=body, timeout=RESET_TIMEOUT, token=None)
           ^^^^^^^^^^^^^^^^^^^^^^^^^^^^^^^^^^^^^^^^^^^^^^^^^^^^^^^^^^^^^^^^^^^^
attacks\stage-1\attacklib.py:56: in post
    return self.request("POST", path, **kw)
           ^^^^^^^^^^^^^^^^^^^^^^^^^^^^^^^^
attacks\stage-1\attacklib.py:50: in request
    return self._c.request(method, path, **kwargs)
           ^^^^^^^^^^^^^^^^^^^^^^^^^^^^^^^^^^^^^^^
..\..\dark-factory-wearedevs\.venv\Lib\site-packages\httpx\_client.py:825: in request
    return self.send(request, auth=auth, follow_redirects=follow_redirects)
           ^^^^^^^^^^^^^^^^^^^^^^^^^^^^^^^^^^^^^^^^^^^^^^^^^^^^^^^^^^^^^^^^
..\..\dark-factory-wearedevs\.venv\Lib\site-packages\httpx\_client.py:914: in send
    response = self._send_handling_auth(
..\..\dark-factory-wearedevs\.venv\Lib\site-packages\httpx\_client.py:942: in _send_handling_auth
    response = self._send_handling_redirects(
..\..\dark-factory-wearedevs\.venv\Lib\site-packages\httpx\_client.py:979: in _send_handling_redirects
    response = self._send_single_request(request)
               ^^^^^^^^^^^^^^^^^^^^^^^^^^^^^^^^^^
..\..\dark-factory-wearedevs\.venv\Lib\site-packages\httpx\_client.py:1014: in _send_single_request
    response = transport.handle_request(request)
               ^^^^^^^^^^^^^^^^^^^^^^^^^^^^^^^^^
..\..\dark-factory-wearedevs\.venv\Lib\site-packages\httpx\_transports\default.py:249: in handle_request
    with map_httpcore_exceptions():
         ^^^^^^^^^^^^^^^^^^^^^^^^^
..\..\..\..\AppData\Local\Programs\Python\Python312\Lib\contextlib.py:158: in __exit__
    self.gen.throw(value)
_ _ _ _ _ _ _ _ _ _ _ _ _ _ _ _ _ _ _ _ _ _ _ _ _ _ _ _ _ _ _ _ _ _ _ _ _ _ _ _

    @contextlib.contextmanager
    def map_httpcore_exceptions() -> typing.Iterator[None]:
        global HTTPCORE_EXC_MAP
        if len(HTTPCORE_EXC_MAP) == 0:
            HTTPCORE_EXC_MAP = _load_httpcore_exceptions()
        try:
            yield
        except Exception as exc:
            mapped_exc = None
    
            for from_exc, to_exc in HTTPCORE_EXC_MAP.items():
                if not isinstance(exc, from_exc):
                    continue
                # We want to map to the most specific exception we can find.
                # Eg if `exc` is an `httpcore.ReadTimeout`, we want to map to
                # `httpx.ReadTimeout`, not just `httpx.TimeoutException`.
                if mapped_exc is None or issubclass(to_exc, mapped_exc):
                    mapped_exc = to_exc
    
            if mapped_exc is None:  # pragma: no cover
                raise
    
            message = str(exc)
>           raise mapped_exc(message) from exc
E           httpx.ConnectError: [WinError 10061] No connection could be made because the target machine actively refused it

..\..\dark-factory-wearedevs\.venv\Lib\site-packages\httpx\_transports\default.py:118: ConnectError
______________ ERROR at setup of test_capture_voided_is_not_open ______________

    @contextlib.contextmanager
    def map_httpcore_exceptions() -> typing.Iterator[None]:
        global HTTPCORE_EXC_MAP
        if len(HTTPCORE_EXC_MAP) == 0:
            HTTPCORE_EXC_MAP = _load_httpcore_exceptions()
        try:
>           yield

..\..\dark-factory-wearedevs\.venv\Lib\site-packages\httpx\_transports\default.py:101: 
_ _ _ _ _ _ _ _ _ _ _ _ _ _ _ _ _ _ _ _ _ _ _ _ _ _ _ _ _ _ _ _ _ _ _ _ _ _ _ _
..\..\dark-factory-wearedevs\.venv\Lib\site-packages\httpx\_transports\default.py:250: in handle_request
    resp = self._pool.handle_request(req)
           ^^^^^^^^^^^^^^^^^^^^^^^^^^^^^^
..\..\dark-factory-wearedevs\.venv\Lib\site-packages\httpcore\_sync\connection_pool.py:256: in handle_request
    raise exc from None
..\..\dark-factory-wearedevs\.venv\Lib\site-packages\httpcore\_sync\connection_pool.py:236: in handle_request
    response = connection.handle_request(
..\..\dark-factory-wearedevs\.venv\Lib\site-packages\httpcore\_sync\connection.py:101: in handle_request
    raise exc
..\..\dark-factory-wearedevs\.venv\Lib\site-packages\httpcore\_sync\connection.py:78: in handle_request
    stream = self._connect(request)
             ^^^^^^^^^^^^^^^^^^^^^^
..\..\dark-factory-wearedevs\.venv\Lib\site-packages\httpcore\_sync\connection.py:124: in _connect
    stream = self._network_backend.connect_tcp(**kwargs)
             ^^^^^^^^^^^^^^^^^^^^^^^^^^^^^^^^^^^^^^^^^^^
..\..\dark-factory-wearedevs\.venv\Lib\site-packages\httpcore\_backends\sync.py:207: in connect_tcp
    with map_exceptions(exc_map):
         ^^^^^^^^^^^^^^^^^^^^^^^
..\..\..\..\AppData\Local\Programs\Python\Python312\Lib\contextlib.py:158: in __exit__
    self.gen.throw(value)
_ _ _ _ _ _ _ _ _ _ _ _ _ _ _ _ _ _ _ _ _ _ _ _ _ _ _ _ _ _ _ _ _ _ _ _ _ _ _ _

map = {<class 'TimeoutError'>: <class 'httpcore.ConnectTimeout'>, <class 'OSError'>: <class 'httpcore.ConnectError'>}

    @contextlib.contextmanager
    def map_exceptions(map: ExceptionMapping) -> typing.Iterator[None]:
        try:
            yield
        except Exception as exc:  # noqa: PIE786
            for from_exc, to_exc in map.items():
                if isinstance(exc, from_exc):
>                   raise to_exc(exc) from exc
E                   httpcore.ConnectError: [WinError 10061] No connection could be made because the target machine actively refused it

..\..\dark-factory-wearedevs\.venv\Lib\site-packages\httpcore\_exceptions.py:14: ConnectError

The above exception was the direct cause of the following exception:

api = <function api.<locals>._make at 0x0000025D080858A0>

    @pytest.fixture
    def world(api):
        body = fixture2()
>       resp = do_reset(body)
               ^^^^^^^^^^^^^^

attacks\stage-2\conftest.py:79: 
_ _ _ _ _ _ _ _ _ _ _ _ _ _ _ _ _ _ _ _ _ _ _ _ _ _ _ _ _ _ _ _ _ _ _ _ _ _ _ _
attacks\stage-1\attacklib.py:171: in do_reset
    return c.post("/_test/reset", json=body, timeout=RESET_TIMEOUT, token=None)
           ^^^^^^^^^^^^^^^^^^^^^^^^^^^^^^^^^^^^^^^^^^^^^^^^^^^^^^^^^^^^^^^^^^^^
attacks\stage-1\attacklib.py:56: in post
    return self.request("POST", path, **kw)
           ^^^^^^^^^^^^^^^^^^^^^^^^^^^^^^^^
attacks\stage-1\attacklib.py:50: in request
    return self._c.request(method, path, **kwargs)
           ^^^^^^^^^^^^^^^^^^^^^^^^^^^^^^^^^^^^^^^
..\..\dark-factory-wearedevs\.venv\Lib\site-packages\httpx\_client.py:825: in request
    return self.send(request, auth=auth, follow_redirects=follow_redirects)
           ^^^^^^^^^^^^^^^^^^^^^^^^^^^^^^^^^^^^^^^^^^^^^^^^^^^^^^^^^^^^^^^^
..\..\dark-factory-wearedevs\.venv\Lib\site-packages\httpx\_client.py:914: in send
    response = self._send_handling_auth(
..\..\dark-factory-wearedevs\.venv\Lib\site-packages\httpx\_client.py:942: in _send_handling_auth
    response = self._send_handling_redirects(
..\..\dark-factory-wearedevs\.venv\Lib\site-packages\httpx\_client.py:979: in _send_handling_redirects
    response = self._send_single_request(request)
               ^^^^^^^^^^^^^^^^^^^^^^^^^^^^^^^^^^
..\..\dark-factory-wearedevs\.venv\Lib\site-packages\httpx\_client.py:1014: in _send_single_request
    response = transport.handle_request(request)
               ^^^^^^^^^^^^^^^^^^^^^^^^^^^^^^^^^
..\..\dark-factory-wearedevs\.venv\Lib\site-packages\httpx\_transports\default.py:249: in handle_request
    with map_httpcore_exceptions():
         ^^^^^^^^^^^^^^^^^^^^^^^^^
..\..\..\..\AppData\Local\Programs\Python\Python312\Lib\contextlib.py:158: in __exit__
    self.gen.throw(value)
_ _ _ _ _ _ _ _ _ _ _ _ _ _ _ _ _ _ _ _ _ _ _ _ _ _ _ _ _ _ _ _ _ _ _ _ _ _ _ _

    @contextlib.contextmanager
    def map_httpcore_exceptions() -> typing.Iterator[None]:
        global HTTPCORE_EXC_MAP
        if len(HTTPCORE_EXC_MAP) == 0:
            HTTPCORE_EXC_MAP = _load_httpcore_exceptions()
        try:
            yield
        except Exception as exc:
            mapped_exc = None
    
            for from_exc, to_exc in HTTPCORE_EXC_MAP.items():
                if not isinstance(exc, from_exc):
                    continue
                # We want to map to the most specific exception we can find.
                # Eg if `exc` is an `httpcore.ReadTimeout`, we want to map to
                # `httpx.ReadTimeout`, not just `httpx.TimeoutException`.
                if mapped_exc is None or issubclass(to_exc, mapped_exc):
                    mapped_exc = to_exc
    
            if mapped_exc is None:  # pragma: no cover
                raise
    
            message = str(exc)
>           raise mapped_exc(message) from exc
E           httpx.ConnectError: [WinError 10061] No connection could be made because the target machine actively refused it

..\..\dark-factory-wearedevs\.venv\Lib\site-packages\httpx\_transports\default.py:118: ConnectError
____________ ERROR at setup of test_void_payer_only_and_idempotent ____________

    @contextlib.contextmanager
    def map_httpcore_exceptions() -> typing.Iterator[None]:
        global HTTPCORE_EXC_MAP
        if len(HTTPCORE_EXC_MAP) == 0:
            HTTPCORE_EXC_MAP = _load_httpcore_exceptions()
        try:
>           yield

..\..\dark-factory-wearedevs\.venv\Lib\site-packages\httpx\_transports\default.py:101: 
_ _ _ _ _ _ _ _ _ _ _ _ _ _ _ _ _ _ _ _ _ _ _ _ _ _ _ _ _ _ _ _ _ _ _ _ _ _ _ _
..\..\dark-factory-wearedevs\.venv\Lib\site-packages\httpx\_transports\default.py:250: in handle_request
    resp = self._pool.handle_request(req)
           ^^^^^^^^^^^^^^^^^^^^^^^^^^^^^^
..\..\dark-factory-wearedevs\.venv\Lib\site-packages\httpcore\_sync\connection_pool.py:256: in handle_request
    raise exc from None
..\..\dark-factory-wearedevs\.venv\Lib\site-packages\httpcore\_sync\connection_pool.py:236: in handle_request
    response = connection.handle_request(
..\..\dark-factory-wearedevs\.venv\Lib\site-packages\httpcore\_sync\connection.py:101: in handle_request
    raise exc
..\..\dark-factory-wearedevs\.venv\Lib\site-packages\httpcore\_sync\connection.py:78: in handle_request
    stream = self._connect(request)
             ^^^^^^^^^^^^^^^^^^^^^^
..\..\dark-factory-wearedevs\.venv\Lib\site-packages\httpcore\_sync\connection.py:124: in _connect
    stream = self._network_backend.connect_tcp(**kwargs)
             ^^^^^^^^^^^^^^^^^^^^^^^^^^^^^^^^^^^^^^^^^^^
..\..\dark-factory-wearedevs\.venv\Lib\site-packages\httpcore\_backends\sync.py:207: in connect_tcp
    with map_exceptions(exc_map):
         ^^^^^^^^^^^^^^^^^^^^^^^
..\..\..\..\AppData\Local\Programs\Python\Python312\Lib\contextlib.py:158: in __exit__
    self.gen.throw(value)
_ _ _ _ _ _ _ _ _ _ _ _ _ _ _ _ _ _ _ _ _ _ _ _ _ _ _ _ _ _ _ _ _ _ _ _ _ _ _ _

map = {<class 'TimeoutError'>: <class 'httpcore.ConnectTimeout'>, <class 'OSError'>: <class 'httpcore.ConnectError'>}

    @contextlib.contextmanager
    def map_exceptions(map: ExceptionMapping) -> typing.Iterator[None]:
        try:
            yield
        except Exception as exc:  # noqa: PIE786
            for from_exc, to_exc in map.items():
                if isinstance(exc, from_exc):
>                   raise to_exc(exc) from exc
E                   httpcore.ConnectError: [WinError 10061] No connection could be made because the target machine actively refused it

..\..\dark-factory-wearedevs\.venv\Lib\site-packages\httpcore\_exceptions.py:14: ConnectError

The above exception was the direct cause of the following exception:

api = <function api.<locals>._make at 0x0000025D08545A80>

    @pytest.fixture
    def world(api):
        body = fixture2()
>       resp = do_reset(body)
               ^^^^^^^^^^^^^^

attacks\stage-2\conftest.py:79: 
_ _ _ _ _ _ _ _ _ _ _ _ _ _ _ _ _ _ _ _ _ _ _ _ _ _ _ _ _ _ _ _ _ _ _ _ _ _ _ _
attacks\stage-1\attacklib.py:171: in do_reset
    return c.post("/_test/reset", json=body, timeout=RESET_TIMEOUT, token=None)
           ^^^^^^^^^^^^^^^^^^^^^^^^^^^^^^^^^^^^^^^^^^^^^^^^^^^^^^^^^^^^^^^^^^^^
attacks\stage-1\attacklib.py:56: in post
    return self.request("POST", path, **kw)
           ^^^^^^^^^^^^^^^^^^^^^^^^^^^^^^^^
attacks\stage-1\attacklib.py:50: in request
    return self._c.request(method, path, **kwargs)
           ^^^^^^^^^^^^^^^^^^^^^^^^^^^^^^^^^^^^^^^
..\..\dark-factory-wearedevs\.venv\Lib\site-packages\httpx\_client.py:825: in request
    return self.send(request, auth=auth, follow_redirects=follow_redirects)
           ^^^^^^^^^^^^^^^^^^^^^^^^^^^^^^^^^^^^^^^^^^^^^^^^^^^^^^^^^^^^^^^^
..\..\dark-factory-wearedevs\.venv\Lib\site-packages\httpx\_client.py:914: in send
    response = self._send_handling_auth(
..\..\dark-factory-wearedevs\.venv\Lib\site-packages\httpx\_client.py:942: in _send_handling_auth
    response = self._send_handling_redirects(
..\..\dark-factory-wearedevs\.venv\Lib\site-packages\httpx\_client.py:979: in _send_handling_redirects
    response = self._send_single_request(request)
               ^^^^^^^^^^^^^^^^^^^^^^^^^^^^^^^^^^
..\..\dark-factory-wearedevs\.venv\Lib\site-packages\httpx\_client.py:1014: in _send_single_request
    response = transport.handle_request(request)
               ^^^^^^^^^^^^^^^^^^^^^^^^^^^^^^^^^
..\..\dark-factory-wearedevs\.venv\Lib\site-packages\httpx\_transports\default.py:249: in handle_request
    with map_httpcore_exceptions():
         ^^^^^^^^^^^^^^^^^^^^^^^^^
..\..\..\..\AppData\Local\Programs\Python\Python312\Lib\contextlib.py:158: in __exit__
    self.gen.throw(value)
_ _ _ _ _ _ _ _ _ _ _ _ _ _ _ _ _ _ _ _ _ _ _ _ _ _ _ _ _ _ _ _ _ _ _ _ _ _ _ _

    @contextlib.contextmanager
    def map_httpcore_exceptions() -> typing.Iterator[None]:
        global HTTPCORE_EXC_MAP
        if len(HTTPCORE_EXC_MAP) == 0:
            HTTPCORE_EXC_MAP = _load_httpcore_exceptions()
        try:
            yield
        except Exception as exc:
            mapped_exc = None
    
            for from_exc, to_exc in HTTPCORE_EXC_MAP.items():
                if not isinstance(exc, from_exc):
                    continue
                # We want to map to the most specific exception we can find.
                # Eg if `exc` is an `httpcore.ReadTimeout`, we want to map to
                # `httpx.ReadTimeout`, not just `httpx.TimeoutException`.
                if mapped_exc is None or issubclass(to_exc, mapped_exc):
                    mapped_exc = to_exc
    
            if mapped_exc is None:  # pragma: no cover
                raise
    
            message = str(exc)
>           raise mapped_exc(message) from exc
E           httpx.ConnectError: [WinError 10061] No connection could be made because the target machine actively refused it

..\..\dark-factory-wearedevs\.venv\Lib\site-packages\httpx\_transports\default.py:118: ConnectError
________ ERROR at setup of test_void_captured_and_expired_are_not_open ________

    @contextlib.contextmanager
    def map_httpcore_exceptions() -> typing.Iterator[None]:
        global HTTPCORE_EXC_MAP
        if len(HTTPCORE_EXC_MAP) == 0:
            HTTPCORE_EXC_MAP = _load_httpcore_exceptions()
        try:
>           yield

..\..\dark-factory-wearedevs\.venv\Lib\site-packages\httpx\_transports\default.py:101: 
_ _ _ _ _ _ _ _ _ _ _ _ _ _ _ _ _ _ _ _ _ _ _ _ _ _ _ _ _ _ _ _ _ _ _ _ _ _ _ _
..\..\dark-factory-wearedevs\.venv\Lib\site-packages\httpx\_transports\default.py:250: in handle_request
    resp = self._pool.handle_request(req)
           ^^^^^^^^^^^^^^^^^^^^^^^^^^^^^^
..\..\dark-factory-wearedevs\.venv\Lib\site-packages\httpcore\_sync\connection_pool.py:256: in handle_request
    raise exc from None
..\..\dark-factory-wearedevs\.venv\Lib\site-packages\httpcore\_sync\connection_pool.py:236: in handle_request
    response = connection.handle_request(
..\..\dark-factory-wearedevs\.venv\Lib\site-packages\httpcore\_sync\connection.py:101: in handle_request
    raise exc
..\..\dark-factory-wearedevs\.venv\Lib\site-packages\httpcore\_sync\connection.py:78: in handle_request
    stream = self._connect(request)
             ^^^^^^^^^^^^^^^^^^^^^^
..\..\dark-factory-wearedevs\.venv\Lib\site-packages\httpcore\_sync\connection.py:124: in _connect
    stream = self._network_backend.connect_tcp(**kwargs)
             ^^^^^^^^^^^^^^^^^^^^^^^^^^^^^^^^^^^^^^^^^^^
..\..\dark-factory-wearedevs\.venv\Lib\site-packages\httpcore\_backends\sync.py:207: in connect_tcp
    with map_exceptions(exc_map):
         ^^^^^^^^^^^^^^^^^^^^^^^
..\..\..\..\AppData\Local\Programs\Python\Python312\Lib\contextlib.py:158: in __exit__
    self.gen.throw(value)
_ _ _ _ _ _ _ _ _ _ _ _ _ _ _ _ _ _ _ _ _ _ _ _ _ _ _ _ _ _ _ _ _ _ _ _ _ _ _ _

map = {<class 'TimeoutError'>: <class 'httpcore.ConnectTimeout'>, <class 'OSError'>: <class 'httpcore.ConnectError'>}

    @contextlib.contextmanager
    def map_exceptions(map: ExceptionMapping) -> typing.Iterator[None]:
        try:
            yield
        except Exception as exc:  # noqa: PIE786
            for from_exc, to_exc in map.items():
                if isinstance(exc, from_exc):
>                   raise to_exc(exc) from exc
E                   httpcore.ConnectError: [WinError 10061] No connection could be made because the target machine actively refused it

..\..\dark-factory-wearedevs\.venv\Lib\site-packages\httpcore\_exceptions.py:14: ConnectError

The above exception was the direct cause of the following exception:

api = <function api.<locals>._make at 0x0000025D08546D40>

    @pytest.fixture
    def world(api):
        body = fixture2()
>       resp = do_reset(body)
               ^^^^^^^^^^^^^^

attacks\stage-2\conftest.py:79: 
_ _ _ _ _ _ _ _ _ _ _ _ _ _ _ _ _ _ _ _ _ _ _ _ _ _ _ _ _ _ _ _ _ _ _ _ _ _ _ _
attacks\stage-1\attacklib.py:171: in do_reset
    return c.post("/_test/reset", json=body, timeout=RESET_TIMEOUT, token=None)
           ^^^^^^^^^^^^^^^^^^^^^^^^^^^^^^^^^^^^^^^^^^^^^^^^^^^^^^^^^^^^^^^^^^^^
attacks\stage-1\attacklib.py:56: in post
    return self.request("POST", path, **kw)
           ^^^^^^^^^^^^^^^^^^^^^^^^^^^^^^^^
attacks\stage-1\attacklib.py:50: in request
    return self._c.request(method, path, **kwargs)
           ^^^^^^^^^^^^^^^^^^^^^^^^^^^^^^^^^^^^^^^
..\..\dark-factory-wearedevs\.venv\Lib\site-packages\httpx\_client.py:825: in request
    return self.send(request, auth=auth, follow_redirects=follow_redirects)
           ^^^^^^^^^^^^^^^^^^^^^^^^^^^^^^^^^^^^^^^^^^^^^^^^^^^^^^^^^^^^^^^^
..\..\dark-factory-wearedevs\.venv\Lib\site-packages\httpx\_client.py:914: in send
    response = self._send_handling_auth(
..\..\dark-factory-wearedevs\.venv\Lib\site-packages\httpx\_client.py:942: in _send_handling_auth
    response = self._send_handling_redirects(
..\..\dark-factory-wearedevs\.venv\Lib\site-packages\httpx\_client.py:979: in _send_handling_redirects
    response = self._send_single_request(request)
               ^^^^^^^^^^^^^^^^^^^^^^^^^^^^^^^^^^
..\..\dark-factory-wearedevs\.venv\Lib\site-packages\httpx\_client.py:1014: in _send_single_request
    response = transport.handle_request(request)
               ^^^^^^^^^^^^^^^^^^^^^^^^^^^^^^^^^
..\..\dark-factory-wearedevs\.venv\Lib\site-packages\httpx\_transports\default.py:249: in handle_request
    with map_httpcore_exceptions():
         ^^^^^^^^^^^^^^^^^^^^^^^^^
..\..\..\..\AppData\Local\Programs\Python\Python312\Lib\contextlib.py:158: in __exit__
    self.gen.throw(value)
_ _ _ _ _ _ _ _ _ _ _ _ _ _ _ _ _ _ _ _ _ _ _ _ _ _ _ _ _ _ _ _ _ _ _ _ _ _ _ _

    @contextlib.contextmanager
    def map_httpcore_exceptions() -> typing.Iterator[None]:
        global HTTPCORE_EXC_MAP
        if len(HTTPCORE_EXC_MAP) == 0:
            HTTPCORE_EXC_MAP = _load_httpcore_exceptions()
        try:
            yield
        except Exception as exc:
            mapped_exc = None
    
            for from_exc, to_exc in HTTPCORE_EXC_MAP.items():
                if not isinstance(exc, from_exc):
                    continue
                # We want to map to the most specific exception we can find.
                # Eg if `exc` is an `httpcore.ReadTimeout`, we want to map to
                # `httpx.ReadTimeout`, not just `httpx.TimeoutException`.
                if mapped_exc is None or issubclass(to_exc, mapped_exc):
                    mapped_exc = to_exc
    
            if mapped_exc is None:  # pragma: no cover
                raise
    
            message = str(exc)
>           raise mapped_exc(message) from exc
E           httpx.ConnectError: [WinError 10061] No connection could be made because the target machine actively refused it

..\..\dark-factory-wearedevs\.venv\Lib\site-packages\httpx\_transports\default.py:118: ConnectError
_______ ERROR at setup of test_captured_payment_follows_feed_visibility _______

    @contextlib.contextmanager
    def map_httpcore_exceptions() -> typing.Iterator[None]:
        global HTTPCORE_EXC_MAP
        if len(HTTPCORE_EXC_MAP) == 0:
            HTTPCORE_EXC_MAP = _load_httpcore_exceptions()
        try:
>           yield

..\..\dark-factory-wearedevs\.venv\Lib\site-packages\httpx\_transports\default.py:101: 
_ _ _ _ _ _ _ _ _ _ _ _ _ _ _ _ _ _ _ _ _ _ _ _ _ _ _ _ _ _ _ _ _ _ _ _ _ _ _ _
..\..\dark-factory-wearedevs\.venv\Lib\site-packages\httpx\_transports\default.py:250: in handle_request
    resp = self._pool.handle_request(req)
           ^^^^^^^^^^^^^^^^^^^^^^^^^^^^^^
..\..\dark-factory-wearedevs\.venv\Lib\site-packages\httpcore\_sync\connection_pool.py:256: in handle_request
    raise exc from None
..\..\dark-factory-wearedevs\.venv\Lib\site-packages\httpcore\_sync\connection_pool.py:236: in handle_request
    response = connection.handle_request(
..\..\dark-factory-wearedevs\.venv\Lib\site-packages\httpcore\_sync\connection.py:101: in handle_request
    raise exc
..\..\dark-factory-wearedevs\.venv\Lib\site-packages\httpcore\_sync\connection.py:78: in handle_request
    stream = self._connect(request)
             ^^^^^^^^^^^^^^^^^^^^^^
..\..\dark-factory-wearedevs\.venv\Lib\site-packages\httpcore\_sync\connection.py:124: in _connect
    stream = self._network_backend.connect_tcp(**kwargs)
             ^^^^^^^^^^^^^^^^^^^^^^^^^^^^^^^^^^^^^^^^^^^
..\..\dark-factory-wearedevs\.venv\Lib\site-packages\httpcore\_backends\sync.py:207: in connect_tcp
    with map_exceptions(exc_map):
         ^^^^^^^^^^^^^^^^^^^^^^^
..\..\..\..\AppData\Local\Programs\Python\Python312\Lib\contextlib.py:158: in __exit__
    self.gen.throw(value)
_ _ _ _ _ _ _ _ _ _ _ _ _ _ _ _ _ _ _ _ _ _ _ _ _ _ _ _ _ _ _ _ _ _ _ _ _ _ _ _

map = {<class 'TimeoutError'>: <class 'httpcore.ConnectTimeout'>, <class 'OSError'>: <class 'httpcore.ConnectError'>}

    @contextlib.contextmanager
    def map_exceptions(map: ExceptionMapping) -> typing.Iterator[None]:
        try:
            yield
        except Exception as exc:  # noqa: PIE786
            for from_exc, to_exc in map.items():
                if isinstance(exc, from_exc):
>                   raise to_exc(exc) from exc
E                   httpcore.ConnectError: [WinError 10061] No connection could be made because the target machine actively refused it

..\..\dark-factory-wearedevs\.venv\Lib\site-packages\httpcore\_exceptions.py:14: ConnectError

The above exception was the direct cause of the following exception:

api = <function api.<locals>._make at 0x0000025D08544860>

    @pytest.fixture
    def world(api):
        body = fixture2()
>       resp = do_reset(body)
               ^^^^^^^^^^^^^^

attacks\stage-2\conftest.py:79: 
_ _ _ _ _ _ _ _ _ _ _ _ _ _ _ _ _ _ _ _ _ _ _ _ _ _ _ _ _ _ _ _ _ _ _ _ _ _ _ _
attacks\stage-1\attacklib.py:171: in do_reset
    return c.post("/_test/reset", json=body, timeout=RESET_TIMEOUT, token=None)
           ^^^^^^^^^^^^^^^^^^^^^^^^^^^^^^^^^^^^^^^^^^^^^^^^^^^^^^^^^^^^^^^^^^^^
attacks\stage-1\attacklib.py:56: in post
    return self.request("POST", path, **kw)
           ^^^^^^^^^^^^^^^^^^^^^^^^^^^^^^^^
attacks\stage-1\attacklib.py:50: in request
    return self._c.request(method, path, **kwargs)
           ^^^^^^^^^^^^^^^^^^^^^^^^^^^^^^^^^^^^^^^
..\..\dark-factory-wearedevs\.venv\Lib\site-packages\httpx\_client.py:825: in request
    return self.send(request, auth=auth, follow_redirects=follow_redirects)
           ^^^^^^^^^^^^^^^^^^^^^^^^^^^^^^^^^^^^^^^^^^^^^^^^^^^^^^^^^^^^^^^^
..\..\dark-factory-wearedevs\.venv\Lib\site-packages\httpx\_client.py:914: in send
    response = self._send_handling_auth(
..\..\dark-factory-wearedevs\.venv\Lib\site-packages\httpx\_client.py:942: in _send_handling_auth
    response = self._send_handling_redirects(
..\..\dark-factory-wearedevs\.venv\Lib\site-packages\httpx\_client.py:979: in _send_handling_redirects
    response = self._send_single_request(request)
               ^^^^^^^^^^^^^^^^^^^^^^^^^^^^^^^^^^
..\..\dark-factory-wearedevs\.venv\Lib\site-packages\httpx\_client.py:1014: in _send_single_request
    response = transport.handle_request(request)
               ^^^^^^^^^^^^^^^^^^^^^^^^^^^^^^^^^
..\..\dark-factory-wearedevs\.venv\Lib\site-packages\httpx\_transports\default.py:249: in handle_request
    with map_httpcore_exceptions():
         ^^^^^^^^^^^^^^^^^^^^^^^^^
..\..\..\..\AppData\Local\Programs\Python\Python312\Lib\contextlib.py:158: in __exit__
    self.gen.throw(value)
_ _ _ _ _ _ _ _ _ _ _ _ _ _ _ _ _ _ _ _ _ _ _ _ _ _ _ _ _ _ _ _ _ _ _ _ _ _ _ _

    @contextlib.contextmanager
    def map_httpcore_exceptions() -> typing.Iterator[None]:
        global HTTPCORE_EXC_MAP
        if len(HTTPCORE_EXC_MAP) == 0:
            HTTPCORE_EXC_MAP = _load_httpcore_exceptions()
        try:
            yield
        except Exception as exc:
            mapped_exc = None
    
            for from_exc, to_exc in HTTPCORE_EXC_MAP.items():
                if not isinstance(exc, from_exc):
                    continue
                # We want to map to the most specific exception we can find.
                # Eg if `exc` is an `httpcore.ReadTimeout`, we want to map to
                # `httpx.ReadTimeout`, not just `httpx.TimeoutException`.
                if mapped_exc is None or issubclass(to_exc, mapped_exc):
                    mapped_exc = to_exc
    
            if mapped_exc is None:  # pragma: no cover
                raise
    
            message = str(exc)
>           raise mapped_exc(message) from exc
E           httpx.ConnectError: [WinError 10061] No connection could be made because the target machine actively refused it

..\..\dark-factory-wearedevs\.venv\Lib\site-packages\httpx\_transports\default.py:118: ConnectError
____________ ERROR at setup of test_capture_records_are_cumulative ____________

    @contextlib.contextmanager
    def map_httpcore_exceptions() -> typing.Iterator[None]:
        global HTTPCORE_EXC_MAP
        if len(HTTPCORE_EXC_MAP) == 0:
            HTTPCORE_EXC_MAP = _load_httpcore_exceptions()
        try:
>           yield

..\..\dark-factory-wearedevs\.venv\Lib\site-packages\httpx\_transports\default.py:101: 
_ _ _ _ _ _ _ _ _ _ _ _ _ _ _ _ _ _ _ _ _ _ _ _ _ _ _ _ _ _ _ _ _ _ _ _ _ _ _ _
..\..\dark-factory-wearedevs\.venv\Lib\site-packages\httpx\_transports\default.py:250: in handle_request
    resp = self._pool.handle_request(req)
           ^^^^^^^^^^^^^^^^^^^^^^^^^^^^^^
..\..\dark-factory-wearedevs\.venv\Lib\site-packages\httpcore\_sync\connection_pool.py:256: in handle_request
    raise exc from None
..\..\dark-factory-wearedevs\.venv\Lib\site-packages\httpcore\_sync\connection_pool.py:236: in handle_request
    response = connection.handle_request(
..\..\dark-factory-wearedevs\.venv\Lib\site-packages\httpcore\_sync\connection.py:101: in handle_request
    raise exc
..\..\dark-factory-wearedevs\.venv\Lib\site-packages\httpcore\_sync\connection.py:78: in handle_request
    stream = self._connect(request)
             ^^^^^^^^^^^^^^^^^^^^^^
..\..\dark-factory-wearedevs\.venv\Lib\site-packages\httpcore\_sync\connection.py:124: in _connect
    stream = self._network_backend.connect_tcp(**kwargs)
             ^^^^^^^^^^^^^^^^^^^^^^^^^^^^^^^^^^^^^^^^^^^
..\..\dark-factory-wearedevs\.venv\Lib\site-packages\httpcore\_backends\sync.py:207: in connect_tcp
    with map_exceptions(exc_map):
         ^^^^^^^^^^^^^^^^^^^^^^^
..\..\..\..\AppData\Local\Programs\Python\Python312\Lib\contextlib.py:158: in __exit__
    self.gen.throw(value)
_ _ _ _ _ _ _ _ _ _ _ _ _ _ _ _ _ _ _ _ _ _ _ _ _ _ _ _ _ _ _ _ _ _ _ _ _ _ _ _

map = {<class 'TimeoutError'>: <class 'httpcore.ConnectTimeout'>, <class 'OSError'>: <class 'httpcore.ConnectError'>}

    @contextlib.contextmanager
    def map_exceptions(map: ExceptionMapping) -> typing.Iterator[None]:
        try:
            yield
        except Exception as exc:  # noqa: PIE786
            for from_exc, to_exc in map.items():
                if isinstance(exc, from_exc):
>                   raise to_exc(exc) from exc
E                   httpcore.ConnectError: [WinError 10061] No connection could be made because the target machine actively refused it

..\..\dark-factory-wearedevs\.venv\Lib\site-packages\httpcore\_exceptions.py:14: ConnectError

The above exception was the direct cause of the following exception:

api = <function api.<locals>._make at 0x0000025D08546CA0>

    @pytest.fixture
    def world(api):
        body = fixture2()
>       resp = do_reset(body)
               ^^^^^^^^^^^^^^

attacks\stage-2\conftest.py:79: 
_ _ _ _ _ _ _ _ _ _ _ _ _ _ _ _ _ _ _ _ _ _ _ _ _ _ _ _ _ _ _ _ _ _ _ _ _ _ _ _
attacks\stage-1\attacklib.py:171: in do_reset
    return c.post("/_test/reset", json=body, timeout=RESET_TIMEOUT, token=None)
           ^^^^^^^^^^^^^^^^^^^^^^^^^^^^^^^^^^^^^^^^^^^^^^^^^^^^^^^^^^^^^^^^^^^^
attacks\stage-1\attacklib.py:56: in post
    return self.request("POST", path, **kw)
           ^^^^^^^^^^^^^^^^^^^^^^^^^^^^^^^^
attacks\stage-1\attacklib.py:50: in request
    return self._c.request(method, path, **kwargs)
           ^^^^^^^^^^^^^^^^^^^^^^^^^^^^^^^^^^^^^^^
..\..\dark-factory-wearedevs\.venv\Lib\site-packages\httpx\_client.py:825: in request
    return self.send(request, auth=auth, follow_redirects=follow_redirects)
           ^^^^^^^^^^^^^^^^^^^^^^^^^^^^^^^^^^^^^^^^^^^^^^^^^^^^^^^^^^^^^^^^
..\..\dark-factory-wearedevs\.venv\Lib\site-packages\httpx\_client.py:914: in send
    response = self._send_handling_auth(
..\..\dark-factory-wearedevs\.venv\Lib\site-packages\httpx\_client.py:942: in _send_handling_auth
    response = self._send_handling_redirects(
..\..\dark-factory-wearedevs\.venv\Lib\site-packages\httpx\_client.py:979: in _send_handling_redirects
    response = self._send_single_request(request)
               ^^^^^^^^^^^^^^^^^^^^^^^^^^^^^^^^^^
..\..\dark-factory-wearedevs\.venv\Lib\site-packages\httpx\_client.py:1014: in _send_single_request
    response = transport.handle_request(request)
               ^^^^^^^^^^^^^^^^^^^^^^^^^^^^^^^^^
..\..\dark-factory-wearedevs\.venv\Lib\site-packages\httpx\_transports\default.py:249: in handle_request
    with map_httpcore_exceptions():
         ^^^^^^^^^^^^^^^^^^^^^^^^^
..\..\..\..\AppData\Local\Programs\Python\Python312\Lib\contextlib.py:158: in __exit__
    self.gen.throw(value)
_ _ _ _ _ _ _ _ _ _ _ _ _ _ _ _ _ _ _ _ _ _ _ _ _ _ _ _ _ _ _ _ _ _ _ _ _ _ _ _

    @contextlib.contextmanager
    def map_httpcore_exceptions() -> typing.Iterator[None]:
        global HTTPCORE_EXC_MAP
        if len(HTTPCORE_EXC_MAP) == 0:
            HTTPCORE_EXC_MAP = _load_httpcore_exceptions()
        try:
            yield
        except Exception as exc:
            mapped_exc = None
    
            for from_exc, to_exc in HTTPCORE_EXC_MAP.items():
                if not isinstance(exc, from_exc):
                    continue
                # We want to map to the most specific exception we can find.
                # Eg if `exc` is an `httpcore.ReadTimeout`, we want to map to
                # `httpx.ReadTimeout`, not just `httpx.TimeoutException`.
                if mapped_exc is None or issubclass(to_exc, mapped_exc):
                    mapped_exc = to_exc
    
            if mapped_exc is None:  # pragma: no cover
                raise
    
            message = str(exc)
>           raise mapped_exc(message) from exc
E           httpx.ConnectError: [WinError 10061] No connection could be made because the target machine actively refused it

..\..\dark-factory-wearedevs\.venv\Lib\site-packages\httpx\_transports\default.py:118: ConnectError
__ ERROR at setup of test_void_after_partial_capture_releases_only_remainder __

    @contextlib.contextmanager
    def map_httpcore_exceptions() -> typing.Iterator[None]:
        global HTTPCORE_EXC_MAP
        if len(HTTPCORE_EXC_MAP) == 0:
            HTTPCORE_EXC_MAP = _load_httpcore_exceptions()
        try:
>           yield

..\..\dark-factory-wearedevs\.venv\Lib\site-packages\httpx\_transports\default.py:101: 
_ _ _ _ _ _ _ _ _ _ _ _ _ _ _ _ _ _ _ _ _ _ _ _ _ _ _ _ _ _ _ _ _ _ _ _ _ _ _ _
..\..\dark-factory-wearedevs\.venv\Lib\site-packages\httpx\_transports\default.py:250: in handle_request
    resp = self._pool.handle_request(req)
           ^^^^^^^^^^^^^^^^^^^^^^^^^^^^^^
..\..\dark-factory-wearedevs\.venv\Lib\site-packages\httpcore\_sync\connection_pool.py:256: in handle_request
    raise exc from None
..\..\dark-factory-wearedevs\.venv\Lib\site-packages\httpcore\_sync\connection_pool.py:236: in handle_request
    response = connection.handle_request(
..\..\dark-factory-wearedevs\.venv\Lib\site-packages\httpcore\_sync\connection.py:101: in handle_request
    raise exc
..\..\dark-factory-wearedevs\.venv\Lib\site-packages\httpcore\_sync\connection.py:78: in handle_request
    stream = self._connect(request)
             ^^^^^^^^^^^^^^^^^^^^^^
..\..\dark-factory-wearedevs\.venv\Lib\site-packages\httpcore\_sync\connection.py:124: in _connect
    stream = self._network_backend.connect_tcp(**kwargs)
             ^^^^^^^^^^^^^^^^^^^^^^^^^^^^^^^^^^^^^^^^^^^
..\..\dark-factory-wearedevs\.venv\Lib\site-packages\httpcore\_backends\sync.py:207: in connect_tcp
    with map_exceptions(exc_map):
         ^^^^^^^^^^^^^^^^^^^^^^^
..\..\..\..\AppData\Local\Programs\Python\Python312\Lib\contextlib.py:158: in __exit__
    self.gen.throw(value)
_ _ _ _ _ _ _ _ _ _ _ _ _ _ _ _ _ _ _ _ _ _ _ _ _ _ _ _ _ _ _ _ _ _ _ _ _ _ _ _

map = {<class 'TimeoutError'>: <class 'httpcore.ConnectTimeout'>, <class 'OSError'>: <class 'httpcore.ConnectError'>}

    @contextlib.contextmanager
    def map_exceptions(map: ExceptionMapping) -> typing.Iterator[None]:
        try:
            yield
        except Exception as exc:  # noqa: PIE786
            for from_exc, to_exc in map.items():
                if isinstance(exc, from_exc):
>                   raise to_exc(exc) from exc
E                   httpcore.ConnectError: [WinError 10061] No connection could be made because the target machine actively refused it

..\..\dark-factory-wearedevs\.venv\Lib\site-packages\httpcore\_exceptions.py:14: ConnectError

The above exception was the direct cause of the following exception:

api = <function api.<locals>._make at 0x0000025D085472E0>

    @pytest.fixture
    def world(api):
        body = fixture2()
>       resp = do_reset(body)
               ^^^^^^^^^^^^^^

attacks\stage-2\conftest.py:79: 
_ _ _ _ _ _ _ _ _ _ _ _ _ _ _ _ _ _ _ _ _ _ _ _ _ _ _ _ _ _ _ _ _ _ _ _ _ _ _ _
attacks\stage-1\attacklib.py:171: in do_reset
    return c.post("/_test/reset", json=body, timeout=RESET_TIMEOUT, token=None)
           ^^^^^^^^^^^^^^^^^^^^^^^^^^^^^^^^^^^^^^^^^^^^^^^^^^^^^^^^^^^^^^^^^^^^
attacks\stage-1\attacklib.py:56: in post
    return self.request("POST", path, **kw)
           ^^^^^^^^^^^^^^^^^^^^^^^^^^^^^^^^
attacks\stage-1\attacklib.py:50: in request
    return self._c.request(method, path, **kwargs)
           ^^^^^^^^^^^^^^^^^^^^^^^^^^^^^^^^^^^^^^^
..\..\dark-factory-wearedevs\.venv\Lib\site-packages\httpx\_client.py:825: in request
    return self.send(request, auth=auth, follow_redirects=follow_redirects)
           ^^^^^^^^^^^^^^^^^^^^^^^^^^^^^^^^^^^^^^^^^^^^^^^^^^^^^^^^^^^^^^^^
..\..\dark-factory-wearedevs\.venv\Lib\site-packages\httpx\_client.py:914: in send
    response = self._send_handling_auth(
..\..\dark-factory-wearedevs\.venv\Lib\site-packages\httpx\_client.py:942: in _send_handling_auth
    response = self._send_handling_redirects(
..\..\dark-factory-wearedevs\.venv\Lib\site-packages\httpx\_client.py:979: in _send_handling_redirects
    response = self._send_single_request(request)
               ^^^^^^^^^^^^^^^^^^^^^^^^^^^^^^^^^^
..\..\dark-factory-wearedevs\.venv\Lib\site-packages\httpx\_client.py:1014: in _send_single_request
    response = transport.handle_request(request)
               ^^^^^^^^^^^^^^^^^^^^^^^^^^^^^^^^^
..\..\dark-factory-wearedevs\.venv\Lib\site-packages\httpx\_transports\default.py:249: in handle_request
    with map_httpcore_exceptions():
         ^^^^^^^^^^^^^^^^^^^^^^^^^
..\..\..\..\AppData\Local\Programs\Python\Python312\Lib\contextlib.py:158: in __exit__
    self.gen.throw(value)
_ _ _ _ _ _ _ _ _ _ _ _ _ _ _ _ _ _ _ _ _ _ _ _ _ _ _ _ _ _ _ _ _ _ _ _ _ _ _ _

    @contextlib.contextmanager
    def map_httpcore_exceptions() -> typing.Iterator[None]:
        global HTTPCORE_EXC_MAP
        if len(HTTPCORE_EXC_MAP) == 0:
            HTTPCORE_EXC_MAP = _load_httpcore_exceptions()
        try:
            yield
        except Exception as exc:
            mapped_exc = None
    
            for from_exc, to_exc in HTTPCORE_EXC_MAP.items():
                if not isinstance(exc, from_exc):
                    continue
                # We want to map to the most specific exception we can find.
                # Eg if `exc` is an `httpcore.ReadTimeout`, we want to map to
                # `httpx.ReadTimeout`, not just `httpx.TimeoutException`.
                if mapped_exc is None or issubclass(to_exc, mapped_exc):
                    mapped_exc = to_exc
    
            if mapped_exc is None:  # pragma: no cover
                raise
    
            message = str(exc)
>           raise mapped_exc(message) from exc
E           httpx.ConnectError: [WinError 10061] No connection could be made because the target machine actively refused it

..\..\dark-factory-wearedevs\.venv\Lib\site-packages\httpx\_transports\default.py:118: ConnectError
_______ ERROR at setup of test_authorization_listing_scope_and_filters ________

    @contextlib.contextmanager
    def map_httpcore_exceptions() -> typing.Iterator[None]:
        global HTTPCORE_EXC_MAP
        if len(HTTPCORE_EXC_MAP) == 0:
            HTTPCORE_EXC_MAP = _load_httpcore_exceptions()
        try:
>           yield

..\..\dark-factory-wearedevs\.venv\Lib\site-packages\httpx\_transports\default.py:101: 
_ _ _ _ _ _ _ _ _ _ _ _ _ _ _ _ _ _ _ _ _ _ _ _ _ _ _ _ _ _ _ _ _ _ _ _ _ _ _ _
..\..\dark-factory-wearedevs\.venv\Lib\site-packages\httpx\_transports\default.py:250: in handle_request
    resp = self._pool.handle_request(req)
           ^^^^^^^^^^^^^^^^^^^^^^^^^^^^^^
..\..\dark-factory-wearedevs\.venv\Lib\site-packages\httpcore\_sync\connection_pool.py:256: in handle_request
    raise exc from None
..\..\dark-factory-wearedevs\.venv\Lib\site-packages\httpcore\_sync\connection_pool.py:236: in handle_request
    response = connection.handle_request(
..\..\dark-factory-wearedevs\.venv\Lib\site-packages\httpcore\_sync\connection.py:101: in handle_request
    raise exc
..\..\dark-factory-wearedevs\.venv\Lib\site-packages\httpcore\_sync\connection.py:78: in handle_request
    stream = self._connect(request)
             ^^^^^^^^^^^^^^^^^^^^^^
..\..\dark-factory-wearedevs\.venv\Lib\site-packages\httpcore\_sync\connection.py:124: in _connect
    stream = self._network_backend.connect_tcp(**kwargs)
             ^^^^^^^^^^^^^^^^^^^^^^^^^^^^^^^^^^^^^^^^^^^
..\..\dark-factory-wearedevs\.venv\Lib\site-packages\httpcore\_backends\sync.py:207: in connect_tcp
    with map_exceptions(exc_map):
         ^^^^^^^^^^^^^^^^^^^^^^^
..\..\..\..\AppData\Local\Programs\Python\Python312\Lib\contextlib.py:158: in __exit__
    self.gen.throw(value)
_ _ _ _ _ _ _ _ _ _ _ _ _ _ _ _ _ _ _ _ _ _ _ _ _ _ _ _ _ _ _ _ _ _ _ _ _ _ _ _

map = {<class 'TimeoutError'>: <class 'httpcore.ConnectTimeout'>, <class 'OSError'>: <class 'httpcore.ConnectError'>}

    @contextlib.contextmanager
    def map_exceptions(map: ExceptionMapping) -> typing.Iterator[None]:
        try:
            yield
        except Exception as exc:  # noqa: PIE786
            for from_exc, to_exc in map.items():
                if isinstance(exc, from_exc):
>                   raise to_exc(exc) from exc
E                   httpcore.ConnectError: [WinError 10061] No connection could be made because the target machine actively refused it

..\..\dark-factory-wearedevs\.venv\Lib\site-packages\httpcore\_exceptions.py:14: ConnectError

The above exception was the direct cause of the following exception:

api = <function api.<locals>._make at 0x0000025D08547560>

    @pytest.fixture
    def world(api):
        body = fixture2()
>       resp = do_reset(body)
               ^^^^^^^^^^^^^^

attacks\stage-2\conftest.py:79: 
_ _ _ _ _ _ _ _ _ _ _ _ _ _ _ _ _ _ _ _ _ _ _ _ _ _ _ _ _ _ _ _ _ _ _ _ _ _ _ _
attacks\stage-1\attacklib.py:171: in do_reset
    return c.post("/_test/reset", json=body, timeout=RESET_TIMEOUT, token=None)
           ^^^^^^^^^^^^^^^^^^^^^^^^^^^^^^^^^^^^^^^^^^^^^^^^^^^^^^^^^^^^^^^^^^^^
attacks\stage-1\attacklib.py:56: in post
    return self.request("POST", path, **kw)
           ^^^^^^^^^^^^^^^^^^^^^^^^^^^^^^^^
attacks\stage-1\attacklib.py:50: in request
    return self._c.request(method, path, **kwargs)
           ^^^^^^^^^^^^^^^^^^^^^^^^^^^^^^^^^^^^^^^
..\..\dark-factory-wearedevs\.venv\Lib\site-packages\httpx\_client.py:825: in request
    return self.send(request, auth=auth, follow_redirects=follow_redirects)
           ^^^^^^^^^^^^^^^^^^^^^^^^^^^^^^^^^^^^^^^^^^^^^^^^^^^^^^^^^^^^^^^^
..\..\dark-factory-wearedevs\.venv\Lib\site-packages\httpx\_client.py:914: in send
    response = self._send_handling_auth(
..\..\dark-factory-wearedevs\.venv\Lib\site-packages\httpx\_client.py:942: in _send_handling_auth
    response = self._send_handling_redirects(
..\..\dark-factory-wearedevs\.venv\Lib\site-packages\httpx\_client.py:979: in _send_handling_redirects
    response = self._send_single_request(request)
               ^^^^^^^^^^^^^^^^^^^^^^^^^^^^^^^^^^
..\..\dark-factory-wearedevs\.venv\Lib\site-packages\httpx\_client.py:1014: in _send_single_request
    response = transport.handle_request(request)
               ^^^^^^^^^^^^^^^^^^^^^^^^^^^^^^^^^
..\..\dark-factory-wearedevs\.venv\Lib\site-packages\httpx\_transports\default.py:249: in handle_request
    with map_httpcore_exceptions():
         ^^^^^^^^^^^^^^^^^^^^^^^^^
..\..\..\..\AppData\Local\Programs\Python\Python312\Lib\contextlib.py:158: in __exit__
    self.gen.throw(value)
_ _ _ _ _ _ _ _ _ _ _ _ _ _ _ _ _ _ _ _ _ _ _ _ _ _ _ _ _ _ _ _ _ _ _ _ _ _ _ _

    @contextlib.contextmanager
    def map_httpcore_exceptions() -> typing.Iterator[None]:
        global HTTPCORE_EXC_MAP
        if len(HTTPCORE_EXC_MAP) == 0:
            HTTPCORE_EXC_MAP = _load_httpcore_exceptions()
        try:
            yield
        except Exception as exc:
            mapped_exc = None
    
            for from_exc, to_exc in HTTPCORE_EXC_MAP.items():
                if not isinstance(exc, from_exc):
                    continue
                # We want to map to the most specific exception we can find.
                # Eg if `exc` is an `httpcore.ReadTimeout`, we want to map to
                # `httpx.ReadTimeout`, not just `httpx.TimeoutException`.
                if mapped_exc is None or issubclass(to_exc, mapped_exc):
                    mapped_exc = to_exc
    
            if mapped_exc is None:  # pragma: no cover
                raise
    
            message = str(exc)
>           raise mapped_exc(message) from exc
E           httpx.ConnectError: [WinError 10061] No connection could be made because the target machine actively refused it

..\..\dark-factory-wearedevs\.venv\Lib\site-packages\httpx\_transports\default.py:118: ConnectError
___________ ERROR at setup of test_authorization_listing_pagination ___________

    @contextlib.contextmanager
    def map_httpcore_exceptions() -> typing.Iterator[None]:
        global HTTPCORE_EXC_MAP
        if len(HTTPCORE_EXC_MAP) == 0:
            HTTPCORE_EXC_MAP = _load_httpcore_exceptions()
        try:
>           yield

..\..\dark-factory-wearedevs\.venv\Lib\site-packages\httpx\_transports\default.py:101: 
_ _ _ _ _ _ _ _ _ _ _ _ _ _ _ _ _ _ _ _ _ _ _ _ _ _ _ _ _ _ _ _ _ _ _ _ _ _ _ _
..\..\dark-factory-wearedevs\.venv\Lib\site-packages\httpx\_transports\default.py:250: in handle_request
    resp = self._pool.handle_request(req)
           ^^^^^^^^^^^^^^^^^^^^^^^^^^^^^^
..\..\dark-factory-wearedevs\.venv\Lib\site-packages\httpcore\_sync\connection_pool.py:256: in handle_request
    raise exc from None
..\..\dark-factory-wearedevs\.venv\Lib\site-packages\httpcore\_sync\connection_pool.py:236: in handle_request
    response = connection.handle_request(
..\..\dark-factory-wearedevs\.venv\Lib\site-packages\httpcore\_sync\connection.py:101: in handle_request
    raise exc
..\..\dark-factory-wearedevs\.venv\Lib\site-packages\httpcore\_sync\connection.py:78: in handle_request
    stream = self._connect(request)
             ^^^^^^^^^^^^^^^^^^^^^^
..\..\dark-factory-wearedevs\.venv\Lib\site-packages\httpcore\_sync\connection.py:124: in _connect
    stream = self._network_backend.connect_tcp(**kwargs)
             ^^^^^^^^^^^^^^^^^^^^^^^^^^^^^^^^^^^^^^^^^^^
..\..\dark-factory-wearedevs\.venv\Lib\site-packages\httpcore\_backends\sync.py:207: in connect_tcp
    with map_exceptions(exc_map):
         ^^^^^^^^^^^^^^^^^^^^^^^
..\..\..\..\AppData\Local\Programs\Python\Python312\Lib\contextlib.py:158: in __exit__
    self.gen.throw(value)
_ _ _ _ _ _ _ _ _ _ _ _ _ _ _ _ _ _ _ _ _ _ _ _ _ _ _ _ _ _ _ _ _ _ _ _ _ _ _ _

map = {<class 'TimeoutError'>: <class 'httpcore.ConnectTimeout'>, <class 'OSError'>: <class 'httpcore.ConnectError'>}

    @contextlib.contextmanager
    def map_exceptions(map: ExceptionMapping) -> typing.Iterator[None]:
        try:
            yield
        except Exception as exc:  # noqa: PIE786
            for from_exc, to_exc in map.items():
                if isinstance(exc, from_exc):
>                   raise to_exc(exc) from exc
E                   httpcore.ConnectError: [WinError 10061] No connection could be made because the target machine actively refused it

..\..\dark-factory-wearedevs\.venv\Lib\site-packages\httpcore\_exceptions.py:14: ConnectError

The above exception was the direct cause of the following exception:

api = <function api.<locals>._make at 0x0000025D08547BA0>

    @pytest.fixture
    def world(api):
        body = fixture2()
>       resp = do_reset(body)
               ^^^^^^^^^^^^^^

attacks\stage-2\conftest.py:79: 
_ _ _ _ _ _ _ _ _ _ _ _ _ _ _ _ _ _ _ _ _ _ _ _ _ _ _ _ _ _ _ _ _ _ _ _ _ _ _ _
attacks\stage-1\attacklib.py:171: in do_reset
    return c.post("/_test/reset", json=body, timeout=RESET_TIMEOUT, token=None)
           ^^^^^^^^^^^^^^^^^^^^^^^^^^^^^^^^^^^^^^^^^^^^^^^^^^^^^^^^^^^^^^^^^^^^
attacks\stage-1\attacklib.py:56: in post
    return self.request("POST", path, **kw)
           ^^^^^^^^^^^^^^^^^^^^^^^^^^^^^^^^
attacks\stage-1\attacklib.py:50: in request
    return self._c.request(method, path, **kwargs)
           ^^^^^^^^^^^^^^^^^^^^^^^^^^^^^^^^^^^^^^^
..\..\dark-factory-wearedevs\.venv\Lib\site-packages\httpx\_client.py:825: in request
    return self.send(request, auth=auth, follow_redirects=follow_redirects)
           ^^^^^^^^^^^^^^^^^^^^^^^^^^^^^^^^^^^^^^^^^^^^^^^^^^^^^^^^^^^^^^^^
..\..\dark-factory-wearedevs\.venv\Lib\site-packages\httpx\_client.py:914: in send
    response = self._send_handling_auth(
..\..\dark-factory-wearedevs\.venv\Lib\site-packages\httpx\_client.py:942: in _send_handling_auth
    response = self._send_handling_redirects(
..\..\dark-factory-wearedevs\.venv\Lib\site-packages\httpx\_client.py:979: in _send_handling_redirects
    response = self._send_single_request(request)
               ^^^^^^^^^^^^^^^^^^^^^^^^^^^^^^^^^^
..\..\dark-factory-wearedevs\.venv\Lib\site-packages\httpx\_client.py:1014: in _send_single_request
    response = transport.handle_request(request)
               ^^^^^^^^^^^^^^^^^^^^^^^^^^^^^^^^^
..\..\dark-factory-wearedevs\.venv\Lib\site-packages\httpx\_transports\default.py:249: in handle_request
    with map_httpcore_exceptions():
         ^^^^^^^^^^^^^^^^^^^^^^^^^
..\..\..\..\AppData\Local\Programs\Python\Python312\Lib\contextlib.py:158: in __exit__
    self.gen.throw(value)
_ _ _ _ _ _ _ _ _ _ _ _ _ _ _ _ _ _ _ _ _ _ _ _ _ _ _ _ _ _ _ _ _ _ _ _ _ _ _ _

    @contextlib.contextmanager
    def map_httpcore_exceptions() -> typing.Iterator[None]:
        global HTTPCORE_EXC_MAP
        if len(HTTPCORE_EXC_MAP) == 0:
            HTTPCORE_EXC_MAP = _load_httpcore_exceptions()
        try:
            yield
        except Exception as exc:
            mapped_exc = None
    
            for from_exc, to_exc in HTTPCORE_EXC_MAP.items():
                if not isinstance(exc, from_exc):
                    continue
                # We want to map to the most specific exception we can find.
                # Eg if `exc` is an `httpcore.ReadTimeout`, we want to map to
                # `httpx.ReadTimeout`, not just `httpx.TimeoutException`.
                if mapped_exc is None or issubclass(to_exc, mapped_exc):
                    mapped_exc = to_exc
    
            if mapped_exc is None:  # pragma: no cover
                raise
    
            message = str(exc)
>           raise mapped_exc(message) from exc
E           httpx.ConnectError: [WinError 10061] No connection could be made because the target machine actively refused it

..\..\dark-factory-wearedevs\.venv\Lib\site-packages\httpx\_transports\default.py:118: ConnectError
=========================== short test summary info ===========================
ERROR attacks/stage-2/test_capture.py::test_full_final_capture_moves_money_and_closes
ERROR attacks/stage-2/test_capture.py::test_partial_final_capture_releases_remainder_immediately
ERROR attacks/stage-2/test_capture.py::test_second_capture_after_final_capture_is_not_open
ERROR attacks/stage-2/test_capture.py::test_extended_capture_keeps_remainder_held
ERROR attacks/stage-2/test_capture.py::test_capture_exceeding_remaining_is_422
ERROR attacks/stage-2/test_capture.py::test_capture_invalid_amount_is_422 - h...
ERROR attacks/stage-2/test_capture.py::test_omitted_amount_captures_remaining
ERROR attacks/stage-2/test_capture.py::test_capture_body_equality_is_byte_exact
ERROR attacks/stage-2/test_capture.py::test_capture_idempotent_replay_moves_money_once
ERROR attacks/stage-2/test_capture.py::test_capture_receiver_only - httpx.Con...
ERROR attacks/stage-2/test_capture.py::test_capture_unknown_authorization_is_404
ERROR attacks/stage-2/test_capture.py::test_capture_expired_by_clock_is_authorization_expired
ERROR attacks/stage-2/test_capture.py::test_capture_voided_is_not_open - http...
ERROR attacks/stage-2/test_capture.py::test_void_payer_only_and_idempotent - ...
ERROR attacks/stage-2/test_capture.py::test_void_captured_and_expired_are_not_open
ERROR attacks/stage-2/test_capture.py::test_captured_payment_follows_feed_visibility
ERROR attacks/stage-2/test_capture.py::test_capture_records_are_cumulative - ...
ERROR attacks/stage-2/test_capture.py::test_void_after_partial_capture_releases_only_remainder
ERROR attacks/stage-2/test_capture.py::test_authorization_listing_scope_and_filters
ERROR attacks/stage-2/test_capture.py::test_authorization_listing_pagination
20 errors in 95.35s (0:01:35)
E-breaker-21: recorded exit 0, re-executed exit 1 -> DIVERGED

exit 1
