$ python scripts/lever.py checks --suite verifier --stage 1 --rev 1125eee49810
..EEEF...EEFEEEEEEEEEEEFFEEEEEEEEEEEEEEEEEEEEEFFFEEEEFFFEEEEEEEFEEEEEEFF [ 92%]
FEEEEE                                                                   [100%]
=================================== ERRORS ====================================
_____________ ERROR at setup of test_s1_c9_handle_taken_on_signup _____________

    @contextlib.contextmanager
    def map_httpcore_exceptions() -> typing.Iterator[None]:
        global HTTPCORE_EXC_MAP
        if len(HTTPCORE_EXC_MAP) == 0:
            HTTPCORE_EXC_MAP = _load_httpcore_exceptions()
        try:
>           yield

..\..\dark-factory-wearedevs\.venv\Lib\site-packages\httpx\_transports\default.py:101: 
_ _ _ _ _ _ _ _ _ _ _ _ _ _ _ _ _ _ _ _ _ _ _ _ _ _ _ _ _ _ _ _ _ _ _ _ _ _ _ _
..\..\dark-factory-wearedevs\.venv\Lib\site-packages\httpx\_transports\default.py:250: in handle_request
    resp = self._pool.handle_request(req)
           ^^^^^^^^^^^^^^^^^^^^^^^^^^^^^^
..\..\dark-factory-wearedevs\.venv\Lib\site-packages\httpcore\_sync\connection_pool.py:256: in handle_request
    raise exc from None
..\..\dark-factory-wearedevs\.venv\Lib\site-packages\httpcore\_sync\connection_pool.py:236: in handle_request
    response = connection.handle_request(
..\..\dark-factory-wearedevs\.venv\Lib\site-packages\httpcore\_sync\connection.py:103: in handle_request
    return self._connection.handle_request(request)
           ^^^^^^^^^^^^^^^^^^^^^^^^^^^^^^^^^^^^^^^^
..\..\dark-factory-wearedevs\.venv\Lib\site-packages\httpcore\_sync\http11.py:136: in handle_request
    raise exc
..\..\dark-factory-wearedevs\.venv\Lib\site-packages\httpcore\_sync\http11.py:106: in handle_request
    ) = self._receive_response_headers(**kwargs)
        ^^^^^^^^^^^^^^^^^^^^^^^^^^^^^^^^^^^^^^^^
..\..\dark-factory-wearedevs\.venv\Lib\site-packages\httpcore\_sync\http11.py:177: in _receive_response_headers
    event = self._receive_event(timeout=timeout)
            ^^^^^^^^^^^^^^^^^^^^^^^^^^^^^^^^^^^^
_ _ _ _ _ _ _ _ _ _ _ _ _ _ _ _ _ _ _ _ _ _ _ _ _ _ _ _ _ _ _ _ _ _ _ _ _ _ _ _

self = <HTTP11Connection ['http://127.0.0.1:57189', CLOSED, Request Count: 1]>
timeout = 5.0

    def _receive_event(
        self, timeout: float | None = None
    ) -> h11.Event | type[h11.PAUSED]:
        while True:
            with map_exceptions({h11.RemoteProtocolError: RemoteProtocolError}):
                event = self._h11_state.next_event()
    
            if event is h11.NEED_DATA:
                data = self._network_stream.read(
                    self.READ_NUM_BYTES, timeout=timeout
                )
    
                # If we feed this case through h11 we'll raise an exception like:
                #
                #     httpcore.RemoteProtocolError: can't handle event type
                #     ConnectionClosed when role=SERVER and state=SEND_RESPONSE
                #
                # Which is accurate, but not very informative from an end-user
                # perspective. Instead we handle this case distinctly and treat
                # it as a ConnectError.
                if data == b"" and self._h11_state.their_state == h11.SEND_RESPONSE:
                    msg = "Server disconnected without sending a response."
>                   raise RemoteProtocolError(msg)
E                   httpcore.RemoteProtocolError: Server disconnected without sending a response.

..\..\dark-factory-wearedevs\.venv\Lib\site-packages\httpcore\_sync\http11.py:231: RemoteProtocolError

The above exception was the direct cause of the following exception:

reset = <function reset.<locals>._reset at 0x000001DDF836CAE0>
api = <function api.<locals>._api at 0x000001DDF86E2FC0>

    @pytest.fixture
    def world(reset, api):
        fixture = fx.fixture()
        reset(fixture)
        return SimpleNamespace(
            fixture=fixture,
            total=fx.seeded_total(fixture),
            currency=fixture["currency"],
            minor_units=fixture["minor_units"],
            ada=api().authenticate(fx.ADA["email"], fx.ADA["password"]),
>           bob=api().authenticate(fx.BOB["email"], fx.BOB["password"]),
                ^^^^^^^^^^^^^^^^^^^^^^^^^^^^^^^^^^^^^^^^^^^^^^^^^^^^^^^
            cy=api().authenticate(fx.CY["email"], fx.CY["password"]),
        )

C:\Users\HARIHA~1\AppData\Local\Temp\umbra-1125eee4-rmyw6v3j\repo\verify\stage-1\conftest.py:62: 
_ _ _ _ _ _ _ _ _ _ _ _ _ _ _ _ _ _ _ _ _ _ _ _ _ _ _ _ _ _ _ _ _ _ _ _ _ _ _ _
C:\Users\HARIHA~1\AppData\Local\Temp\umbra-1125eee4-rmyw6v3j\repo\verify\stage-1\lib\http.py:81: in authenticate
    resp = self.login(email, password)
           ^^^^^^^^^^^^^^^^^^^^^^^^^^^
C:\Users\HARIHA~1\AppData\Local\Temp\umbra-1125eee4-rmyw6v3j\repo\verify\stage-1\lib\http.py:78: in login
    return self.post("/auth/login", json={"email": email, "password": password}, token=None)
           ^^^^^^^^^^^^^^^^^^^^^^^^^^^^^^^^^^^^^^^^^^^^^^^^^^^^^^^^^^^^^^^^^^^^^^^^^^^^^^^^^
C:\Users\HARIHA~1\AppData\Local\Temp\umbra-1125eee4-rmyw6v3j\repo\verify\stage-1\lib\http.py:68: in post
    return self.request("POST", path, **kw)
           ^^^^^^^^^^^^^^^^^^^^^^^^^^^^^^^^
C:\Users\HARIHA~1\AppData\Local\Temp\umbra-1125eee4-rmyw6v3j\repo\verify\stage-1\lib\http.py:62: in request
    return self._client.request(method, path, **kwargs)
           ^^^^^^^^^^^^^^^^^^^^^^^^^^^^^^^^^^^^^^^^^^^^
..\..\dark-factory-wearedevs\.venv\Lib\site-packages\httpx\_client.py:825: in request
    return self.send(request, auth=auth, follow_redirects=follow_redirects)
           ^^^^^^^^^^^^^^^^^^^^^^^^^^^^^^^^^^^^^^^^^^^^^^^^^^^^^^^^^^^^^^^^
..\..\dark-factory-wearedevs\.venv\Lib\site-packages\httpx\_client.py:914: in send
    response = self._send_handling_auth(
..\..\dark-factory-wearedevs\.venv\Lib\site-packages\httpx\_client.py:942: in _send_handling_auth
    response = self._send_handling_redirects(
..\..\dark-factory-wearedevs\.venv\Lib\site-packages\httpx\_client.py:979: in _send_handling_redirects
    response = self._send_single_request(request)
               ^^^^^^^^^^^^^^^^^^^^^^^^^^^^^^^^^^
..\..\dark-factory-wearedevs\.venv\Lib\site-packages\httpx\_client.py:1014: in _send_single_request
    response = transport.handle_request(request)
               ^^^^^^^^^^^^^^^^^^^^^^^^^^^^^^^^^
..\..\dark-factory-wearedevs\.venv\Lib\site-packages\httpx\_transports\default.py:249: in handle_request
    with map_httpcore_exceptions():
         ^^^^^^^^^^^^^^^^^^^^^^^^^
..\..\..\..\AppData\Local\Programs\Python\Python312\Lib\contextlib.py:158: in __exit__
    self.gen.throw(value)
_ _ _ _ _ _ _ _ _ _ _ _ _ _ _ _ _ _ _ _ _ _ _ _ _ _ _ _ _ _ _ _ _ _ _ _ _ _ _ _

    @contextlib.contextmanager
    def map_httpcore_exceptions() -> typing.Iterator[None]:
        global HTTPCORE_EXC_MAP
        if len(HTTPCORE_EXC_MAP) == 0:
            HTTPCORE_EXC_MAP = _load_httpcore_exceptions()
        try:
            yield
        except Exception as exc:
            mapped_exc = None
    
            for from_exc, to_exc in HTTPCORE_EXC_MAP.items():
                if not isinstance(exc, from_exc):
                    continue
                # We want to map to the most specific exception we can find.
                # Eg if `exc` is an `httpcore.ReadTimeout`, we want to map to
                # `httpx.ReadTimeout`, not just `httpx.TimeoutException`.
                if mapped_exc is None or issubclass(to_exc, mapped_exc):
                    mapped_exc = to_exc
    
            if mapped_exc is None:  # pragma: no cover
                raise
    
            message = str(exc)
>           raise mapped_exc(message) from exc
E           httpx.RemoteProtocolError: Server disconnected without sending a response.

..\..\dark-factory-wearedevs\.venv\Lib\site-packages\httpx\_transports\default.py:118: RemoteProtocolError
_______ ERROR at setup of test_s1_c9_login_success_and_unauthenticated ________

    @contextlib.contextmanager
    def map_httpcore_exceptions() -> typing.Iterator[None]:
        global HTTPCORE_EXC_MAP
        if len(HTTPCORE_EXC_MAP) == 0:
            HTTPCORE_EXC_MAP = _load_httpcore_exceptions()
        try:
>           yield

..\..\dark-factory-wearedevs\.venv\Lib\site-packages\httpx\_transports\default.py:101: 
_ _ _ _ _ _ _ _ _ _ _ _ _ _ _ _ _ _ _ _ _ _ _ _ _ _ _ _ _ _ _ _ _ _ _ _ _ _ _ _
..\..\dark-factory-wearedevs\.venv\Lib\site-packages\httpx\_transports\default.py:250: in handle_request
    resp = self._pool.handle_request(req)
           ^^^^^^^^^^^^^^^^^^^^^^^^^^^^^^
..\..\dark-factory-wearedevs\.venv\Lib\site-packages\httpcore\_sync\connection_pool.py:256: in handle_request
    raise exc from None
..\..\dark-factory-wearedevs\.venv\Lib\site-packages\httpcore\_sync\connection_pool.py:236: in handle_request
    response = connection.handle_request(
..\..\dark-factory-wearedevs\.venv\Lib\site-packages\httpcore\_sync\connection.py:101: in handle_request
    raise exc
..\..\dark-factory-wearedevs\.venv\Lib\site-packages\httpcore\_sync\connection.py:78: in handle_request
    stream = self._connect(request)
             ^^^^^^^^^^^^^^^^^^^^^^
..\..\dark-factory-wearedevs\.venv\Lib\site-packages\httpcore\_sync\connection.py:124: in _connect
    stream = self._network_backend.connect_tcp(**kwargs)
             ^^^^^^^^^^^^^^^^^^^^^^^^^^^^^^^^^^^^^^^^^^^
..\..\dark-factory-wearedevs\.venv\Lib\site-packages\httpcore\_backends\sync.py:207: in connect_tcp
    with map_exceptions(exc_map):
         ^^^^^^^^^^^^^^^^^^^^^^^
..\..\..\..\AppData\Local\Programs\Python\Python312\Lib\contextlib.py:158: in __exit__
    self.gen.throw(value)
_ _ _ _ _ _ _ _ _ _ _ _ _ _ _ _ _ _ _ _ _ _ _ _ _ _ _ _ _ _ _ _ _ _ _ _ _ _ _ _

map = {<class 'TimeoutError'>: <class 'httpcore.ConnectTimeout'>, <class 'OSError'>: <class 'httpcore.ConnectError'>}

    @contextlib.contextmanager
    def map_exceptions(map: ExceptionMapping) -> typing.Iterator[None]:
        try:
            yield
        except Exception as exc:  # noqa: PIE786
            for from_exc, to_exc in map.items():
                if isinstance(exc, from_exc):
>                   raise to_exc(exc) from exc
E                   httpcore.ConnectError: [WinError 10061] No connection could be made because the target machine actively refused it

..\..\dark-factory-wearedevs\.venv\Lib\site-packages\httpcore\_exceptions.py:14: ConnectError

The above exception was the direct cause of the following exception:

reset = <function reset.<locals>._reset at 0x000001DDF871B7E0>
api = <function api.<locals>._api at 0x000001DDF871BD80>

    @pytest.fixture
    def world(reset, api):
        fixture = fx.fixture()
>       reset(fixture)

C:\Users\HARIHA~1\AppData\Local\Temp\umbra-1125eee4-rmyw6v3j\repo\verify\stage-1\conftest.py:55: 
_ _ _ _ _ _ _ _ _ _ _ _ _ _ _ _ _ _ _ _ _ _ _ _ _ _ _ _ _ _ _ _ _ _ _ _ _ _ _ _
C:\Users\HARIHA~1\AppData\Local\Temp\umbra-1125eee4-rmyw6v3j\repo\verify\stage-1\conftest.py:30: in _reset
    resp = httpx.post(f"{base_url}/_test/reset", json=fixture, timeout=RESET_TIMEOUT)
           ^^^^^^^^^^^^^^^^^^^^^^^^^^^^^^^^^^^^^^^^^^^^^^^^^^^^^^^^^^^^^^^^^^^^^^^^^^
..\..\dark-factory-wearedevs\.venv\Lib\site-packages\httpx\_api.py:304: in post
    return request(
..\..\dark-factory-wearedevs\.venv\Lib\site-packages\httpx\_api.py:109: in request
    return client.request(
..\..\dark-factory-wearedevs\.venv\Lib\site-packages\httpx\_client.py:825: in request
    return self.send(request, auth=auth, follow_redirects=follow_redirects)
           ^^^^^^^^^^^^^^^^^^^^^^^^^^^^^^^^^^^^^^^^^^^^^^^^^^^^^^^^^^^^^^^^
..\..\dark-factory-wearedevs\.venv\Lib\site-packages\httpx\_client.py:914: in send
    response = self._send_handling_auth(
..\..\dark-factory-wearedevs\.venv\Lib\site-packages\httpx\_client.py:942: in _send_handling_auth
    response = self._send_handling_redirects(
..\..\dark-factory-wearedevs\.venv\Lib\site-packages\httpx\_client.py:979: in _send_handling_redirects
    response = self._send_single_request(request)
               ^^^^^^^^^^^^^^^^^^^^^^^^^^^^^^^^^^
..\..\dark-factory-wearedevs\.venv\Lib\site-packages\httpx\_client.py:1014: in _send_single_request
    response = transport.handle_request(request)
               ^^^^^^^^^^^^^^^^^^^^^^^^^^^^^^^^^
..\..\dark-factory-wearedevs\.venv\Lib\site-packages\httpx\_transports\default.py:249: in handle_request
    with map_httpcore_exceptions():
         ^^^^^^^^^^^^^^^^^^^^^^^^^
..\..\..\..\AppData\Local\Programs\Python\Python312\Lib\contextlib.py:158: in __exit__
    self.gen.throw(value)
_ _ _ _ _ _ _ _ _ _ _ _ _ _ _ _ _ _ _ _ _ _ _ _ _ _ _ _ _ _ _ _ _ _ _ _ _ _ _ _

    @contextlib.contextmanager
    def map_httpcore_exceptions() -> typing.Iterator[None]:
        global HTTPCORE_EXC_MAP
        if len(HTTPCORE_EXC_MAP) == 0:
            HTTPCORE_EXC_MAP = _load_httpcore_exceptions()
        try:
            yield
        except Exception as exc:
            mapped_exc = None
    
            for from_exc, to_exc in HTTPCORE_EXC_MAP.items():
                if not isinstance(exc, from_exc):
                    continue
                # We want to map to the most specific exception we can find.
                # Eg if `exc` is an `httpcore.ReadTimeout`, we want to map to
                # `httpx.ReadTimeout`, not just `httpx.TimeoutException`.
                if mapped_exc is None or issubclass(to_exc, mapped_exc):
                    mapped_exc = to_exc
    
            if mapped_exc is None:  # pragma: no cover
                raise
    
            message = str(exc)
>           raise mapped_exc(message) from exc
E           httpx.ConnectError: [WinError 10061] No connection could be made because the target machine actively refused it

..\..\dark-factory-wearedevs\.venv\Lib\site-packages\httpx\_transports\default.py:118: ConnectError
______ ERROR at setup of test_s1_c9_bearer_required_except_public_paths _______

    @contextlib.contextmanager
    def map_httpcore_exceptions() -> typing.Iterator[None]:
        global HTTPCORE_EXC_MAP
        if len(HTTPCORE_EXC_MAP) == 0:
            HTTPCORE_EXC_MAP = _load_httpcore_exceptions()
        try:
>           yield

..\..\dark-factory-wearedevs\.venv\Lib\site-packages\httpx\_transports\default.py:101: 
_ _ _ _ _ _ _ _ _ _ _ _ _ _ _ _ _ _ _ _ _ _ _ _ _ _ _ _ _ _ _ _ _ _ _ _ _ _ _ _
..\..\dark-factory-wearedevs\.venv\Lib\site-packages\httpx\_transports\default.py:250: in handle_request
    resp = self._pool.handle_request(req)
           ^^^^^^^^^^^^^^^^^^^^^^^^^^^^^^
..\..\dark-factory-wearedevs\.venv\Lib\site-packages\httpcore\_sync\connection_pool.py:256: in handle_request
    raise exc from None
..\..\dark-factory-wearedevs\.venv\Lib\site-packages\httpcore\_sync\connection_pool.py:236: in handle_request
    response = connection.handle_request(
..\..\dark-factory-wearedevs\.venv\Lib\site-packages\httpcore\_sync\connection.py:101: in handle_request
    raise exc
..\..\dark-factory-wearedevs\.venv\Lib\site-packages\httpcore\_sync\connection.py:78: in handle_request
    stream = self._connect(request)
             ^^^^^^^^^^^^^^^^^^^^^^
..\..\dark-factory-wearedevs\.venv\Lib\site-packages\httpcore\_sync\connection.py:124: in _connect
    stream = self._network_backend.connect_tcp(**kwargs)
             ^^^^^^^^^^^^^^^^^^^^^^^^^^^^^^^^^^^^^^^^^^^
..\..\dark-factory-wearedevs\.venv\Lib\site-packages\httpcore\_backends\sync.py:207: in connect_tcp
    with map_exceptions(exc_map):
         ^^^^^^^^^^^^^^^^^^^^^^^
..\..\..\..\AppData\Local\Programs\Python\Python312\Lib\contextlib.py:158: in __exit__
    self.gen.throw(value)
_ _ _ _ _ _ _ _ _ _ _ _ _ _ _ _ _ _ _ _ _ _ _ _ _ _ _ _ _ _ _ _ _ _ _ _ _ _ _ _

map = {<class 'TimeoutError'>: <class 'httpcore.ConnectTimeout'>, <class 'OSError'>: <class 'httpcore.ConnectError'>}

    @contextlib.contextmanager
    def map_exceptions(map: ExceptionMapping) -> typing.Iterator[None]:
        try:
            yield
        except Exception as exc:  # noqa: PIE786
            for from_exc, to_exc in map.items():
                if isinstance(exc, from_exc):
>                   raise to_exc(exc) from exc
E                   httpcore.ConnectError: [WinError 10061] No connection could be made because the target machine actively refused it

..\..\dark-factory-wearedevs\.venv\Lib\site-packages\httpcore\_exceptions.py:14: ConnectError

The above exception was the direct cause of the following exception:

reset = <function reset.<locals>._reset at 0x000001DDF9AA8FE0>
api = <function api.<locals>._api at 0x000001DDF9AA9120>

    @pytest.fixture
    def world(reset, api):
        fixture = fx.fixture()
>       reset(fixture)

C:\Users\HARIHA~1\AppData\Local\Temp\umbra-1125eee4-rmyw6v3j\repo\verify\stage-1\conftest.py:55: 
_ _ _ _ _ _ _ _ _ _ _ _ _ _ _ _ _ _ _ _ _ _ _ _ _ _ _ _ _ _ _ _ _ _ _ _ _ _ _ _
C:\Users\HARIHA~1\AppData\Local\Temp\umbra-1125eee4-rmyw6v3j\repo\verify\stage-1\conftest.py:30: in _reset
    resp = httpx.post(f"{base_url}/_test/reset", json=fixture, timeout=RESET_TIMEOUT)
           ^^^^^^^^^^^^^^^^^^^^^^^^^^^^^^^^^^^^^^^^^^^^^^^^^^^^^^^^^^^^^^^^^^^^^^^^^^
..\..\dark-factory-wearedevs\.venv\Lib\site-packages\httpx\_api.py:304: in post
    return request(
..\..\dark-factory-wearedevs\.venv\Lib\site-packages\httpx\_api.py:109: in request
    return client.request(
..\..\dark-factory-wearedevs\.venv\Lib\site-packages\httpx\_client.py:825: in request
    return self.send(request, auth=auth, follow_redirects=follow_redirects)
           ^^^^^^^^^^^^^^^^^^^^^^^^^^^^^^^^^^^^^^^^^^^^^^^^^^^^^^^^^^^^^^^^
..\..\dark-factory-wearedevs\.venv\Lib\site-packages\httpx\_client.py:914: in send
    response = self._send_handling_auth(
..\..\dark-factory-wearedevs\.venv\Lib\site-packages\httpx\_client.py:942: in _send_handling_auth
    response = self._send_handling_redirects(
..\..\dark-factory-wearedevs\.venv\Lib\site-packages\httpx\_client.py:979: in _send_handling_redirects
    response = self._send_single_request(request)
               ^^^^^^^^^^^^^^^^^^^^^^^^^^^^^^^^^^
..\..\dark-factory-wearedevs\.venv\Lib\site-packages\httpx\_client.py:1014: in _send_single_request
    response = transport.handle_request(request)
               ^^^^^^^^^^^^^^^^^^^^^^^^^^^^^^^^^
..\..\dark-factory-wearedevs\.venv\Lib\site-packages\httpx\_transports\default.py:249: in handle_request
    with map_httpcore_exceptions():
         ^^^^^^^^^^^^^^^^^^^^^^^^^
..\..\..\..\AppData\Local\Programs\Python\Python312\Lib\contextlib.py:158: in __exit__
    self.gen.throw(value)
_ _ _ _ _ _ _ _ _ _ _ _ _ _ _ _ _ _ _ _ _ _ _ _ _ _ _ _ _ _ _ _ _ _ _ _ _ _ _ _

    @contextlib.contextmanager
    def map_httpcore_exceptions() -> typing.Iterator[None]:
        global HTTPCORE_EXC_MAP
        if len(HTTPCORE_EXC_MAP) == 0:
            HTTPCORE_EXC_MAP = _load_httpcore_exceptions()
        try:
            yield
        except Exception as exc:
            mapped_exc = None
    
            for from_exc, to_exc in HTTPCORE_EXC_MAP.items():
                if not isinstance(exc, from_exc):
                    continue
                # We want to map to the most specific exception we can find.
                # Eg if `exc` is an `httpcore.ReadTimeout`, we want to map to
                # `httpx.ReadTimeout`, not just `httpx.TimeoutException`.
                if mapped_exc is None or issubclass(to_exc, mapped_exc):
                    mapped_exc = to_exc
    
            if mapped_exc is None:  # pragma: no cover
                raise
    
            message = str(exc)
>           raise mapped_exc(message) from exc
E           httpx.ConnectError: [WinError 10061] No connection could be made because the target machine actively refused it

..\..\dark-factory-wearedevs\.venv\Lib\site-packages\httpx\_transports\default.py:118: ConnectError
_____ ERROR at setup of test_s1_c31_differential_payments_match_reference _____

    @contextlib.contextmanager
    def map_httpcore_exceptions() -> typing.Iterator[None]:
        global HTTPCORE_EXC_MAP
        if len(HTTPCORE_EXC_MAP) == 0:
            HTTPCORE_EXC_MAP = _load_httpcore_exceptions()
        try:
>           yield

..\..\dark-factory-wearedevs\.venv\Lib\site-packages\httpx\_transports\default.py:101: 
_ _ _ _ _ _ _ _ _ _ _ _ _ _ _ _ _ _ _ _ _ _ _ _ _ _ _ _ _ _ _ _ _ _ _ _ _ _ _ _
..\..\dark-factory-wearedevs\.venv\Lib\site-packages\httpx\_transports\default.py:250: in handle_request
    resp = self._pool.handle_request(req)
           ^^^^^^^^^^^^^^^^^^^^^^^^^^^^^^
..\..\dark-factory-wearedevs\.venv\Lib\site-packages\httpcore\_sync\connection_pool.py:256: in handle_request
    raise exc from None
..\..\dark-factory-wearedevs\.venv\Lib\site-packages\httpcore\_sync\connection_pool.py:236: in handle_request
    response = connection.handle_request(
..\..\dark-factory-wearedevs\.venv\Lib\site-packages\httpcore\_sync\connection.py:101: in handle_request
    raise exc
..\..\dark-factory-wearedevs\.venv\Lib\site-packages\httpcore\_sync\connection.py:78: in handle_request
    stream = self._connect(request)
             ^^^^^^^^^^^^^^^^^^^^^^
..\..\dark-factory-wearedevs\.venv\Lib\site-packages\httpcore\_sync\connection.py:124: in _connect
    stream = self._network_backend.connect_tcp(**kwargs)
             ^^^^^^^^^^^^^^^^^^^^^^^^^^^^^^^^^^^^^^^^^^^
..\..\dark-factory-wearedevs\.venv\Lib\site-packages\httpcore\_backends\sync.py:207: in connect_tcp
    with map_exceptions(exc_map):
         ^^^^^^^^^^^^^^^^^^^^^^^
..\..\..\..\AppData\Local\Programs\Python\Python312\Lib\contextlib.py:158: in __exit__
    self.gen.throw(value)
_ _ _ _ _ _ _ _ _ _ _ _ _ _ _ _ _ _ _ _ _ _ _ _ _ _ _ _ _ _ _ _ _ _ _ _ _ _ _ _

map = {<class 'TimeoutError'>: <class 'httpcore.ConnectTimeout'>, <class 'OSError'>: <class 'httpcore.ConnectError'>}

    @contextlib.contextmanager
    def map_exceptions(map: ExceptionMapping) -> typing.Iterator[None]:
        try:
            yield
        except Exception as exc:  # noqa: PIE786
            for from_exc, to_exc in map.items():
                if isinstance(exc, from_exc):
>                   raise to_exc(exc) from exc
E                   httpcore.ConnectError: [WinError 10061] No connection could be made because the target machine actively refused it

..\..\dark-factory-wearedevs\.venv\Lib\site-packages\httpcore\_exceptions.py:14: ConnectError

The above exception was the direct cause of the following exception:

reset = <function reset.<locals>._reset at 0x000001DDF9AA8C20>
api = <function api.<locals>._api at 0x000001DDF9AA8680>

    @pytest.fixture
    def world(reset, api):
        fixture = fx.fixture()
>       reset(fixture)

C:\Users\HARIHA~1\AppData\Local\Temp\umbra-1125eee4-rmyw6v3j\repo\verify\stage-1\conftest.py:55: 
_ _ _ _ _ _ _ _ _ _ _ _ _ _ _ _ _ _ _ _ _ _ _ _ _ _ _ _ _ _ _ _ _ _ _ _ _ _ _ _
C:\Users\HARIHA~1\AppData\Local\Temp\umbra-1125eee4-rmyw6v3j\repo\verify\stage-1\conftest.py:30: in _reset
    resp = httpx.post(f"{base_url}/_test/reset", json=fixture, timeout=RESET_TIMEOUT)
           ^^^^^^^^^^^^^^^^^^^^^^^^^^^^^^^^^^^^^^^^^^^^^^^^^^^^^^^^^^^^^^^^^^^^^^^^^^
..\..\dark-factory-wearedevs\.venv\Lib\site-packages\httpx\_api.py:304: in post
    return request(
..\..\dark-factory-wearedevs\.venv\Lib\site-packages\httpx\_api.py:109: in request
    return client.request(
..\..\dark-factory-wearedevs\.venv\Lib\site-packages\httpx\_client.py:825: in request
    return self.send(request, auth=auth, follow_redirects=follow_redirects)
           ^^^^^^^^^^^^^^^^^^^^^^^^^^^^^^^^^^^^^^^^^^^^^^^^^^^^^^^^^^^^^^^^
..\..\dark-factory-wearedevs\.venv\Lib\site-packages\httpx\_client.py:914: in send
    response = self._send_handling_auth(
..\..\dark-factory-wearedevs\.venv\Lib\site-packages\httpx\_client.py:942: in _send_handling_auth
    response = self._send_handling_redirects(
..\..\dark-factory-wearedevs\.venv\Lib\site-packages\httpx\_client.py:979: in _send_handling_redirects
    response = self._send_single_request(request)
               ^^^^^^^^^^^^^^^^^^^^^^^^^^^^^^^^^^
..\..\dark-factory-wearedevs\.venv\Lib\site-packages\httpx\_client.py:1014: in _send_single_request
    response = transport.handle_request(request)
               ^^^^^^^^^^^^^^^^^^^^^^^^^^^^^^^^^
..\..\dark-factory-wearedevs\.venv\Lib\site-packages\httpx\_transports\default.py:249: in handle_request
    with map_httpcore_exceptions():
         ^^^^^^^^^^^^^^^^^^^^^^^^^
..\..\..\..\AppData\Local\Programs\Python\Python312\Lib\contextlib.py:158: in __exit__
    self.gen.throw(value)
_ _ _ _ _ _ _ _ _ _ _ _ _ _ _ _ _ _ _ _ _ _ _ _ _ _ _ _ _ _ _ _ _ _ _ _ _ _ _ _

    @contextlib.contextmanager
    def map_httpcore_exceptions() -> typing.Iterator[None]:
        global HTTPCORE_EXC_MAP
        if len(HTTPCORE_EXC_MAP) == 0:
            HTTPCORE_EXC_MAP = _load_httpcore_exceptions()
        try:
            yield
        except Exception as exc:
            mapped_exc = None
    
            for from_exc, to_exc in HTTPCORE_EXC_MAP.items():
                if not isinstance(exc, from_exc):
                    continue
                # We want to map to the most specific exception we can find.
                # Eg if `exc` is an `httpcore.ReadTimeout`, we want to map to
                # `httpx.ReadTimeout`, not just `httpx.TimeoutException`.
                if mapped_exc is None or issubclass(to_exc, mapped_exc):
                    mapped_exc = to_exc
    
            if mapped_exc is None:  # pragma: no cover
                raise
    
            message = str(exc)
>           raise mapped_exc(message) from exc
E           httpx.ConnectError: [WinError 10061] No connection could be made because the target machine actively refused it

..\..\dark-factory-wearedevs\.venv\Lib\site-packages\httpx\_transports\default.py:118: ConnectError
_____________ ERROR at setup of test_s1_c20_error_envelope_shape ______________

    @contextlib.contextmanager
    def map_httpcore_exceptions() -> typing.Iterator[None]:
        global HTTPCORE_EXC_MAP
        if len(HTTPCORE_EXC_MAP) == 0:
            HTTPCORE_EXC_MAP = _load_httpcore_exceptions()
        try:
>           yield

..\..\dark-factory-wearedevs\.venv\Lib\site-packages\httpx\_transports\default.py:101: 
_ _ _ _ _ _ _ _ _ _ _ _ _ _ _ _ _ _ _ _ _ _ _ _ _ _ _ _ _ _ _ _ _ _ _ _ _ _ _ _
..\..\dark-factory-wearedevs\.venv\Lib\site-packages\httpx\_transports\default.py:250: in handle_request
    resp = self._pool.handle_request(req)
           ^^^^^^^^^^^^^^^^^^^^^^^^^^^^^^
..\..\dark-factory-wearedevs\.venv\Lib\site-packages\httpcore\_sync\connection_pool.py:256: in handle_request
    raise exc from None
..\..\dark-factory-wearedevs\.venv\Lib\site-packages\httpcore\_sync\connection_pool.py:236: in handle_request
    response = connection.handle_request(
..\..\dark-factory-wearedevs\.venv\Lib\site-packages\httpcore\_sync\connection.py:101: in handle_request
    raise exc
..\..\dark-factory-wearedevs\.venv\Lib\site-packages\httpcore\_sync\connection.py:78: in handle_request
    stream = self._connect(request)
             ^^^^^^^^^^^^^^^^^^^^^^
..\..\dark-factory-wearedevs\.venv\Lib\site-packages\httpcore\_sync\connection.py:124: in _connect
    stream = self._network_backend.connect_tcp(**kwargs)
             ^^^^^^^^^^^^^^^^^^^^^^^^^^^^^^^^^^^^^^^^^^^
..\..\dark-factory-wearedevs\.venv\Lib\site-packages\httpcore\_backends\sync.py:207: in connect_tcp
    with map_exceptions(exc_map):
         ^^^^^^^^^^^^^^^^^^^^^^^
..\..\..\..\AppData\Local\Programs\Python\Python312\Lib\contextlib.py:158: in __exit__
    self.gen.throw(value)
_ _ _ _ _ _ _ _ _ _ _ _ _ _ _ _ _ _ _ _ _ _ _ _ _ _ _ _ _ _ _ _ _ _ _ _ _ _ _ _

map = {<class 'TimeoutError'>: <class 'httpcore.ConnectTimeout'>, <class 'OSError'>: <class 'httpcore.ConnectError'>}

    @contextlib.contextmanager
    def map_exceptions(map: ExceptionMapping) -> typing.Iterator[None]:
        try:
            yield
        except Exception as exc:  # noqa: PIE786
            for from_exc, to_exc in map.items():
                if isinstance(exc, from_exc):
>                   raise to_exc(exc) from exc
E                   httpcore.ConnectError: [WinError 10061] No connection could be made because the target machine actively refused it

..\..\dark-factory-wearedevs\.venv\Lib\site-packages\httpcore\_exceptions.py:14: ConnectError

The above exception was the direct cause of the following exception:

reset = <function reset.<locals>._reset at 0x000001DDF9AAA3E0>
api = <function api.<locals>._api at 0x000001DDF9AA87C0>

    @pytest.fixture
    def world(reset, api):
        fixture = fx.fixture()
>       reset(fixture)

C:\Users\HARIHA~1\AppData\Local\Temp\umbra-1125eee4-rmyw6v3j\repo\verify\stage-1\conftest.py:55: 
_ _ _ _ _ _ _ _ _ _ _ _ _ _ _ _ _ _ _ _ _ _ _ _ _ _ _ _ _ _ _ _ _ _ _ _ _ _ _ _
C:\Users\HARIHA~1\AppData\Local\Temp\umbra-1125eee4-rmyw6v3j\repo\verify\stage-1\conftest.py:30: in _reset
    resp = httpx.post(f"{base_url}/_test/reset", json=fixture, timeout=RESET_TIMEOUT)
           ^^^^^^^^^^^^^^^^^^^^^^^^^^^^^^^^^^^^^^^^^^^^^^^^^^^^^^^^^^^^^^^^^^^^^^^^^^
..\..\dark-factory-wearedevs\.venv\Lib\site-packages\httpx\_api.py:304: in post
    return request(
..\..\dark-factory-wearedevs\.venv\Lib\site-packages\httpx\_api.py:109: in request
    return client.request(
..\..\dark-factory-wearedevs\.venv\Lib\site-packages\httpx\_client.py:825: in request
    return self.send(request, auth=auth, follow_redirects=follow_redirects)
           ^^^^^^^^^^^^^^^^^^^^^^^^^^^^^^^^^^^^^^^^^^^^^^^^^^^^^^^^^^^^^^^^
..\..\dark-factory-wearedevs\.venv\Lib\site-packages\httpx\_client.py:914: in send
    response = self._send_handling_auth(
..\..\dark-factory-wearedevs\.venv\Lib\site-packages\httpx\_client.py:942: in _send_handling_auth
    response = self._send_handling_redirects(
..\..\dark-factory-wearedevs\.venv\Lib\site-packages\httpx\_client.py:979: in _send_handling_redirects
    response = self._send_single_request(request)
               ^^^^^^^^^^^^^^^^^^^^^^^^^^^^^^^^^^
..\..\dark-factory-wearedevs\.venv\Lib\site-packages\httpx\_client.py:1014: in _send_single_request
    response = transport.handle_request(request)
               ^^^^^^^^^^^^^^^^^^^^^^^^^^^^^^^^^
..\..\dark-factory-wearedevs\.venv\Lib\site-packages\httpx\_transports\default.py:249: in handle_request
    with map_httpcore_exceptions():
         ^^^^^^^^^^^^^^^^^^^^^^^^^
..\..\..\..\AppData\Local\Programs\Python\Python312\Lib\contextlib.py:158: in __exit__
    self.gen.throw(value)
_ _ _ _ _ _ _ _ _ _ _ _ _ _ _ _ _ _ _ _ _ _ _ _ _ _ _ _ _ _ _ _ _ _ _ _ _ _ _ _

    @contextlib.contextmanager
    def map_httpcore_exceptions() -> typing.Iterator[None]:
        global HTTPCORE_EXC_MAP
        if len(HTTPCORE_EXC_MAP) == 0:
            HTTPCORE_EXC_MAP = _load_httpcore_exceptions()
        try:
            yield
        except Exception as exc:
            mapped_exc = None
    
            for from_exc, to_exc in HTTPCORE_EXC_MAP.items():
                if not isinstance(exc, from_exc):
                    continue
                # We want to map to the most specific exception we can find.
                # Eg if `exc` is an `httpcore.ReadTimeout`, we want to map to
                # `httpx.ReadTimeout`, not just `httpx.TimeoutException`.
                if mapped_exc is None or issubclass(to_exc, mapped_exc):
                    mapped_exc = to_exc
    
            if mapped_exc is None:  # pragma: no cover
                raise
    
            message = str(exc)
>           raise mapped_exc(message) from exc
E           httpx.ConnectError: [WinError 10061] No connection could be made because the target machine actively refused it

..\..\dark-factory-wearedevs\.venv\Lib\site-packages\httpx\_transports\default.py:118: ConnectError
__________ ERROR at setup of test_s1_c27_many_parallel_reads_no_5xx ___________

    @contextlib.contextmanager
    def map_httpcore_exceptions() -> typing.Iterator[None]:
        global HTTPCORE_EXC_MAP
        if len(HTTPCORE_EXC_MAP) == 0:
            HTTPCORE_EXC_MAP = _load_httpcore_exceptions()
        try:
>           yield

..\..\dark-factory-wearedevs\.venv\Lib\site-packages\httpx\_transports\default.py:101: 
_ _ _ _ _ _ _ _ _ _ _ _ _ _ _ _ _ _ _ _ _ _ _ _ _ _ _ _ _ _ _ _ _ _ _ _ _ _ _ _
..\..\dark-factory-wearedevs\.venv\Lib\site-packages\httpx\_transports\default.py:250: in handle_request
    resp = self._pool.handle_request(req)
           ^^^^^^^^^^^^^^^^^^^^^^^^^^^^^^
..\..\dark-factory-wearedevs\.venv\Lib\site-packages\httpcore\_sync\connection_pool.py:256: in handle_request
    raise exc from None
..\..\dark-factory-wearedevs\.venv\Lib\site-packages\httpcore\_sync\connection_pool.py:236: in handle_request
    response = connection.handle_request(
..\..\dark-factory-wearedevs\.venv\Lib\site-packages\httpcore\_sync\connection.py:101: in handle_request
    raise exc
..\..\dark-factory-wearedevs\.venv\Lib\site-packages\httpcore\_sync\connection.py:78: in handle_request
    stream = self._connect(request)
             ^^^^^^^^^^^^^^^^^^^^^^
..\..\dark-factory-wearedevs\.venv\Lib\site-packages\httpcore\_sync\connection.py:124: in _connect
    stream = self._network_backend.connect_tcp(**kwargs)
             ^^^^^^^^^^^^^^^^^^^^^^^^^^^^^^^^^^^^^^^^^^^
..\..\dark-factory-wearedevs\.venv\Lib\site-packages\httpcore\_backends\sync.py:207: in connect_tcp
    with map_exceptions(exc_map):
         ^^^^^^^^^^^^^^^^^^^^^^^
..\..\..\..\AppData\Local\Programs\Python\Python312\Lib\contextlib.py:158: in __exit__
    self.gen.throw(value)
_ _ _ _ _ _ _ _ _ _ _ _ _ _ _ _ _ _ _ _ _ _ _ _ _ _ _ _ _ _ _ _ _ _ _ _ _ _ _ _

map = {<class 'TimeoutError'>: <class 'httpcore.ConnectTimeout'>, <class 'OSError'>: <class 'httpcore.ConnectError'>}

    @contextlib.contextmanager
    def map_exceptions(map: ExceptionMapping) -> typing.Iterator[None]:
        try:
            yield
        except Exception as exc:  # noqa: PIE786
            for from_exc, to_exc in map.items():
                if isinstance(exc, from_exc):
>                   raise to_exc(exc) from exc
E                   httpcore.ConnectError: [WinError 10061] No connection could be made because the target machine actively refused it

..\..\dark-factory-wearedevs\.venv\Lib\site-packages\httpcore\_exceptions.py:14: ConnectError

The above exception was the direct cause of the following exception:

reset = <function reset.<locals>._reset at 0x000001DDF9AAB600>
api = <function api.<locals>._api at 0x000001DDF9AA9580>

    @pytest.fixture
    def world(reset, api):
        fixture = fx.fixture()
>       reset(fixture)

C:\Users\HARIHA~1\AppData\Local\Temp\umbra-1125eee4-rmyw6v3j\repo\verify\stage-1\conftest.py:55: 
_ _ _ _ _ _ _ _ _ _ _ _ _ _ _ _ _ _ _ _ _ _ _ _ _ _ _ _ _ _ _ _ _ _ _ _ _ _ _ _
C:\Users\HARIHA~1\AppData\Local\Temp\umbra-1125eee4-rmyw6v3j\repo\verify\stage-1\conftest.py:30: in _reset
    resp = httpx.post(f"{base_url}/_test/reset", json=fixture, timeout=RESET_TIMEOUT)
           ^^^^^^^^^^^^^^^^^^^^^^^^^^^^^^^^^^^^^^^^^^^^^^^^^^^^^^^^^^^^^^^^^^^^^^^^^^
..\..\dark-factory-wearedevs\.venv\Lib\site-packages\httpx\_api.py:304: in post
    return request(
..\..\dark-factory-wearedevs\.venv\Lib\site-packages\httpx\_api.py:109: in request
    return client.request(
..\..\dark-factory-wearedevs\.venv\Lib\site-packages\httpx\_client.py:825: in request
    return self.send(request, auth=auth, follow_redirects=follow_redirects)
           ^^^^^^^^^^^^^^^^^^^^^^^^^^^^^^^^^^^^^^^^^^^^^^^^^^^^^^^^^^^^^^^^
..\..\dark-factory-wearedevs\.venv\Lib\site-packages\httpx\_client.py:914: in send
    response = self._send_handling_auth(
..\..\dark-factory-wearedevs\.venv\Lib\site-packages\httpx\_client.py:942: in _send_handling_auth
    response = self._send_handling_redirects(
..\..\dark-factory-wearedevs\.venv\Lib\site-packages\httpx\_client.py:979: in _send_handling_redirects
    response = self._send_single_request(request)
               ^^^^^^^^^^^^^^^^^^^^^^^^^^^^^^^^^^
..\..\dark-factory-wearedevs\.venv\Lib\site-packages\httpx\_client.py:1014: in _send_single_request
    response = transport.handle_request(request)
               ^^^^^^^^^^^^^^^^^^^^^^^^^^^^^^^^^
..\..\dark-factory-wearedevs\.venv\Lib\site-packages\httpx\_transports\default.py:249: in handle_request
    with map_httpcore_exceptions():
         ^^^^^^^^^^^^^^^^^^^^^^^^^
..\..\..\..\AppData\Local\Programs\Python\Python312\Lib\contextlib.py:158: in __exit__
    self.gen.throw(value)
_ _ _ _ _ _ _ _ _ _ _ _ _ _ _ _ _ _ _ _ _ _ _ _ _ _ _ _ _ _ _ _ _ _ _ _ _ _ _ _

    @contextlib.contextmanager
    def map_httpcore_exceptions() -> typing.Iterator[None]:
        global HTTPCORE_EXC_MAP
        if len(HTTPCORE_EXC_MAP) == 0:
            HTTPCORE_EXC_MAP = _load_httpcore_exceptions()
        try:
            yield
        except Exception as exc:
            mapped_exc = None
    
            for from_exc, to_exc in HTTPCORE_EXC_MAP.items():
                if not isinstance(exc, from_exc):
                    continue
                # We want to map to the most specific exception we can find.
                # Eg if `exc` is an `httpcore.ReadTimeout`, we want to map to
                # `httpx.ReadTimeout`, not just `httpx.TimeoutException`.
                if mapped_exc is None or issubclass(to_exc, mapped_exc):
                    mapped_exc = to_exc
    
            if mapped_exc is None:  # pragma: no cover
                raise
    
            message = str(exc)
>           raise mapped_exc(message) from exc
E           httpx.ConnectError: [WinError 10061] No connection could be made because the target machine actively refused it

..\..\dark-factory-wearedevs\.venv\Lib\site-packages\httpx\_transports\default.py:118: ConnectError
_________________ ERROR at setup of test_s1_c23_export_shape __________________

    @contextlib.contextmanager
    def map_httpcore_exceptions() -> typing.Iterator[None]:
        global HTTPCORE_EXC_MAP
        if len(HTTPCORE_EXC_MAP) == 0:
            HTTPCORE_EXC_MAP = _load_httpcore_exceptions()
        try:
>           yield

..\..\dark-factory-wearedevs\.venv\Lib\site-packages\httpx\_transports\default.py:101: 
_ _ _ _ _ _ _ _ _ _ _ _ _ _ _ _ _ _ _ _ _ _ _ _ _ _ _ _ _ _ _ _ _ _ _ _ _ _ _ _
..\..\dark-factory-wearedevs\.venv\Lib\site-packages\httpx\_transports\default.py:250: in handle_request
    resp = self._pool.handle_request(req)
           ^^^^^^^^^^^^^^^^^^^^^^^^^^^^^^
..\..\dark-factory-wearedevs\.venv\Lib\site-packages\httpcore\_sync\connection_pool.py:256: in handle_request
    raise exc from None
..\..\dark-factory-wearedevs\.venv\Lib\site-packages\httpcore\_sync\connection_pool.py:236: in handle_request
    response = connection.handle_request(
..\..\dark-factory-wearedevs\.venv\Lib\site-packages\httpcore\_sync\connection.py:101: in handle_request
    raise exc
..\..\dark-factory-wearedevs\.venv\Lib\site-packages\httpcore\_sync\connection.py:78: in handle_request
    stream = self._connect(request)
             ^^^^^^^^^^^^^^^^^^^^^^
..\..\dark-factory-wearedevs\.venv\Lib\site-packages\httpcore\_sync\connection.py:124: in _connect
    stream = self._network_backend.connect_tcp(**kwargs)
             ^^^^^^^^^^^^^^^^^^^^^^^^^^^^^^^^^^^^^^^^^^^
..\..\dark-factory-wearedevs\.venv\Lib\site-packages\httpcore\_backends\sync.py:207: in connect_tcp
    with map_exceptions(exc_map):
         ^^^^^^^^^^^^^^^^^^^^^^^
..\..\..\..\AppData\Local\Programs\Python\Python312\Lib\contextlib.py:158: in __exit__
    self.gen.throw(value)
_ _ _ _ _ _ _ _ _ _ _ _ _ _ _ _ _ _ _ _ _ _ _ _ _ _ _ _ _ _ _ _ _ _ _ _ _ _ _ _

map = {<class 'TimeoutError'>: <class 'httpcore.ConnectTimeout'>, <class 'OSError'>: <class 'httpcore.ConnectError'>}

    @contextlib.contextmanager
    def map_exceptions(map: ExceptionMapping) -> typing.Iterator[None]:
        try:
            yield
        except Exception as exc:  # noqa: PIE786
            for from_exc, to_exc in map.items():
                if isinstance(exc, from_exc):
>                   raise to_exc(exc) from exc
E                   httpcore.ConnectError: [WinError 10061] No connection could be made because the target machine actively refused it

..\..\dark-factory-wearedevs\.venv\Lib\site-packages\httpcore\_exceptions.py:14: ConnectError

The above exception was the direct cause of the following exception:

reset = <function reset.<locals>._reset at 0x000001DDF9AAB880>
api = <function api.<locals>._api at 0x000001DDF9AAB560>

    @pytest.fixture
    def world(reset, api):
        fixture = fx.fixture()
>       reset(fixture)

C:\Users\HARIHA~1\AppData\Local\Temp\umbra-1125eee4-rmyw6v3j\repo\verify\stage-1\conftest.py:55: 
_ _ _ _ _ _ _ _ _ _ _ _ _ _ _ _ _ _ _ _ _ _ _ _ _ _ _ _ _ _ _ _ _ _ _ _ _ _ _ _
C:\Users\HARIHA~1\AppData\Local\Temp\umbra-1125eee4-rmyw6v3j\repo\verify\stage-1\conftest.py:30: in _reset
    resp = httpx.post(f"{base_url}/_test/reset", json=fixture, timeout=RESET_TIMEOUT)
           ^^^^^^^^^^^^^^^^^^^^^^^^^^^^^^^^^^^^^^^^^^^^^^^^^^^^^^^^^^^^^^^^^^^^^^^^^^
..\..\dark-factory-wearedevs\.venv\Lib\site-packages\httpx\_api.py:304: in post
    return request(
..\..\dark-factory-wearedevs\.venv\Lib\site-packages\httpx\_api.py:109: in request
    return client.request(
..\..\dark-factory-wearedevs\.venv\Lib\site-packages\httpx\_client.py:825: in request
    return self.send(request, auth=auth, follow_redirects=follow_redirects)
           ^^^^^^^^^^^^^^^^^^^^^^^^^^^^^^^^^^^^^^^^^^^^^^^^^^^^^^^^^^^^^^^^
..\..\dark-factory-wearedevs\.venv\Lib\site-packages\httpx\_client.py:914: in send
    response = self._send_handling_auth(
..\..\dark-factory-wearedevs\.venv\Lib\site-packages\httpx\_client.py:942: in _send_handling_auth
    response = self._send_handling_redirects(
..\..\dark-factory-wearedevs\.venv\Lib\site-packages\httpx\_client.py:979: in _send_handling_redirects
    response = self._send_single_request(request)
               ^^^^^^^^^^^^^^^^^^^^^^^^^^^^^^^^^^
..\..\dark-factory-wearedevs\.venv\Lib\site-packages\httpx\_client.py:1014: in _send_single_request
    response = transport.handle_request(request)
               ^^^^^^^^^^^^^^^^^^^^^^^^^^^^^^^^^
..\..\dark-factory-wearedevs\.venv\Lib\site-packages\httpx\_transports\default.py:249: in handle_request
    with map_httpcore_exceptions():
         ^^^^^^^^^^^^^^^^^^^^^^^^^
..\..\..\..\AppData\Local\Programs\Python\Python312\Lib\contextlib.py:158: in __exit__
    self.gen.throw(value)
_ _ _ _ _ _ _ _ _ _ _ _ _ _ _ _ _ _ _ _ _ _ _ _ _ _ _ _ _ _ _ _ _ _ _ _ _ _ _ _

    @contextlib.contextmanager
    def map_httpcore_exceptions() -> typing.Iterator[None]:
        global HTTPCORE_EXC_MAP
        if len(HTTPCORE_EXC_MAP) == 0:
            HTTPCORE_EXC_MAP = _load_httpcore_exceptions()
        try:
            yield
        except Exception as exc:
            mapped_exc = None
    
            for from_exc, to_exc in HTTPCORE_EXC_MAP.items():
                if not isinstance(exc, from_exc):
                    continue
                # We want to map to the most specific exception we can find.
                # Eg if `exc` is an `httpcore.ReadTimeout`, we want to map to
                # `httpx.ReadTimeout`, not just `httpx.TimeoutException`.
                if mapped_exc is None or issubclass(to_exc, mapped_exc):
                    mapped_exc = to_exc
    
            if mapped_exc is None:  # pragma: no cover
                raise
    
            message = str(exc)
>           raise mapped_exc(message) from exc
E           httpx.ConnectError: [WinError 10061] No connection could be made because the target machine actively refused it

..\..\dark-factory-wearedevs\.venv\Lib\site-packages\httpx\_transports\default.py:118: ConnectError
______ ERROR at setup of test_s1_c23_import_round_trip_preserves_payment ______

    @contextlib.contextmanager
    def map_httpcore_exceptions() -> typing.Iterator[None]:
        global HTTPCORE_EXC_MAP
        if len(HTTPCORE_EXC_MAP) == 0:
            HTTPCORE_EXC_MAP = _load_httpcore_exceptions()
        try:
>           yield

..\..\dark-factory-wearedevs\.venv\Lib\site-packages\httpx\_transports\default.py:101: 
_ _ _ _ _ _ _ _ _ _ _ _ _ _ _ _ _ _ _ _ _ _ _ _ _ _ _ _ _ _ _ _ _ _ _ _ _ _ _ _
..\..\dark-factory-wearedevs\.venv\Lib\site-packages\httpx\_transports\default.py:250: in handle_request
    resp = self._pool.handle_request(req)
           ^^^^^^^^^^^^^^^^^^^^^^^^^^^^^^
..\..\dark-factory-wearedevs\.venv\Lib\site-packages\httpcore\_sync\connection_pool.py:256: in handle_request
    raise exc from None
..\..\dark-factory-wearedevs\.venv\Lib\site-packages\httpcore\_sync\connection_pool.py:236: in handle_request
    response = connection.handle_request(
..\..\dark-factory-wearedevs\.venv\Lib\site-packages\httpcore\_sync\connection.py:101: in handle_request
    raise exc
..\..\dark-factory-wearedevs\.venv\Lib\site-packages\httpcore\_sync\connection.py:78: in handle_request
    stream = self._connect(request)
             ^^^^^^^^^^^^^^^^^^^^^^
..\..\dark-factory-wearedevs\.venv\Lib\site-packages\httpcore\_sync\connection.py:124: in _connect
    stream = self._network_backend.connect_tcp(**kwargs)
             ^^^^^^^^^^^^^^^^^^^^^^^^^^^^^^^^^^^^^^^^^^^
..\..\dark-factory-wearedevs\.venv\Lib\site-packages\httpcore\_backends\sync.py:207: in connect_tcp
    with map_exceptions(exc_map):
         ^^^^^^^^^^^^^^^^^^^^^^^
..\..\..\..\AppData\Local\Programs\Python\Python312\Lib\contextlib.py:158: in __exit__
    self.gen.throw(value)
_ _ _ _ _ _ _ _ _ _ _ _ _ _ _ _ _ _ _ _ _ _ _ _ _ _ _ _ _ _ _ _ _ _ _ _ _ _ _ _

map = {<class 'TimeoutError'>: <class 'httpcore.ConnectTimeout'>, <class 'OSError'>: <class 'httpcore.ConnectError'>}

    @contextlib.contextmanager
    def map_exceptions(map: ExceptionMapping) -> typing.Iterator[None]:
        try:
            yield
        except Exception as exc:  # noqa: PIE786
            for from_exc, to_exc in map.items():
                if isinstance(exc, from_exc):
>                   raise to_exc(exc) from exc
E                   httpcore.ConnectError: [WinError 10061] No connection could be made because the target machine actively refused it

..\..\dark-factory-wearedevs\.venv\Lib\site-packages\httpcore\_exceptions.py:14: ConnectError

The above exception was the direct cause of the following exception:

reset = <function reset.<locals>._reset at 0x000001DDF9AA8900>
api = <function api.<locals>._api at 0x000001DDF9AA8540>

    @pytest.fixture
    def world(reset, api):
        fixture = fx.fixture()
>       reset(fixture)

C:\Users\HARIHA~1\AppData\Local\Temp\umbra-1125eee4-rmyw6v3j\repo\verify\stage-1\conftest.py:55: 
_ _ _ _ _ _ _ _ _ _ _ _ _ _ _ _ _ _ _ _ _ _ _ _ _ _ _ _ _ _ _ _ _ _ _ _ _ _ _ _
C:\Users\HARIHA~1\AppData\Local\Temp\umbra-1125eee4-rmyw6v3j\repo\verify\stage-1\conftest.py:30: in _reset
    resp = httpx.post(f"{base_url}/_test/reset", json=fixture, timeout=RESET_TIMEOUT)
           ^^^^^^^^^^^^^^^^^^^^^^^^^^^^^^^^^^^^^^^^^^^^^^^^^^^^^^^^^^^^^^^^^^^^^^^^^^
..\..\dark-factory-wearedevs\.venv\Lib\site-packages\httpx\_api.py:304: in post
    return request(
..\..\dark-factory-wearedevs\.venv\Lib\site-packages\httpx\_api.py:109: in request
    return client.request(
..\..\dark-factory-wearedevs\.venv\Lib\site-packages\httpx\_client.py:825: in request
    return self.send(request, auth=auth, follow_redirects=follow_redirects)
           ^^^^^^^^^^^^^^^^^^^^^^^^^^^^^^^^^^^^^^^^^^^^^^^^^^^^^^^^^^^^^^^^
..\..\dark-factory-wearedevs\.venv\Lib\site-packages\httpx\_client.py:914: in send
    response = self._send_handling_auth(
..\..\dark-factory-wearedevs\.venv\Lib\site-packages\httpx\_client.py:942: in _send_handling_auth
    response = self._send_handling_redirects(
..\..\dark-factory-wearedevs\.venv\Lib\site-packages\httpx\_client.py:979: in _send_handling_redirects
    response = self._send_single_request(request)
               ^^^^^^^^^^^^^^^^^^^^^^^^^^^^^^^^^^
..\..\dark-factory-wearedevs\.venv\Lib\site-packages\httpx\_client.py:1014: in _send_single_request
    response = transport.handle_request(request)
               ^^^^^^^^^^^^^^^^^^^^^^^^^^^^^^^^^
..\..\dark-factory-wearedevs\.venv\Lib\site-packages\httpx\_transports\default.py:249: in handle_request
    with map_httpcore_exceptions():
         ^^^^^^^^^^^^^^^^^^^^^^^^^
..\..\..\..\AppData\Local\Programs\Python\Python312\Lib\contextlib.py:158: in __exit__
    self.gen.throw(value)
_ _ _ _ _ _ _ _ _ _ _ _ _ _ _ _ _ _ _ _ _ _ _ _ _ _ _ _ _ _ _ _ _ _ _ _ _ _ _ _

    @contextlib.contextmanager
    def map_httpcore_exceptions() -> typing.Iterator[None]:
        global HTTPCORE_EXC_MAP
        if len(HTTPCORE_EXC_MAP) == 0:
            HTTPCORE_EXC_MAP = _load_httpcore_exceptions()
        try:
            yield
        except Exception as exc:
            mapped_exc = None
    
            for from_exc, to_exc in HTTPCORE_EXC_MAP.items():
                if not isinstance(exc, from_exc):
                    continue
                # We want to map to the most specific exception we can find.
                # Eg if `exc` is an `httpcore.ReadTimeout`, we want to map to
                # `httpx.ReadTimeout`, not just `httpx.TimeoutException`.
                if mapped_exc is None or issubclass(to_exc, mapped_exc):
                    mapped_exc = to_exc
    
            if mapped_exc is None:  # pragma: no cover
                raise
    
            message = str(exc)
>           raise mapped_exc(message) from exc
E           httpx.ConnectError: [WinError 10061] No connection could be made because the target machine actively refused it

..\..\dark-factory-wearedevs\.venv\Lib\site-packages\httpx\_transports\default.py:118: ConnectError
___________ ERROR at setup of test_s1_c23_invalid_import_unchanged ____________

    @contextlib.contextmanager
    def map_httpcore_exceptions() -> typing.Iterator[None]:
        global HTTPCORE_EXC_MAP
        if len(HTTPCORE_EXC_MAP) == 0:
            HTTPCORE_EXC_MAP = _load_httpcore_exceptions()
        try:
>           yield

..\..\dark-factory-wearedevs\.venv\Lib\site-packages\httpx\_transports\default.py:101: 
_ _ _ _ _ _ _ _ _ _ _ _ _ _ _ _ _ _ _ _ _ _ _ _ _ _ _ _ _ _ _ _ _ _ _ _ _ _ _ _
..\..\dark-factory-wearedevs\.venv\Lib\site-packages\httpx\_transports\default.py:250: in handle_request
    resp = self._pool.handle_request(req)
           ^^^^^^^^^^^^^^^^^^^^^^^^^^^^^^
..\..\dark-factory-wearedevs\.venv\Lib\site-packages\httpcore\_sync\connection_pool.py:256: in handle_request
    raise exc from None
..\..\dark-factory-wearedevs\.venv\Lib\site-packages\httpcore\_sync\connection_pool.py:236: in handle_request
    response = connection.handle_request(
..\..\dark-factory-wearedevs\.venv\Lib\site-packages\httpcore\_sync\connection.py:101: in handle_request
    raise exc
..\..\dark-factory-wearedevs\.venv\Lib\site-packages\httpcore\_sync\connection.py:78: in handle_request
    stream = self._connect(request)
             ^^^^^^^^^^^^^^^^^^^^^^
..\..\dark-factory-wearedevs\.venv\Lib\site-packages\httpcore\_sync\connection.py:124: in _connect
    stream = self._network_backend.connect_tcp(**kwargs)
             ^^^^^^^^^^^^^^^^^^^^^^^^^^^^^^^^^^^^^^^^^^^
..\..\dark-factory-wearedevs\.venv\Lib\site-packages\httpcore\_backends\sync.py:207: in connect_tcp
    with map_exceptions(exc_map):
         ^^^^^^^^^^^^^^^^^^^^^^^
..\..\..\..\AppData\Local\Programs\Python\Python312\Lib\contextlib.py:158: in __exit__
    self.gen.throw(value)
_ _ _ _ _ _ _ _ _ _ _ _ _ _ _ _ _ _ _ _ _ _ _ _ _ _ _ _ _ _ _ _ _ _ _ _ _ _ _ _

map = {<class 'TimeoutError'>: <class 'httpcore.ConnectTimeout'>, <class 'OSError'>: <class 'httpcore.ConnectError'>}

    @contextlib.contextmanager
    def map_exceptions(map: ExceptionMapping) -> typing.Iterator[None]:
        try:
            yield
        except Exception as exc:  # noqa: PIE786
            for from_exc, to_exc in map.items():
                if isinstance(exc, from_exc):
>                   raise to_exc(exc) from exc
E                   httpcore.ConnectError: [WinError 10061] No connection could be made because the target machine actively refused it

..\..\dark-factory-wearedevs\.venv\Lib\site-packages\httpcore\_exceptions.py:14: ConnectError

The above exception was the direct cause of the following exception:

reset = <function reset.<locals>._reset at 0x000001DDF9AA98A0>
api = <function api.<locals>._api at 0x000001DDF9AAA5C0>

    @pytest.fixture
    def world(reset, api):
        fixture = fx.fixture()
>       reset(fixture)

C:\Users\HARIHA~1\AppData\Local\Temp\umbra-1125eee4-rmyw6v3j\repo\verify\stage-1\conftest.py:55: 
_ _ _ _ _ _ _ _ _ _ _ _ _ _ _ _ _ _ _ _ _ _ _ _ _ _ _ _ _ _ _ _ _ _ _ _ _ _ _ _
C:\Users\HARIHA~1\AppData\Local\Temp\umbra-1125eee4-rmyw6v3j\repo\verify\stage-1\conftest.py:30: in _reset
    resp = httpx.post(f"{base_url}/_test/reset", json=fixture, timeout=RESET_TIMEOUT)
           ^^^^^^^^^^^^^^^^^^^^^^^^^^^^^^^^^^^^^^^^^^^^^^^^^^^^^^^^^^^^^^^^^^^^^^^^^^
..\..\dark-factory-wearedevs\.venv\Lib\site-packages\httpx\_api.py:304: in post
    return request(
..\..\dark-factory-wearedevs\.venv\Lib\site-packages\httpx\_api.py:109: in request
    return client.request(
..\..\dark-factory-wearedevs\.venv\Lib\site-packages\httpx\_client.py:825: in request
    return self.send(request, auth=auth, follow_redirects=follow_redirects)
           ^^^^^^^^^^^^^^^^^^^^^^^^^^^^^^^^^^^^^^^^^^^^^^^^^^^^^^^^^^^^^^^^
..\..\dark-factory-wearedevs\.venv\Lib\site-packages\httpx\_client.py:914: in send
    response = self._send_handling_auth(
..\..\dark-factory-wearedevs\.venv\Lib\site-packages\httpx\_client.py:942: in _send_handling_auth
    response = self._send_handling_redirects(
..\..\dark-factory-wearedevs\.venv\Lib\site-packages\httpx\_client.py:979: in _send_handling_redirects
    response = self._send_single_request(request)
               ^^^^^^^^^^^^^^^^^^^^^^^^^^^^^^^^^^
..\..\dark-factory-wearedevs\.venv\Lib\site-packages\httpx\_client.py:1014: in _send_single_request
    response = transport.handle_request(request)
               ^^^^^^^^^^^^^^^^^^^^^^^^^^^^^^^^^
..\..\dark-factory-wearedevs\.venv\Lib\site-packages\httpx\_transports\default.py:249: in handle_request
    with map_httpcore_exceptions():
         ^^^^^^^^^^^^^^^^^^^^^^^^^
..\..\..\..\AppData\Local\Programs\Python\Python312\Lib\contextlib.py:158: in __exit__
    self.gen.throw(value)
_ _ _ _ _ _ _ _ _ _ _ _ _ _ _ _ _ _ _ _ _ _ _ _ _ _ _ _ _ _ _ _ _ _ _ _ _ _ _ _

    @contextlib.contextmanager
    def map_httpcore_exceptions() -> typing.Iterator[None]:
        global HTTPCORE_EXC_MAP
        if len(HTTPCORE_EXC_MAP) == 0:
            HTTPCORE_EXC_MAP = _load_httpcore_exceptions()
        try:
            yield
        except Exception as exc:
            mapped_exc = None
    
            for from_exc, to_exc in HTTPCORE_EXC_MAP.items():
                if not isinstance(exc, from_exc):
                    continue
                # We want to map to the most specific exception we can find.
                # Eg if `exc` is an `httpcore.ReadTimeout`, we want to map to
                # `httpx.ReadTimeout`, not just `httpx.TimeoutException`.
                if mapped_exc is None or issubclass(to_exc, mapped_exc):
                    mapped_exc = to_exc
    
            if mapped_exc is None:  # pragma: no cover
                raise
    
            message = str(exc)
>           raise mapped_exc(message) from exc
E           httpx.ConnectError: [WinError 10061] No connection could be made because the target machine actively refused it

..\..\dark-factory-wearedevs\.venv\Lib\site-packages\httpx\_transports\default.py:118: ConnectError
____________ ERROR at setup of test_s1_c22_missing_idempotency_key ____________

    @contextlib.contextmanager
    def map_httpcore_exceptions() -> typing.Iterator[None]:
        global HTTPCORE_EXC_MAP
        if len(HTTPCORE_EXC_MAP) == 0:
            HTTPCORE_EXC_MAP = _load_httpcore_exceptions()
        try:
>           yield

..\..\dark-factory-wearedevs\.venv\Lib\site-packages\httpx\_transports\default.py:101: 
_ _ _ _ _ _ _ _ _ _ _ _ _ _ _ _ _ _ _ _ _ _ _ _ _ _ _ _ _ _ _ _ _ _ _ _ _ _ _ _
..\..\dark-factory-wearedevs\.venv\Lib\site-packages\httpx\_transports\default.py:250: in handle_request
    resp = self._pool.handle_request(req)
           ^^^^^^^^^^^^^^^^^^^^^^^^^^^^^^
..\..\dark-factory-wearedevs\.venv\Lib\site-packages\httpcore\_sync\connection_pool.py:256: in handle_request
    raise exc from None
..\..\dark-factory-wearedevs\.venv\Lib\site-packages\httpcore\_sync\connection_pool.py:236: in handle_request
    response = connection.handle_request(
..\..\dark-factory-wearedevs\.venv\Lib\site-packages\httpcore\_sync\connection.py:101: in handle_request
    raise exc
..\..\dark-factory-wearedevs\.venv\Lib\site-packages\httpcore\_sync\connection.py:78: in handle_request
    stream = self._connect(request)
             ^^^^^^^^^^^^^^^^^^^^^^
..\..\dark-factory-wearedevs\.venv\Lib\site-packages\httpcore\_sync\connection.py:124: in _connect
    stream = self._network_backend.connect_tcp(**kwargs)
             ^^^^^^^^^^^^^^^^^^^^^^^^^^^^^^^^^^^^^^^^^^^
..\..\dark-factory-wearedevs\.venv\Lib\site-packages\httpcore\_backends\sync.py:207: in connect_tcp
    with map_exceptions(exc_map):
         ^^^^^^^^^^^^^^^^^^^^^^^
..\..\..\..\AppData\Local\Programs\Python\Python312\Lib\contextlib.py:158: in __exit__
    self.gen.throw(value)
_ _ _ _ _ _ _ _ _ _ _ _ _ _ _ _ _ _ _ _ _ _ _ _ _ _ _ _ _ _ _ _ _ _ _ _ _ _ _ _

map = {<class 'TimeoutError'>: <class 'httpcore.ConnectTimeout'>, <class 'OSError'>: <class 'httpcore.ConnectError'>}

    @contextlib.contextmanager
    def map_exceptions(map: ExceptionMapping) -> typing.Iterator[None]:
        try:
            yield
        except Exception as exc:  # noqa: PIE786
            for from_exc, to_exc in map.items():
                if isinstance(exc, from_exc):
>                   raise to_exc(exc) from exc
E                   httpcore.ConnectError: [WinError 10061] No connection could be made because the target machine actively refused it

..\..\dark-factory-wearedevs\.venv\Lib\site-packages\httpcore\_exceptions.py:14: ConnectError

The above exception was the direct cause of the following exception:

reset = <function reset.<locals>._reset at 0x000001DDF9AAB920>
api = <function api.<locals>._api at 0x000001DDF9AAAFC0>

    @pytest.fixture
    def world(reset, api):
        fixture = fx.fixture()
>       reset(fixture)

C:\Users\HARIHA~1\AppData\Local\Temp\umbra-1125eee4-rmyw6v3j\repo\verify\stage-1\conftest.py:55: 
_ _ _ _ _ _ _ _ _ _ _ _ _ _ _ _ _ _ _ _ _ _ _ _ _ _ _ _ _ _ _ _ _ _ _ _ _ _ _ _
C:\Users\HARIHA~1\AppData\Local\Temp\umbra-1125eee4-rmyw6v3j\repo\verify\stage-1\conftest.py:30: in _reset
    resp = httpx.post(f"{base_url}/_test/reset", json=fixture, timeout=RESET_TIMEOUT)
           ^^^^^^^^^^^^^^^^^^^^^^^^^^^^^^^^^^^^^^^^^^^^^^^^^^^^^^^^^^^^^^^^^^^^^^^^^^
..\..\dark-factory-wearedevs\.venv\Lib\site-packages\httpx\_api.py:304: in post
    return request(
..\..\dark-factory-wearedevs\.venv\Lib\site-packages\httpx\_api.py:109: in request
    return client.request(
..\..\dark-factory-wearedevs\.venv\Lib\site-packages\httpx\_client.py:825: in request
    return self.send(request, auth=auth, follow_redirects=follow_redirects)
           ^^^^^^^^^^^^^^^^^^^^^^^^^^^^^^^^^^^^^^^^^^^^^^^^^^^^^^^^^^^^^^^^
..\..\dark-factory-wearedevs\.venv\Lib\site-packages\httpx\_client.py:914: in send
    response = self._send_handling_auth(
..\..\dark-factory-wearedevs\.venv\Lib\site-packages\httpx\_client.py:942: in _send_handling_auth
    response = self._send_handling_redirects(
..\..\dark-factory-wearedevs\.venv\Lib\site-packages\httpx\_client.py:979: in _send_handling_redirects
    response = self._send_single_request(request)
               ^^^^^^^^^^^^^^^^^^^^^^^^^^^^^^^^^^
..\..\dark-factory-wearedevs\.venv\Lib\site-packages\httpx\_client.py:1014: in _send_single_request
    response = transport.handle_request(request)
               ^^^^^^^^^^^^^^^^^^^^^^^^^^^^^^^^^
..\..\dark-factory-wearedevs\.venv\Lib\site-packages\httpx\_transports\default.py:249: in handle_request
    with map_httpcore_exceptions():
         ^^^^^^^^^^^^^^^^^^^^^^^^^
..\..\..\..\AppData\Local\Programs\Python\Python312\Lib\contextlib.py:158: in __exit__
    self.gen.throw(value)
_ _ _ _ _ _ _ _ _ _ _ _ _ _ _ _ _ _ _ _ _ _ _ _ _ _ _ _ _ _ _ _ _ _ _ _ _ _ _ _

    @contextlib.contextmanager
    def map_httpcore_exceptions() -> typing.Iterator[None]:
        global HTTPCORE_EXC_MAP
        if len(HTTPCORE_EXC_MAP) == 0:
            HTTPCORE_EXC_MAP = _load_httpcore_exceptions()
        try:
            yield
        except Exception as exc:
            mapped_exc = None
    
            for from_exc, to_exc in HTTPCORE_EXC_MAP.items():
                if not isinstance(exc, from_exc):
                    continue
                # We want to map to the most specific exception we can find.
                # Eg if `exc` is an `httpcore.ReadTimeout`, we want to map to
                # `httpx.ReadTimeout`, not just `httpx.TimeoutException`.
                if mapped_exc is None or issubclass(to_exc, mapped_exc):
                    mapped_exc = to_exc
    
            if mapped_exc is None:  # pragma: no cover
                raise
    
            message = str(exc)
>           raise mapped_exc(message) from exc
E           httpx.ConnectError: [WinError 10061] No connection could be made because the target machine actively refused it

..\..\dark-factory-wearedevs\.venv\Lib\site-packages\httpx\_transports\default.py:118: ConnectError
_________ ERROR at setup of test_s1_c22_idempotency_replay_and_reuse __________

    @contextlib.contextmanager
    def map_httpcore_exceptions() -> typing.Iterator[None]:
        global HTTPCORE_EXC_MAP
        if len(HTTPCORE_EXC_MAP) == 0:
            HTTPCORE_EXC_MAP = _load_httpcore_exceptions()
        try:
>           yield

..\..\dark-factory-wearedevs\.venv\Lib\site-packages\httpx\_transports\default.py:101: 
_ _ _ _ _ _ _ _ _ _ _ _ _ _ _ _ _ _ _ _ _ _ _ _ _ _ _ _ _ _ _ _ _ _ _ _ _ _ _ _
..\..\dark-factory-wearedevs\.venv\Lib\site-packages\httpx\_transports\default.py:250: in handle_request
    resp = self._pool.handle_request(req)
           ^^^^^^^^^^^^^^^^^^^^^^^^^^^^^^
..\..\dark-factory-wearedevs\.venv\Lib\site-packages\httpcore\_sync\connection_pool.py:256: in handle_request
    raise exc from None
..\..\dark-factory-wearedevs\.venv\Lib\site-packages\httpcore\_sync\connection_pool.py:236: in handle_request
    response = connection.handle_request(
..\..\dark-factory-wearedevs\.venv\Lib\site-packages\httpcore\_sync\connection.py:101: in handle_request
    raise exc
..\..\dark-factory-wearedevs\.venv\Lib\site-packages\httpcore\_sync\connection.py:78: in handle_request
    stream = self._connect(request)
             ^^^^^^^^^^^^^^^^^^^^^^
..\..\dark-factory-wearedevs\.venv\Lib\site-packages\httpcore\_sync\connection.py:124: in _connect
    stream = self._network_backend.connect_tcp(**kwargs)
             ^^^^^^^^^^^^^^^^^^^^^^^^^^^^^^^^^^^^^^^^^^^
..\..\dark-factory-wearedevs\.venv\Lib\site-packages\httpcore\_backends\sync.py:207: in connect_tcp
    with map_exceptions(exc_map):
         ^^^^^^^^^^^^^^^^^^^^^^^
..\..\..\..\AppData\Local\Programs\Python\Python312\Lib\contextlib.py:158: in __exit__
    self.gen.throw(value)
_ _ _ _ _ _ _ _ _ _ _ _ _ _ _ _ _ _ _ _ _ _ _ _ _ _ _ _ _ _ _ _ _ _ _ _ _ _ _ _

map = {<class 'TimeoutError'>: <class 'httpcore.ConnectTimeout'>, <class 'OSError'>: <class 'httpcore.ConnectError'>}

    @contextlib.contextmanager
    def map_exceptions(map: ExceptionMapping) -> typing.Iterator[None]:
        try:
            yield
        except Exception as exc:  # noqa: PIE786
            for from_exc, to_exc in map.items():
                if isinstance(exc, from_exc):
>                   raise to_exc(exc) from exc
E                   httpcore.ConnectError: [WinError 10061] No connection could be made because the target machine actively refused it

..\..\dark-factory-wearedevs\.venv\Lib\site-packages\httpcore\_exceptions.py:14: ConnectError

The above exception was the direct cause of the following exception:

reset = <function reset.<locals>._reset at 0x000001DDF9AD9580>
api = <function api.<locals>._api at 0x000001DDF9AD9260>

    @pytest.fixture
    def world(reset, api):
        fixture = fx.fixture()
>       reset(fixture)

C:\Users\HARIHA~1\AppData\Local\Temp\umbra-1125eee4-rmyw6v3j\repo\verify\stage-1\conftest.py:55: 
_ _ _ _ _ _ _ _ _ _ _ _ _ _ _ _ _ _ _ _ _ _ _ _ _ _ _ _ _ _ _ _ _ _ _ _ _ _ _ _
C:\Users\HARIHA~1\AppData\Local\Temp\umbra-1125eee4-rmyw6v3j\repo\verify\stage-1\conftest.py:30: in _reset
    resp = httpx.post(f"{base_url}/_test/reset", json=fixture, timeout=RESET_TIMEOUT)
           ^^^^^^^^^^^^^^^^^^^^^^^^^^^^^^^^^^^^^^^^^^^^^^^^^^^^^^^^^^^^^^^^^^^^^^^^^^
..\..\dark-factory-wearedevs\.venv\Lib\site-packages\httpx\_api.py:304: in post
    return request(
..\..\dark-factory-wearedevs\.venv\Lib\site-packages\httpx\_api.py:109: in request
    return client.request(
..\..\dark-factory-wearedevs\.venv\Lib\site-packages\httpx\_client.py:825: in request
    return self.send(request, auth=auth, follow_redirects=follow_redirects)
           ^^^^^^^^^^^^^^^^^^^^^^^^^^^^^^^^^^^^^^^^^^^^^^^^^^^^^^^^^^^^^^^^
..\..\dark-factory-wearedevs\.venv\Lib\site-packages\httpx\_client.py:914: in send
    response = self._send_handling_auth(
..\..\dark-factory-wearedevs\.venv\Lib\site-packages\httpx\_client.py:942: in _send_handling_auth
    response = self._send_handling_redirects(
..\..\dark-factory-wearedevs\.venv\Lib\site-packages\httpx\_client.py:979: in _send_handling_redirects
    response = self._send_single_request(request)
               ^^^^^^^^^^^^^^^^^^^^^^^^^^^^^^^^^^
..\..\dark-factory-wearedevs\.venv\Lib\site-packages\httpx\_client.py:1014: in _send_single_request
    response = transport.handle_request(request)
               ^^^^^^^^^^^^^^^^^^^^^^^^^^^^^^^^^
..\..\dark-factory-wearedevs\.venv\Lib\site-packages\httpx\_transports\default.py:249: in handle_request
    with map_httpcore_exceptions():
         ^^^^^^^^^^^^^^^^^^^^^^^^^
..\..\..\..\AppData\Local\Programs\Python\Python312\Lib\contextlib.py:158: in __exit__
    self.gen.throw(value)
_ _ _ _ _ _ _ _ _ _ _ _ _ _ _ _ _ _ _ _ _ _ _ _ _ _ _ _ _ _ _ _ _ _ _ _ _ _ _ _

    @contextlib.contextmanager
    def map_httpcore_exceptions() -> typing.Iterator[None]:
        global HTTPCORE_EXC_MAP
        if len(HTTPCORE_EXC_MAP) == 0:
            HTTPCORE_EXC_MAP = _load_httpcore_exceptions()
        try:
            yield
        except Exception as exc:
            mapped_exc = None
    
            for from_exc, to_exc in HTTPCORE_EXC_MAP.items():
                if not isinstance(exc, from_exc):
                    continue
                # We want to map to the most specific exception we can find.
                # Eg if `exc` is an `httpcore.ReadTimeout`, we want to map to
                # `httpx.ReadTimeout`, not just `httpx.TimeoutException`.
                if mapped_exc is None or issubclass(to_exc, mapped_exc):
                    mapped_exc = to_exc
    
            if mapped_exc is None:  # pragma: no cover
                raise
    
            message = str(exc)
>           raise mapped_exc(message) from exc
E           httpx.ConnectError: [WinError 10061] No connection could be made because the target machine actively refused it

..\..\dark-factory-wearedevs\.venv\Lib\site-packages\httpx\_transports\default.py:118: ConnectError
____________ ERROR at setup of test_s1_c22_key_reusable_after_4xx _____________

    @contextlib.contextmanager
    def map_httpcore_exceptions() -> typing.Iterator[None]:
        global HTTPCORE_EXC_MAP
        if len(HTTPCORE_EXC_MAP) == 0:
            HTTPCORE_EXC_MAP = _load_httpcore_exceptions()
        try:
>           yield

..\..\dark-factory-wearedevs\.venv\Lib\site-packages\httpx\_transports\default.py:101: 
_ _ _ _ _ _ _ _ _ _ _ _ _ _ _ _ _ _ _ _ _ _ _ _ _ _ _ _ _ _ _ _ _ _ _ _ _ _ _ _
..\..\dark-factory-wearedevs\.venv\Lib\site-packages\httpx\_transports\default.py:250: in handle_request
    resp = self._pool.handle_request(req)
           ^^^^^^^^^^^^^^^^^^^^^^^^^^^^^^
..\..\dark-factory-wearedevs\.venv\Lib\site-packages\httpcore\_sync\connection_pool.py:256: in handle_request
    raise exc from None
..\..\dark-factory-wearedevs\.venv\Lib\site-packages\httpcore\_sync\connection_pool.py:236: in handle_request
    response = connection.handle_request(
..\..\dark-factory-wearedevs\.venv\Lib\site-packages\httpcore\_sync\connection.py:101: in handle_request
    raise exc
..\..\dark-factory-wearedevs\.venv\Lib\site-packages\httpcore\_sync\connection.py:78: in handle_request
    stream = self._connect(request)
             ^^^^^^^^^^^^^^^^^^^^^^
..\..\dark-factory-wearedevs\.venv\Lib\site-packages\httpcore\_sync\connection.py:124: in _connect
    stream = self._network_backend.connect_tcp(**kwargs)
             ^^^^^^^^^^^^^^^^^^^^^^^^^^^^^^^^^^^^^^^^^^^
..\..\dark-factory-wearedevs\.venv\Lib\site-packages\httpcore\_backends\sync.py:207: in connect_tcp
    with map_exceptions(exc_map):
         ^^^^^^^^^^^^^^^^^^^^^^^
..\..\..\..\AppData\Local\Programs\Python\Python312\Lib\contextlib.py:158: in __exit__
    self.gen.throw(value)
_ _ _ _ _ _ _ _ _ _ _ _ _ _ _ _ _ _ _ _ _ _ _ _ _ _ _ _ _ _ _ _ _ _ _ _ _ _ _ _

map = {<class 'TimeoutError'>: <class 'httpcore.ConnectTimeout'>, <class 'OSError'>: <class 'httpcore.ConnectError'>}

    @contextlib.contextmanager
    def map_exceptions(map: ExceptionMapping) -> typing.Iterator[None]:
        try:
            yield
        except Exception as exc:  # noqa: PIE786
            for from_exc, to_exc in map.items():
                if isinstance(exc, from_exc):
>                   raise to_exc(exc) from exc
E                   httpcore.ConnectError: [WinError 10061] No connection could be made because the target machine actively refused it

..\..\dark-factory-wearedevs\.venv\Lib\site-packages\httpcore\_exceptions.py:14: ConnectError

The above exception was the direct cause of the following exception:

reset = <function reset.<locals>._reset at 0x000001DDF86D28E0>
api = <function api.<locals>._api at 0x000001DDF871BA60>

    @pytest.fixture
    def world(reset, api):
        fixture = fx.fixture()
>       reset(fixture)

C:\Users\HARIHA~1\AppData\Local\Temp\umbra-1125eee4-rmyw6v3j\repo\verify\stage-1\conftest.py:55: 
_ _ _ _ _ _ _ _ _ _ _ _ _ _ _ _ _ _ _ _ _ _ _ _ _ _ _ _ _ _ _ _ _ _ _ _ _ _ _ _
C:\Users\HARIHA~1\AppData\Local\Temp\umbra-1125eee4-rmyw6v3j\repo\verify\stage-1\conftest.py:30: in _reset
    resp = httpx.post(f"{base_url}/_test/reset", json=fixture, timeout=RESET_TIMEOUT)
           ^^^^^^^^^^^^^^^^^^^^^^^^^^^^^^^^^^^^^^^^^^^^^^^^^^^^^^^^^^^^^^^^^^^^^^^^^^
..\..\dark-factory-wearedevs\.venv\Lib\site-packages\httpx\_api.py:304: in post
    return request(
..\..\dark-factory-wearedevs\.venv\Lib\site-packages\httpx\_api.py:109: in request
    return client.request(
..\..\dark-factory-wearedevs\.venv\Lib\site-packages\httpx\_client.py:825: in request
    return self.send(request, auth=auth, follow_redirects=follow_redirects)
           ^^^^^^^^^^^^^^^^^^^^^^^^^^^^^^^^^^^^^^^^^^^^^^^^^^^^^^^^^^^^^^^^
..\..\dark-factory-wearedevs\.venv\Lib\site-packages\httpx\_client.py:914: in send
    response = self._send_handling_auth(
..\..\dark-factory-wearedevs\.venv\Lib\site-packages\httpx\_client.py:942: in _send_handling_auth
    response = self._send_handling_redirects(
..\..\dark-factory-wearedevs\.venv\Lib\site-packages\httpx\_client.py:979: in _send_handling_redirects
    response = self._send_single_request(request)
               ^^^^^^^^^^^^^^^^^^^^^^^^^^^^^^^^^^
..\..\dark-factory-wearedevs\.venv\Lib\site-packages\httpx\_client.py:1014: in _send_single_request
    response = transport.handle_request(request)
               ^^^^^^^^^^^^^^^^^^^^^^^^^^^^^^^^^
..\..\dark-factory-wearedevs\.venv\Lib\site-packages\httpx\_transports\default.py:249: in handle_request
    with map_httpcore_exceptions():
         ^^^^^^^^^^^^^^^^^^^^^^^^^
..\..\..\..\AppData\Local\Programs\Python\Python312\Lib\contextlib.py:158: in __exit__
    self.gen.throw(value)
_ _ _ _ _ _ _ _ _ _ _ _ _ _ _ _ _ _ _ _ _ _ _ _ _ _ _ _ _ _ _ _ _ _ _ _ _ _ _ _

    @contextlib.contextmanager
    def map_httpcore_exceptions() -> typing.Iterator[None]:
        global HTTPCORE_EXC_MAP
        if len(HTTPCORE_EXC_MAP) == 0:
            HTTPCORE_EXC_MAP = _load_httpcore_exceptions()
        try:
            yield
        except Exception as exc:
            mapped_exc = None
    
            for from_exc, to_exc in HTTPCORE_EXC_MAP.items():
                if not isinstance(exc, from_exc):
                    continue
                # We want to map to the most specific exception we can find.
                # Eg if `exc` is an `httpcore.ReadTimeout`, we want to map to
                # `httpx.ReadTimeout`, not just `httpx.TimeoutException`.
                if mapped_exc is None or issubclass(to_exc, mapped_exc):
                    mapped_exc = to_exc
    
            if mapped_exc is None:  # pragma: no cover
                raise
    
            message = str(exc)
>           raise mapped_exc(message) from exc
E           httpx.ConnectError: [WinError 10061] No connection could be made because the target machine actively refused it

..\..\dark-factory-wearedevs\.venv\Lib\site-packages\httpx\_transports\default.py:118: ConnectError
____________ ERROR at setup of test_s1_c21_idempotency_key_length _____________

    @contextlib.contextmanager
    def map_httpcore_exceptions() -> typing.Iterator[None]:
        global HTTPCORE_EXC_MAP
        if len(HTTPCORE_EXC_MAP) == 0:
            HTTPCORE_EXC_MAP = _load_httpcore_exceptions()
        try:
>           yield

..\..\dark-factory-wearedevs\.venv\Lib\site-packages\httpx\_transports\default.py:101: 
_ _ _ _ _ _ _ _ _ _ _ _ _ _ _ _ _ _ _ _ _ _ _ _ _ _ _ _ _ _ _ _ _ _ _ _ _ _ _ _
..\..\dark-factory-wearedevs\.venv\Lib\site-packages\httpx\_transports\default.py:250: in handle_request
    resp = self._pool.handle_request(req)
           ^^^^^^^^^^^^^^^^^^^^^^^^^^^^^^
..\..\dark-factory-wearedevs\.venv\Lib\site-packages\httpcore\_sync\connection_pool.py:256: in handle_request
    raise exc from None
..\..\dark-factory-wearedevs\.venv\Lib\site-packages\httpcore\_sync\connection_pool.py:236: in handle_request
    response = connection.handle_request(
..\..\dark-factory-wearedevs\.venv\Lib\site-packages\httpcore\_sync\connection.py:101: in handle_request
    raise exc
..\..\dark-factory-wearedevs\.venv\Lib\site-packages\httpcore\_sync\connection.py:78: in handle_request
    stream = self._connect(request)
             ^^^^^^^^^^^^^^^^^^^^^^
..\..\dark-factory-wearedevs\.venv\Lib\site-packages\httpcore\_sync\connection.py:124: in _connect
    stream = self._network_backend.connect_tcp(**kwargs)
             ^^^^^^^^^^^^^^^^^^^^^^^^^^^^^^^^^^^^^^^^^^^
..\..\dark-factory-wearedevs\.venv\Lib\site-packages\httpcore\_backends\sync.py:207: in connect_tcp
    with map_exceptions(exc_map):
         ^^^^^^^^^^^^^^^^^^^^^^^
..\..\..\..\AppData\Local\Programs\Python\Python312\Lib\contextlib.py:158: in __exit__
    self.gen.throw(value)
_ _ _ _ _ _ _ _ _ _ _ _ _ _ _ _ _ _ _ _ _ _ _ _ _ _ _ _ _ _ _ _ _ _ _ _ _ _ _ _

map = {<class 'TimeoutError'>: <class 'httpcore.ConnectTimeout'>, <class 'OSError'>: <class 'httpcore.ConnectError'>}

    @contextlib.contextmanager
    def map_exceptions(map: ExceptionMapping) -> typing.Iterator[None]:
        try:
            yield
        except Exception as exc:  # noqa: PIE786
            for from_exc, to_exc in map.items():
                if isinstance(exc, from_exc):
>                   raise to_exc(exc) from exc
E                   httpcore.ConnectError: [WinError 10061] No connection could be made because the target machine actively refused it

..\..\dark-factory-wearedevs\.venv\Lib\site-packages\httpcore\_exceptions.py:14: ConnectError

The above exception was the direct cause of the following exception:

reset = <function reset.<locals>._reset at 0x000001DDF86E3420>
api = <function api.<locals>._api at 0x000001DDF86E2FC0>

    @pytest.fixture
    def world(reset, api):
        fixture = fx.fixture()
>       reset(fixture)

C:\Users\HARIHA~1\AppData\Local\Temp\umbra-1125eee4-rmyw6v3j\repo\verify\stage-1\conftest.py:55: 
_ _ _ _ _ _ _ _ _ _ _ _ _ _ _ _ _ _ _ _ _ _ _ _ _ _ _ _ _ _ _ _ _ _ _ _ _ _ _ _
C:\Users\HARIHA~1\AppData\Local\Temp\umbra-1125eee4-rmyw6v3j\repo\verify\stage-1\conftest.py:30: in _reset
    resp = httpx.post(f"{base_url}/_test/reset", json=fixture, timeout=RESET_TIMEOUT)
           ^^^^^^^^^^^^^^^^^^^^^^^^^^^^^^^^^^^^^^^^^^^^^^^^^^^^^^^^^^^^^^^^^^^^^^^^^^
..\..\dark-factory-wearedevs\.venv\Lib\site-packages\httpx\_api.py:304: in post
    return request(
..\..\dark-factory-wearedevs\.venv\Lib\site-packages\httpx\_api.py:109: in request
    return client.request(
..\..\dark-factory-wearedevs\.venv\Lib\site-packages\httpx\_client.py:825: in request
    return self.send(request, auth=auth, follow_redirects=follow_redirects)
           ^^^^^^^^^^^^^^^^^^^^^^^^^^^^^^^^^^^^^^^^^^^^^^^^^^^^^^^^^^^^^^^^
..\..\dark-factory-wearedevs\.venv\Lib\site-packages\httpx\_client.py:914: in send
    response = self._send_handling_auth(
..\..\dark-factory-wearedevs\.venv\Lib\site-packages\httpx\_client.py:942: in _send_handling_auth
    response = self._send_handling_redirects(
..\..\dark-factory-wearedevs\.venv\Lib\site-packages\httpx\_client.py:979: in _send_handling_redirects
    response = self._send_single_request(request)
               ^^^^^^^^^^^^^^^^^^^^^^^^^^^^^^^^^^
..\..\dark-factory-wearedevs\.venv\Lib\site-packages\httpx\_client.py:1014: in _send_single_request
    response = transport.handle_request(request)
               ^^^^^^^^^^^^^^^^^^^^^^^^^^^^^^^^^
..\..\dark-factory-wearedevs\.venv\Lib\site-packages\httpx\_transports\default.py:249: in handle_request
    with map_httpcore_exceptions():
         ^^^^^^^^^^^^^^^^^^^^^^^^^
..\..\..\..\AppData\Local\Programs\Python\Python312\Lib\contextlib.py:158: in __exit__
    self.gen.throw(value)
_ _ _ _ _ _ _ _ _ _ _ _ _ _ _ _ _ _ _ _ _ _ _ _ _ _ _ _ _ _ _ _ _ _ _ _ _ _ _ _

    @contextlib.contextmanager
    def map_httpcore_exceptions() -> typing.Iterator[None]:
        global HTTPCORE_EXC_MAP
        if len(HTTPCORE_EXC_MAP) == 0:
            HTTPCORE_EXC_MAP = _load_httpcore_exceptions()
        try:
            yield
        except Exception as exc:
            mapped_exc = None
    
            for from_exc, to_exc in HTTPCORE_EXC_MAP.items():
                if not isinstance(exc, from_exc):
                    continue
                # We want to map to the most specific exception we can find.
                # Eg if `exc` is an `httpcore.ReadTimeout`, we want to map to
                # `httpx.ReadTimeout`, not just `httpx.TimeoutException`.
                if mapped_exc is None or issubclass(to_exc, mapped_exc):
                    mapped_exc = to_exc
    
            if mapped_exc is None:  # pragma: no cover
                raise
    
            message = str(exc)
>           raise mapped_exc(message) from exc
E           httpx.ConnectError: [WinError 10061] No connection could be made because the target machine actively refused it

..\..\dark-factory-wearedevs\.venv\Lib\site-packages\httpx\_transports\default.py:118: ConnectError
______________ ERROR at setup of test_s1_c21_limit_offset_ranges ______________

    @contextlib.contextmanager
    def map_httpcore_exceptions() -> typing.Iterator[None]:
        global HTTPCORE_EXC_MAP
        if len(HTTPCORE_EXC_MAP) == 0:
            HTTPCORE_EXC_MAP = _load_httpcore_exceptions()
        try:
>           yield

..\..\dark-factory-wearedevs\.venv\Lib\site-packages\httpx\_transports\default.py:101: 
_ _ _ _ _ _ _ _ _ _ _ _ _ _ _ _ _ _ _ _ _ _ _ _ _ _ _ _ _ _ _ _ _ _ _ _ _ _ _ _
..\..\dark-factory-wearedevs\.venv\Lib\site-packages\httpx\_transports\default.py:250: in handle_request
    resp = self._pool.handle_request(req)
           ^^^^^^^^^^^^^^^^^^^^^^^^^^^^^^
..\..\dark-factory-wearedevs\.venv\Lib\site-packages\httpcore\_sync\connection_pool.py:256: in handle_request
    raise exc from None
..\..\dark-factory-wearedevs\.venv\Lib\site-packages\httpcore\_sync\connection_pool.py:236: in handle_request
    response = connection.handle_request(
..\..\dark-factory-wearedevs\.venv\Lib\site-packages\httpcore\_sync\connection.py:101: in handle_request
    raise exc
..\..\dark-factory-wearedevs\.venv\Lib\site-packages\httpcore\_sync\connection.py:78: in handle_request
    stream = self._connect(request)
             ^^^^^^^^^^^^^^^^^^^^^^
..\..\dark-factory-wearedevs\.venv\Lib\site-packages\httpcore\_sync\connection.py:124: in _connect
    stream = self._network_backend.connect_tcp(**kwargs)
             ^^^^^^^^^^^^^^^^^^^^^^^^^^^^^^^^^^^^^^^^^^^
..\..\dark-factory-wearedevs\.venv\Lib\site-packages\httpcore\_backends\sync.py:207: in connect_tcp
    with map_exceptions(exc_map):
         ^^^^^^^^^^^^^^^^^^^^^^^
..\..\..\..\AppData\Local\Programs\Python\Python312\Lib\contextlib.py:158: in __exit__
    self.gen.throw(value)
_ _ _ _ _ _ _ _ _ _ _ _ _ _ _ _ _ _ _ _ _ _ _ _ _ _ _ _ _ _ _ _ _ _ _ _ _ _ _ _

map = {<class 'TimeoutError'>: <class 'httpcore.ConnectTimeout'>, <class 'OSError'>: <class 'httpcore.ConnectError'>}

    @contextlib.contextmanager
    def map_exceptions(map: ExceptionMapping) -> typing.Iterator[None]:
        try:
            yield
        except Exception as exc:  # noqa: PIE786
            for from_exc, to_exc in map.items():
                if isinstance(exc, from_exc):
>                   raise to_exc(exc) from exc
E                   httpcore.ConnectError: [WinError 10061] No connection could be made because the target machine actively refused it

..\..\dark-factory-wearedevs\.venv\Lib\site-packages\httpcore\_exceptions.py:14: ConnectError

The above exception was the direct cause of the following exception:

reset = <function reset.<locals>._reset at 0x000001DDF871BD80>
api = <function api.<locals>._api at 0x000001DDF871BCE0>

    @pytest.fixture
    def world(reset, api):
        fixture = fx.fixture()
>       reset(fixture)

C:\Users\HARIHA~1\AppData\Local\Temp\umbra-1125eee4-rmyw6v3j\repo\verify\stage-1\conftest.py:55: 
_ _ _ _ _ _ _ _ _ _ _ _ _ _ _ _ _ _ _ _ _ _ _ _ _ _ _ _ _ _ _ _ _ _ _ _ _ _ _ _
C:\Users\HARIHA~1\AppData\Local\Temp\umbra-1125eee4-rmyw6v3j\repo\verify\stage-1\conftest.py:30: in _reset
    resp = httpx.post(f"{base_url}/_test/reset", json=fixture, timeout=RESET_TIMEOUT)
           ^^^^^^^^^^^^^^^^^^^^^^^^^^^^^^^^^^^^^^^^^^^^^^^^^^^^^^^^^^^^^^^^^^^^^^^^^^
..\..\dark-factory-wearedevs\.venv\Lib\site-packages\httpx\_api.py:304: in post
    return request(
..\..\dark-factory-wearedevs\.venv\Lib\site-packages\httpx\_api.py:109: in request
    return client.request(
..\..\dark-factory-wearedevs\.venv\Lib\site-packages\httpx\_client.py:825: in request
    return self.send(request, auth=auth, follow_redirects=follow_redirects)
           ^^^^^^^^^^^^^^^^^^^^^^^^^^^^^^^^^^^^^^^^^^^^^^^^^^^^^^^^^^^^^^^^
..\..\dark-factory-wearedevs\.venv\Lib\site-packages\httpx\_client.py:914: in send
    response = self._send_handling_auth(
..\..\dark-factory-wearedevs\.venv\Lib\site-packages\httpx\_client.py:942: in _send_handling_auth
    response = self._send_handling_redirects(
..\..\dark-factory-wearedevs\.venv\Lib\site-packages\httpx\_client.py:979: in _send_handling_redirects
    response = self._send_single_request(request)
               ^^^^^^^^^^^^^^^^^^^^^^^^^^^^^^^^^^
..\..\dark-factory-wearedevs\.venv\Lib\site-packages\httpx\_client.py:1014: in _send_single_request
    response = transport.handle_request(request)
               ^^^^^^^^^^^^^^^^^^^^^^^^^^^^^^^^^
..\..\dark-factory-wearedevs\.venv\Lib\site-packages\httpx\_transports\default.py:249: in handle_request
    with map_httpcore_exceptions():
         ^^^^^^^^^^^^^^^^^^^^^^^^^
..\..\..\..\AppData\Local\Programs\Python\Python312\Lib\contextlib.py:158: in __exit__
    self.gen.throw(value)
_ _ _ _ _ _ _ _ _ _ _ _ _ _ _ _ _ _ _ _ _ _ _ _ _ _ _ _ _ _ _ _ _ _ _ _ _ _ _ _

    @contextlib.contextmanager
    def map_httpcore_exceptions() -> typing.Iterator[None]:
        global HTTPCORE_EXC_MAP
        if len(HTTPCORE_EXC_MAP) == 0:
            HTTPCORE_EXC_MAP = _load_httpcore_exceptions()
        try:
            yield
        except Exception as exc:
            mapped_exc = None
    
            for from_exc, to_exc in HTTPCORE_EXC_MAP.items():
                if not isinstance(exc, from_exc):
                    continue
                # We want to map to the most specific exception we can find.
                # Eg if `exc` is an `httpcore.ReadTimeout`, we want to map to
                # `httpx.ReadTimeout`, not just `httpx.TimeoutException`.
                if mapped_exc is None or issubclass(to_exc, mapped_exc):
                    mapped_exc = to_exc
    
            if mapped_exc is None:  # pragma: no cover
                raise
    
            message = str(exc)
>           raise mapped_exc(message) from exc
E           httpx.ConnectError: [WinError 10061] No connection could be made because the target machine actively refused it

..\..\dark-factory-wearedevs\.venv\Lib\site-packages\httpx\_transports\default.py:118: ConnectError
_________ ERROR at setup of test_s1_c26_conservation_after_operations _________

    @contextlib.contextmanager
    def map_httpcore_exceptions() -> typing.Iterator[None]:
        global HTTPCORE_EXC_MAP
        if len(HTTPCORE_EXC_MAP) == 0:
            HTTPCORE_EXC_MAP = _load_httpcore_exceptions()
        try:
>           yield

..\..\dark-factory-wearedevs\.venv\Lib\site-packages\httpx\_transports\default.py:101: 
_ _ _ _ _ _ _ _ _ _ _ _ _ _ _ _ _ _ _ _ _ _ _ _ _ _ _ _ _ _ _ _ _ _ _ _ _ _ _ _
..\..\dark-factory-wearedevs\.venv\Lib\site-packages\httpx\_transports\default.py:250: in handle_request
    resp = self._pool.handle_request(req)
           ^^^^^^^^^^^^^^^^^^^^^^^^^^^^^^
..\..\dark-factory-wearedevs\.venv\Lib\site-packages\httpcore\_sync\connection_pool.py:256: in handle_request
    raise exc from None
..\..\dark-factory-wearedevs\.venv\Lib\site-packages\httpcore\_sync\connection_pool.py:236: in handle_request
    response = connection.handle_request(
..\..\dark-factory-wearedevs\.venv\Lib\site-packages\httpcore\_sync\connection.py:101: in handle_request
    raise exc
..\..\dark-factory-wearedevs\.venv\Lib\site-packages\httpcore\_sync\connection.py:78: in handle_request
    stream = self._connect(request)
             ^^^^^^^^^^^^^^^^^^^^^^
..\..\dark-factory-wearedevs\.venv\Lib\site-packages\httpcore\_sync\connection.py:124: in _connect
    stream = self._network_backend.connect_tcp(**kwargs)
             ^^^^^^^^^^^^^^^^^^^^^^^^^^^^^^^^^^^^^^^^^^^
..\..\dark-factory-wearedevs\.venv\Lib\site-packages\httpcore\_backends\sync.py:207: in connect_tcp
    with map_exceptions(exc_map):
         ^^^^^^^^^^^^^^^^^^^^^^^
..\..\..\..\AppData\Local\Programs\Python\Python312\Lib\contextlib.py:158: in __exit__
    self.gen.throw(value)
_ _ _ _ _ _ _ _ _ _ _ _ _ _ _ _ _ _ _ _ _ _ _ _ _ _ _ _ _ _ _ _ _ _ _ _ _ _ _ _

map = {<class 'TimeoutError'>: <class 'httpcore.ConnectTimeout'>, <class 'OSError'>: <class 'httpcore.ConnectError'>}

    @contextlib.contextmanager
    def map_exceptions(map: ExceptionMapping) -> typing.Iterator[None]:
        try:
            yield
        except Exception as exc:  # noqa: PIE786
            for from_exc, to_exc in map.items():
                if isinstance(exc, from_exc):
>                   raise to_exc(exc) from exc
E                   httpcore.ConnectError: [WinError 10061] No connection could be made because the target machine actively refused it

..\..\dark-factory-wearedevs\.venv\Lib\site-packages\httpcore\_exceptions.py:14: ConnectError

The above exception was the direct cause of the following exception:

reset = <function reset.<locals>._reset at 0x000001DDF86E3420>
api = <function api.<locals>._api at 0x000001DDF836CAE0>

    @pytest.fixture
    def world(reset, api):
        fixture = fx.fixture()
>       reset(fixture)

C:\Users\HARIHA~1\AppData\Local\Temp\umbra-1125eee4-rmyw6v3j\repo\verify\stage-1\conftest.py:55: 
_ _ _ _ _ _ _ _ _ _ _ _ _ _ _ _ _ _ _ _ _ _ _ _ _ _ _ _ _ _ _ _ _ _ _ _ _ _ _ _
C:\Users\HARIHA~1\AppData\Local\Temp\umbra-1125eee4-rmyw6v3j\repo\verify\stage-1\conftest.py:30: in _reset
    resp = httpx.post(f"{base_url}/_test/reset", json=fixture, timeout=RESET_TIMEOUT)
           ^^^^^^^^^^^^^^^^^^^^^^^^^^^^^^^^^^^^^^^^^^^^^^^^^^^^^^^^^^^^^^^^^^^^^^^^^^
..\..\dark-factory-wearedevs\.venv\Lib\site-packages\httpx\_api.py:304: in post
    return request(
..\..\dark-factory-wearedevs\.venv\Lib\site-packages\httpx\_api.py:109: in request
    return client.request(
..\..\dark-factory-wearedevs\.venv\Lib\site-packages\httpx\_client.py:825: in request
    return self.send(request, auth=auth, follow_redirects=follow_redirects)
           ^^^^^^^^^^^^^^^^^^^^^^^^^^^^^^^^^^^^^^^^^^^^^^^^^^^^^^^^^^^^^^^^
..\..\dark-factory-wearedevs\.venv\Lib\site-packages\httpx\_client.py:914: in send
    response = self._send_handling_auth(
..\..\dark-factory-wearedevs\.venv\Lib\site-packages\httpx\_client.py:942: in _send_handling_auth
    response = self._send_handling_redirects(
..\..\dark-factory-wearedevs\.venv\Lib\site-packages\httpx\_client.py:979: in _send_handling_redirects
    response = self._send_single_request(request)
               ^^^^^^^^^^^^^^^^^^^^^^^^^^^^^^^^^^
..\..\dark-factory-wearedevs\.venv\Lib\site-packages\httpx\_client.py:1014: in _send_single_request
    response = transport.handle_request(request)
               ^^^^^^^^^^^^^^^^^^^^^^^^^^^^^^^^^
..\..\dark-factory-wearedevs\.venv\Lib\site-packages\httpx\_transports\default.py:249: in handle_request
    with map_httpcore_exceptions():
         ^^^^^^^^^^^^^^^^^^^^^^^^^
..\..\..\..\AppData\Local\Programs\Python\Python312\Lib\contextlib.py:158: in __exit__
    self.gen.throw(value)
_ _ _ _ _ _ _ _ _ _ _ _ _ _ _ _ _ _ _ _ _ _ _ _ _ _ _ _ _ _ _ _ _ _ _ _ _ _ _ _

    @contextlib.contextmanager
    def map_httpcore_exceptions() -> typing.Iterator[None]:
        global HTTPCORE_EXC_MAP
        if len(HTTPCORE_EXC_MAP) == 0:
            HTTPCORE_EXC_MAP = _load_httpcore_exceptions()
        try:
            yield
        except Exception as exc:
            mapped_exc = None
    
            for from_exc, to_exc in HTTPCORE_EXC_MAP.items():
                if not isinstance(exc, from_exc):
                    continue
                # We want to map to the most specific exception we can find.
                # Eg if `exc` is an `httpcore.ReadTimeout`, we want to map to
                # `httpx.ReadTimeout`, not just `httpx.TimeoutException`.
                if mapped_exc is None or issubclass(to_exc, mapped_exc):
                    mapped_exc = to_exc
    
            if mapped_exc is None:  # pragma: no cover
                raise
    
            message = str(exc)
>           raise mapped_exc(message) from exc
E           httpx.ConnectError: [WinError 10061] No connection could be made because the target machine actively refused it

..\..\dark-factory-wearedevs\.venv\Lib\site-packages\httpx\_transports\default.py:118: ConnectError
___________ ERROR at setup of test_s1_c26_request_paid_at_most_once ___________

    @contextlib.contextmanager
    def map_httpcore_exceptions() -> typing.Iterator[None]:
        global HTTPCORE_EXC_MAP
        if len(HTTPCORE_EXC_MAP) == 0:
            HTTPCORE_EXC_MAP = _load_httpcore_exceptions()
        try:
>           yield

..\..\dark-factory-wearedevs\.venv\Lib\site-packages\httpx\_transports\default.py:101: 
_ _ _ _ _ _ _ _ _ _ _ _ _ _ _ _ _ _ _ _ _ _ _ _ _ _ _ _ _ _ _ _ _ _ _ _ _ _ _ _
..\..\dark-factory-wearedevs\.venv\Lib\site-packages\httpx\_transports\default.py:250: in handle_request
    resp = self._pool.handle_request(req)
           ^^^^^^^^^^^^^^^^^^^^^^^^^^^^^^
..\..\dark-factory-wearedevs\.venv\Lib\site-packages\httpcore\_sync\connection_pool.py:256: in handle_request
    raise exc from None
..\..\dark-factory-wearedevs\.venv\Lib\site-packages\httpcore\_sync\connection_pool.py:236: in handle_request
    response = connection.handle_request(
..\..\dark-factory-wearedevs\.venv\Lib\site-packages\httpcore\_sync\connection.py:101: in handle_request
    raise exc
..\..\dark-factory-wearedevs\.venv\Lib\site-packages\httpcore\_sync\connection.py:78: in handle_request
    stream = self._connect(request)
             ^^^^^^^^^^^^^^^^^^^^^^
..\..\dark-factory-wearedevs\.venv\Lib\site-packages\httpcore\_sync\connection.py:124: in _connect
    stream = self._network_backend.connect_tcp(**kwargs)
             ^^^^^^^^^^^^^^^^^^^^^^^^^^^^^^^^^^^^^^^^^^^
..\..\dark-factory-wearedevs\.venv\Lib\site-packages\httpcore\_backends\sync.py:207: in connect_tcp
    with map_exceptions(exc_map):
         ^^^^^^^^^^^^^^^^^^^^^^^
..\..\..\..\AppData\Local\Programs\Python\Python312\Lib\contextlib.py:158: in __exit__
    self.gen.throw(value)
_ _ _ _ _ _ _ _ _ _ _ _ _ _ _ _ _ _ _ _ _ _ _ _ _ _ _ _ _ _ _ _ _ _ _ _ _ _ _ _

map = {<class 'TimeoutError'>: <class 'httpcore.ConnectTimeout'>, <class 'OSError'>: <class 'httpcore.ConnectError'>}

    @contextlib.contextmanager
    def map_exceptions(map: ExceptionMapping) -> typing.Iterator[None]:
        try:
            yield
        except Exception as exc:  # noqa: PIE786
            for from_exc, to_exc in map.items():
                if isinstance(exc, from_exc):
>                   raise to_exc(exc) from exc
E                   httpcore.ConnectError: [WinError 10061] No connection could be made because the target machine actively refused it

..\..\dark-factory-wearedevs\.venv\Lib\site-packages\httpcore\_exceptions.py:14: ConnectError

The above exception was the direct cause of the following exception:

reset = <function reset.<locals>._reset at 0x000001DDF9AA9C60>
api = <function api.<locals>._api at 0x000001DDF9AA9800>

    @pytest.fixture
    def world(reset, api):
        fixture = fx.fixture()
>       reset(fixture)

C:\Users\HARIHA~1\AppData\Local\Temp\umbra-1125eee4-rmyw6v3j\repo\verify\stage-1\conftest.py:55: 
_ _ _ _ _ _ _ _ _ _ _ _ _ _ _ _ _ _ _ _ _ _ _ _ _ _ _ _ _ _ _ _ _ _ _ _ _ _ _ _
C:\Users\HARIHA~1\AppData\Local\Temp\umbra-1125eee4-rmyw6v3j\repo\verify\stage-1\conftest.py:30: in _reset
    resp = httpx.post(f"{base_url}/_test/reset", json=fixture, timeout=RESET_TIMEOUT)
           ^^^^^^^^^^^^^^^^^^^^^^^^^^^^^^^^^^^^^^^^^^^^^^^^^^^^^^^^^^^^^^^^^^^^^^^^^^
..\..\dark-factory-wearedevs\.venv\Lib\site-packages\httpx\_api.py:304: in post
    return request(
..\..\dark-factory-wearedevs\.venv\Lib\site-packages\httpx\_api.py:109: in request
    return client.request(
..\..\dark-factory-wearedevs\.venv\Lib\site-packages\httpx\_client.py:825: in request
    return self.send(request, auth=auth, follow_redirects=follow_redirects)
           ^^^^^^^^^^^^^^^^^^^^^^^^^^^^^^^^^^^^^^^^^^^^^^^^^^^^^^^^^^^^^^^^
..\..\dark-factory-wearedevs\.venv\Lib\site-packages\httpx\_client.py:914: in send
    response = self._send_handling_auth(
..\..\dark-factory-wearedevs\.venv\Lib\site-packages\httpx\_client.py:942: in _send_handling_auth
    response = self._send_handling_redirects(
..\..\dark-factory-wearedevs\.venv\Lib\site-packages\httpx\_client.py:979: in _send_handling_redirects
    response = self._send_single_request(request)
               ^^^^^^^^^^^^^^^^^^^^^^^^^^^^^^^^^^
..\..\dark-factory-wearedevs\.venv\Lib\site-packages\httpx\_client.py:1014: in _send_single_request
    response = transport.handle_request(request)
               ^^^^^^^^^^^^^^^^^^^^^^^^^^^^^^^^^
..\..\dark-factory-wearedevs\.venv\Lib\site-packages\httpx\_transports\default.py:249: in handle_request
    with map_httpcore_exceptions():
         ^^^^^^^^^^^^^^^^^^^^^^^^^
..\..\..\..\AppData\Local\Programs\Python\Python312\Lib\contextlib.py:158: in __exit__
    self.gen.throw(value)
_ _ _ _ _ _ _ _ _ _ _ _ _ _ _ _ _ _ _ _ _ _ _ _ _ _ _ _ _ _ _ _ _ _ _ _ _ _ _ _

    @contextlib.contextmanager
    def map_httpcore_exceptions() -> typing.Iterator[None]:
        global HTTPCORE_EXC_MAP
        if len(HTTPCORE_EXC_MAP) == 0:
            HTTPCORE_EXC_MAP = _load_httpcore_exceptions()
        try:
            yield
        except Exception as exc:
            mapped_exc = None
    
            for from_exc, to_exc in HTTPCORE_EXC_MAP.items():
                if not isinstance(exc, from_exc):
                    continue
                # We want to map to the most specific exception we can find.
                # Eg if `exc` is an `httpcore.ReadTimeout`, we want to map to
                # `httpx.ReadTimeout`, not just `httpx.TimeoutException`.
                if mapped_exc is None or issubclass(to_exc, mapped_exc):
                    mapped_exc = to_exc
    
            if mapped_exc is None:  # pragma: no cover
                raise
    
            message = str(exc)
>           raise mapped_exc(message) from exc
E           httpx.ConnectError: [WinError 10061] No connection could be made because the target machine actively refused it

..\..\dark-factory-wearedevs\.venv\Lib\site-packages\httpx\_transports\default.py:118: ConnectError
_________ ERROR at setup of test_s1_c30_handle_immutable_after_signup _________

    @contextlib.contextmanager
    def map_httpcore_exceptions() -> typing.Iterator[None]:
        global HTTPCORE_EXC_MAP
        if len(HTTPCORE_EXC_MAP) == 0:
            HTTPCORE_EXC_MAP = _load_httpcore_exceptions()
        try:
>           yield

..\..\dark-factory-wearedevs\.venv\Lib\site-packages\httpx\_transports\default.py:101: 
_ _ _ _ _ _ _ _ _ _ _ _ _ _ _ _ _ _ _ _ _ _ _ _ _ _ _ _ _ _ _ _ _ _ _ _ _ _ _ _
..\..\dark-factory-wearedevs\.venv\Lib\site-packages\httpx\_transports\default.py:250: in handle_request
    resp = self._pool.handle_request(req)
           ^^^^^^^^^^^^^^^^^^^^^^^^^^^^^^
..\..\dark-factory-wearedevs\.venv\Lib\site-packages\httpcore\_sync\connection_pool.py:256: in handle_request
    raise exc from None
..\..\dark-factory-wearedevs\.venv\Lib\site-packages\httpcore\_sync\connection_pool.py:236: in handle_request
    response = connection.handle_request(
..\..\dark-factory-wearedevs\.venv\Lib\site-packages\httpcore\_sync\connection.py:101: in handle_request
    raise exc
..\..\dark-factory-wearedevs\.venv\Lib\site-packages\httpcore\_sync\connection.py:78: in handle_request
    stream = self._connect(request)
             ^^^^^^^^^^^^^^^^^^^^^^
..\..\dark-factory-wearedevs\.venv\Lib\site-packages\httpcore\_sync\connection.py:124: in _connect
    stream = self._network_backend.connect_tcp(**kwargs)
             ^^^^^^^^^^^^^^^^^^^^^^^^^^^^^^^^^^^^^^^^^^^
..\..\dark-factory-wearedevs\.venv\Lib\site-packages\httpcore\_backends\sync.py:207: in connect_tcp
    with map_exceptions(exc_map):
         ^^^^^^^^^^^^^^^^^^^^^^^
..\..\..\..\AppData\Local\Programs\Python\Python312\Lib\contextlib.py:158: in __exit__
    self.gen.throw(value)
_ _ _ _ _ _ _ _ _ _ _ _ _ _ _ _ _ _ _ _ _ _ _ _ _ _ _ _ _ _ _ _ _ _ _ _ _ _ _ _

map = {<class 'TimeoutError'>: <class 'httpcore.ConnectTimeout'>, <class 'OSError'>: <class 'httpcore.ConnectError'>}

    @contextlib.contextmanager
    def map_exceptions(map: ExceptionMapping) -> typing.Iterator[None]:
        try:
            yield
        except Exception as exc:  # noqa: PIE786
            for from_exc, to_exc in map.items():
                if isinstance(exc, from_exc):
>                   raise to_exc(exc) from exc
E                   httpcore.ConnectError: [WinError 10061] No connection could be made because the target machine actively refused it

..\..\dark-factory-wearedevs\.venv\Lib\site-packages\httpcore\_exceptions.py:14: ConnectError

The above exception was the direct cause of the following exception:

reset = <function reset.<locals>._reset at 0x000001DDF9AA9BC0>
api = <function api.<locals>._api at 0x000001DDF9AA9080>

    @pytest.fixture
    def world(reset, api):
        fixture = fx.fixture()
>       reset(fixture)

C:\Users\HARIHA~1\AppData\Local\Temp\umbra-1125eee4-rmyw6v3j\repo\verify\stage-1\conftest.py:55: 
_ _ _ _ _ _ _ _ _ _ _ _ _ _ _ _ _ _ _ _ _ _ _ _ _ _ _ _ _ _ _ _ _ _ _ _ _ _ _ _
C:\Users\HARIHA~1\AppData\Local\Temp\umbra-1125eee4-rmyw6v3j\repo\verify\stage-1\conftest.py:30: in _reset
    resp = httpx.post(f"{base_url}/_test/reset", json=fixture, timeout=RESET_TIMEOUT)
           ^^^^^^^^^^^^^^^^^^^^^^^^^^^^^^^^^^^^^^^^^^^^^^^^^^^^^^^^^^^^^^^^^^^^^^^^^^
..\..\dark-factory-wearedevs\.venv\Lib\site-packages\httpx\_api.py:304: in post
    return request(
..\..\dark-factory-wearedevs\.venv\Lib\site-packages\httpx\_api.py:109: in request
    return client.request(
..\..\dark-factory-wearedevs\.venv\Lib\site-packages\httpx\_client.py:825: in request
    return self.send(request, auth=auth, follow_redirects=follow_redirects)
           ^^^^^^^^^^^^^^^^^^^^^^^^^^^^^^^^^^^^^^^^^^^^^^^^^^^^^^^^^^^^^^^^
..\..\dark-factory-wearedevs\.venv\Lib\site-packages\httpx\_client.py:914: in send
    response = self._send_handling_auth(
..\..\dark-factory-wearedevs\.venv\Lib\site-packages\httpx\_client.py:942: in _send_handling_auth
    response = self._send_handling_redirects(
..\..\dark-factory-wearedevs\.venv\Lib\site-packages\httpx\_client.py:979: in _send_handling_redirects
    response = self._send_single_request(request)
               ^^^^^^^^^^^^^^^^^^^^^^^^^^^^^^^^^^
..\..\dark-factory-wearedevs\.venv\Lib\site-packages\httpx\_client.py:1014: in _send_single_request
    response = transport.handle_request(request)
               ^^^^^^^^^^^^^^^^^^^^^^^^^^^^^^^^^
..\..\dark-factory-wearedevs\.venv\Lib\site-packages\httpx\_transports\default.py:249: in handle_request
    with map_httpcore_exceptions():
         ^^^^^^^^^^^^^^^^^^^^^^^^^
..\..\..\..\AppData\Local\Programs\Python\Python312\Lib\contextlib.py:158: in __exit__
    self.gen.throw(value)
_ _ _ _ _ _ _ _ _ _ _ _ _ _ _ _ _ _ _ _ _ _ _ _ _ _ _ _ _ _ _ _ _ _ _ _ _ _ _ _

    @contextlib.contextmanager
    def map_httpcore_exceptions() -> typing.Iterator[None]:
        global HTTPCORE_EXC_MAP
        if len(HTTPCORE_EXC_MAP) == 0:
            HTTPCORE_EXC_MAP = _load_httpcore_exceptions()
        try:
            yield
        except Exception as exc:
            mapped_exc = None
    
            for from_exc, to_exc in HTTPCORE_EXC_MAP.items():
                if not isinstance(exc, from_exc):
                    continue
                # We want to map to the most specific exception we can find.
                # Eg if `exc` is an `httpcore.ReadTimeout`, we want to map to
                # `httpx.ReadTimeout`, not just `httpx.TimeoutException`.
                if mapped_exc is None or issubclass(to_exc, mapped_exc):
                    mapped_exc = to_exc
    
            if mapped_exc is None:  # pragma: no cover
                raise
    
            message = str(exc)
>           raise mapped_exc(message) from exc
E           httpx.ConnectError: [WinError 10061] No connection could be made because the target machine actively refused it

..\..\dark-factory-wearedevs\.venv\Lib\site-packages\httpx\_transports\default.py:118: ConnectError
___________________ ERROR at setup of test_s1_c11_me_shape ____________________

    @contextlib.contextmanager
    def map_httpcore_exceptions() -> typing.Iterator[None]:
        global HTTPCORE_EXC_MAP
        if len(HTTPCORE_EXC_MAP) == 0:
            HTTPCORE_EXC_MAP = _load_httpcore_exceptions()
        try:
>           yield

..\..\dark-factory-wearedevs\.venv\Lib\site-packages\httpx\_transports\default.py:101: 
_ _ _ _ _ _ _ _ _ _ _ _ _ _ _ _ _ _ _ _ _ _ _ _ _ _ _ _ _ _ _ _ _ _ _ _ _ _ _ _
..\..\dark-factory-wearedevs\.venv\Lib\site-packages\httpx\_transports\default.py:250: in handle_request
    resp = self._pool.handle_request(req)
           ^^^^^^^^^^^^^^^^^^^^^^^^^^^^^^
..\..\dark-factory-wearedevs\.venv\Lib\site-packages\httpcore\_sync\connection_pool.py:256: in handle_request
    raise exc from None
..\..\dark-factory-wearedevs\.venv\Lib\site-packages\httpcore\_sync\connection_pool.py:236: in handle_request
    response = connection.handle_request(
..\..\dark-factory-wearedevs\.venv\Lib\site-packages\httpcore\_sync\connection.py:101: in handle_request
    raise exc
..\..\dark-factory-wearedevs\.venv\Lib\site-packages\httpcore\_sync\connection.py:78: in handle_request
    stream = self._connect(request)
             ^^^^^^^^^^^^^^^^^^^^^^
..\..\dark-factory-wearedevs\.venv\Lib\site-packages\httpcore\_sync\connection.py:124: in _connect
    stream = self._network_backend.connect_tcp(**kwargs)
             ^^^^^^^^^^^^^^^^^^^^^^^^^^^^^^^^^^^^^^^^^^^
..\..\dark-factory-wearedevs\.venv\Lib\site-packages\httpcore\_backends\sync.py:207: in connect_tcp
    with map_exceptions(exc_map):
         ^^^^^^^^^^^^^^^^^^^^^^^
..\..\..\..\AppData\Local\Programs\Python\Python312\Lib\contextlib.py:158: in __exit__
    self.gen.throw(value)
_ _ _ _ _ _ _ _ _ _ _ _ _ _ _ _ _ _ _ _ _ _ _ _ _ _ _ _ _ _ _ _ _ _ _ _ _ _ _ _

map = {<class 'TimeoutError'>: <class 'httpcore.ConnectTimeout'>, <class 'OSError'>: <class 'httpcore.ConnectError'>}

    @contextlib.contextmanager
    def map_exceptions(map: ExceptionMapping) -> typing.Iterator[None]:
        try:
            yield
        except Exception as exc:  # noqa: PIE786
            for from_exc, to_exc in map.items():
                if isinstance(exc, from_exc):
>                   raise to_exc(exc) from exc
E                   httpcore.ConnectError: [WinError 10061] No connection could be made because the target machine actively refused it

..\..\dark-factory-wearedevs\.venv\Lib\site-packages\httpcore\_exceptions.py:14: ConnectError

The above exception was the direct cause of the following exception:

reset = <function reset.<locals>._reset at 0x000001DDF9AD9E40>
api = <function api.<locals>._api at 0x000001DDF9AD9C60>

    @pytest.fixture
    def world(reset, api):
        fixture = fx.fixture()
>       reset(fixture)

C:\Users\HARIHA~1\AppData\Local\Temp\umbra-1125eee4-rmyw6v3j\repo\verify\stage-1\conftest.py:55: 
_ _ _ _ _ _ _ _ _ _ _ _ _ _ _ _ _ _ _ _ _ _ _ _ _ _ _ _ _ _ _ _ _ _ _ _ _ _ _ _
C:\Users\HARIHA~1\AppData\Local\Temp\umbra-1125eee4-rmyw6v3j\repo\verify\stage-1\conftest.py:30: in _reset
    resp = httpx.post(f"{base_url}/_test/reset", json=fixture, timeout=RESET_TIMEOUT)
           ^^^^^^^^^^^^^^^^^^^^^^^^^^^^^^^^^^^^^^^^^^^^^^^^^^^^^^^^^^^^^^^^^^^^^^^^^^
..\..\dark-factory-wearedevs\.venv\Lib\site-packages\httpx\_api.py:304: in post
    return request(
..\..\dark-factory-wearedevs\.venv\Lib\site-packages\httpx\_api.py:109: in request
    return client.request(
..\..\dark-factory-wearedevs\.venv\Lib\site-packages\httpx\_client.py:825: in request
    return self.send(request, auth=auth, follow_redirects=follow_redirects)
           ^^^^^^^^^^^^^^^^^^^^^^^^^^^^^^^^^^^^^^^^^^^^^^^^^^^^^^^^^^^^^^^^
..\..\dark-factory-wearedevs\.venv\Lib\site-packages\httpx\_client.py:914: in send
    response = self._send_handling_auth(
..\..\dark-factory-wearedevs\.venv\Lib\site-packages\httpx\_client.py:942: in _send_handling_auth
    response = self._send_handling_redirects(
..\..\dark-factory-wearedevs\.venv\Lib\site-packages\httpx\_client.py:979: in _send_handling_redirects
    response = self._send_single_request(request)
               ^^^^^^^^^^^^^^^^^^^^^^^^^^^^^^^^^^
..\..\dark-factory-wearedevs\.venv\Lib\site-packages\httpx\_client.py:1014: in _send_single_request
    response = transport.handle_request(request)
               ^^^^^^^^^^^^^^^^^^^^^^^^^^^^^^^^^
..\..\dark-factory-wearedevs\.venv\Lib\site-packages\httpx\_transports\default.py:249: in handle_request
    with map_httpcore_exceptions():
         ^^^^^^^^^^^^^^^^^^^^^^^^^
..\..\..\..\AppData\Local\Programs\Python\Python312\Lib\contextlib.py:158: in __exit__
    self.gen.throw(value)
_ _ _ _ _ _ _ _ _ _ _ _ _ _ _ _ _ _ _ _ _ _ _ _ _ _ _ _ _ _ _ _ _ _ _ _ _ _ _ _

    @contextlib.contextmanager
    def map_httpcore_exceptions() -> typing.Iterator[None]:
        global HTTPCORE_EXC_MAP
        if len(HTTPCORE_EXC_MAP) == 0:
            HTTPCORE_EXC_MAP = _load_httpcore_exceptions()
        try:
            yield
        except Exception as exc:
            mapped_exc = None
    
            for from_exc, to_exc in HTTPCORE_EXC_MAP.items():
                if not isinstance(exc, from_exc):
                    continue
                # We want to map to the most specific exception we can find.
                # Eg if `exc` is an `httpcore.ReadTimeout`, we want to map to
                # `httpx.ReadTimeout`, not just `httpx.TimeoutException`.
                if mapped_exc is None or issubclass(to_exc, mapped_exc):
                    mapped_exc = to_exc
    
            if mapped_exc is None:  # pragma: no cover
                raise
    
            message = str(exc)
>           raise mapped_exc(message) from exc
E           httpx.ConnectError: [WinError 10061] No connection could be made because the target machine actively refused it

..\..\dark-factory-wearedevs\.venv\Lib\site-packages\httpx\_transports\default.py:118: ConnectError
___________ ERROR at setup of test_s1_c12_payment_defaults_and_move ___________

    @contextlib.contextmanager
    def map_httpcore_exceptions() -> typing.Iterator[None]:
        global HTTPCORE_EXC_MAP
        if len(HTTPCORE_EXC_MAP) == 0:
            HTTPCORE_EXC_MAP = _load_httpcore_exceptions()
        try:
>           yield

..\..\dark-factory-wearedevs\.venv\Lib\site-packages\httpx\_transports\default.py:101: 
_ _ _ _ _ _ _ _ _ _ _ _ _ _ _ _ _ _ _ _ _ _ _ _ _ _ _ _ _ _ _ _ _ _ _ _ _ _ _ _
..\..\dark-factory-wearedevs\.venv\Lib\site-packages\httpx\_transports\default.py:250: in handle_request
    resp = self._pool.handle_request(req)
           ^^^^^^^^^^^^^^^^^^^^^^^^^^^^^^
..\..\dark-factory-wearedevs\.venv\Lib\site-packages\httpcore\_sync\connection_pool.py:256: in handle_request
    raise exc from None
..\..\dark-factory-wearedevs\.venv\Lib\site-packages\httpcore\_sync\connection_pool.py:236: in handle_request
    response = connection.handle_request(
..\..\dark-factory-wearedevs\.venv\Lib\site-packages\httpcore\_sync\connection.py:101: in handle_request
    raise exc
..\..\dark-factory-wearedevs\.venv\Lib\site-packages\httpcore\_sync\connection.py:78: in handle_request
    stream = self._connect(request)
             ^^^^^^^^^^^^^^^^^^^^^^
..\..\dark-factory-wearedevs\.venv\Lib\site-packages\httpcore\_sync\connection.py:124: in _connect
    stream = self._network_backend.connect_tcp(**kwargs)
             ^^^^^^^^^^^^^^^^^^^^^^^^^^^^^^^^^^^^^^^^^^^
..\..\dark-factory-wearedevs\.venv\Lib\site-packages\httpcore\_backends\sync.py:207: in connect_tcp
    with map_exceptions(exc_map):
         ^^^^^^^^^^^^^^^^^^^^^^^
..\..\..\..\AppData\Local\Programs\Python\Python312\Lib\contextlib.py:158: in __exit__
    self.gen.throw(value)
_ _ _ _ _ _ _ _ _ _ _ _ _ _ _ _ _ _ _ _ _ _ _ _ _ _ _ _ _ _ _ _ _ _ _ _ _ _ _ _

map = {<class 'TimeoutError'>: <class 'httpcore.ConnectTimeout'>, <class 'OSError'>: <class 'httpcore.ConnectError'>}

    @contextlib.contextmanager
    def map_exceptions(map: ExceptionMapping) -> typing.Iterator[None]:
        try:
            yield
        except Exception as exc:  # noqa: PIE786
            for from_exc, to_exc in map.items():
                if isinstance(exc, from_exc):
>                   raise to_exc(exc) from exc
E                   httpcore.ConnectError: [WinError 10061] No connection could be made because the target machine actively refused it

..\..\dark-factory-wearedevs\.venv\Lib\site-packages\httpcore\_exceptions.py:14: ConnectError

The above exception was the direct cause of the following exception:

reset = <function reset.<locals>._reset at 0x000001DDF9AA9080>
api = <function api.<locals>._api at 0x000001DDF9AA9BC0>

    @pytest.fixture
    def world(reset, api):
        fixture = fx.fixture()
>       reset(fixture)

C:\Users\HARIHA~1\AppData\Local\Temp\umbra-1125eee4-rmyw6v3j\repo\verify\stage-1\conftest.py:55: 
_ _ _ _ _ _ _ _ _ _ _ _ _ _ _ _ _ _ _ _ _ _ _ _ _ _ _ _ _ _ _ _ _ _ _ _ _ _ _ _
C:\Users\HARIHA~1\AppData\Local\Temp\umbra-1125eee4-rmyw6v3j\repo\verify\stage-1\conftest.py:30: in _reset
    resp = httpx.post(f"{base_url}/_test/reset", json=fixture, timeout=RESET_TIMEOUT)
           ^^^^^^^^^^^^^^^^^^^^^^^^^^^^^^^^^^^^^^^^^^^^^^^^^^^^^^^^^^^^^^^^^^^^^^^^^^
..\..\dark-factory-wearedevs\.venv\Lib\site-packages\httpx\_api.py:304: in post
    return request(
..\..\dark-factory-wearedevs\.venv\Lib\site-packages\httpx\_api.py:109: in request
    return client.request(
..\..\dark-factory-wearedevs\.venv\Lib\site-packages\httpx\_client.py:825: in request
    return self.send(request, auth=auth, follow_redirects=follow_redirects)
           ^^^^^^^^^^^^^^^^^^^^^^^^^^^^^^^^^^^^^^^^^^^^^^^^^^^^^^^^^^^^^^^^
..\..\dark-factory-wearedevs\.venv\Lib\site-packages\httpx\_client.py:914: in send
    response = self._send_handling_auth(
..\..\dark-factory-wearedevs\.venv\Lib\site-packages\httpx\_client.py:942: in _send_handling_auth
    response = self._send_handling_redirects(
..\..\dark-factory-wearedevs\.venv\Lib\site-packages\httpx\_client.py:979: in _send_handling_redirects
    response = self._send_single_request(request)
               ^^^^^^^^^^^^^^^^^^^^^^^^^^^^^^^^^^
..\..\dark-factory-wearedevs\.venv\Lib\site-packages\httpx\_client.py:1014: in _send_single_request
    response = transport.handle_request(request)
               ^^^^^^^^^^^^^^^^^^^^^^^^^^^^^^^^^
..\..\dark-factory-wearedevs\.venv\Lib\site-packages\httpx\_transports\default.py:249: in handle_request
    with map_httpcore_exceptions():
         ^^^^^^^^^^^^^^^^^^^^^^^^^
..\..\..\..\AppData\Local\Programs\Python\Python312\Lib\contextlib.py:158: in __exit__
    self.gen.throw(value)
_ _ _ _ _ _ _ _ _ _ _ _ _ _ _ _ _ _ _ _ _ _ _ _ _ _ _ _ _ _ _ _ _ _ _ _ _ _ _ _

    @contextlib.contextmanager
    def map_httpcore_exceptions() -> typing.Iterator[None]:
        global HTTPCORE_EXC_MAP
        if len(HTTPCORE_EXC_MAP) == 0:
            HTTPCORE_EXC_MAP = _load_httpcore_exceptions()
        try:
            yield
        except Exception as exc:
            mapped_exc = None
    
            for from_exc, to_exc in HTTPCORE_EXC_MAP.items():
                if not isinstance(exc, from_exc):
                    continue
                # We want to map to the most specific exception we can find.
                # Eg if `exc` is an `httpcore.ReadTimeout`, we want to map to
                # `httpx.ReadTimeout`, not just `httpx.TimeoutException`.
                if mapped_exc is None or issubclass(to_exc, mapped_exc):
                    mapped_exc = to_exc
    
            if mapped_exc is None:  # pragma: no cover
                raise
    
            message = str(exc)
>           raise mapped_exc(message) from exc
E           httpx.ConnectError: [WinError 10061] No connection could be made because the target machine actively refused it

..\..\dark-factory-wearedevs\.venv\Lib\site-packages\httpx\_transports\default.py:118: ConnectError
___________ ERROR at setup of test_s1_c12_payment_optional_defaults ___________

    @contextlib.contextmanager
    def map_httpcore_exceptions() -> typing.Iterator[None]:
        global HTTPCORE_EXC_MAP
        if len(HTTPCORE_EXC_MAP) == 0:
            HTTPCORE_EXC_MAP = _load_httpcore_exceptions()
        try:
>           yield

..\..\dark-factory-wearedevs\.venv\Lib\site-packages\httpx\_transports\default.py:101: 
_ _ _ _ _ _ _ _ _ _ _ _ _ _ _ _ _ _ _ _ _ _ _ _ _ _ _ _ _ _ _ _ _ _ _ _ _ _ _ _
..\..\dark-factory-wearedevs\.venv\Lib\site-packages\httpx\_transports\default.py:250: in handle_request
    resp = self._pool.handle_request(req)
           ^^^^^^^^^^^^^^^^^^^^^^^^^^^^^^
..\..\dark-factory-wearedevs\.venv\Lib\site-packages\httpcore\_sync\connection_pool.py:256: in handle_request
    raise exc from None
..\..\dark-factory-wearedevs\.venv\Lib\site-packages\httpcore\_sync\connection_pool.py:236: in handle_request
    response = connection.handle_request(
..\..\dark-factory-wearedevs\.venv\Lib\site-packages\httpcore\_sync\connection.py:101: in handle_request
    raise exc
..\..\dark-factory-wearedevs\.venv\Lib\site-packages\httpcore\_sync\connection.py:78: in handle_request
    stream = self._connect(request)
             ^^^^^^^^^^^^^^^^^^^^^^
..\..\dark-factory-wearedevs\.venv\Lib\site-packages\httpcore\_sync\connection.py:124: in _connect
    stream = self._network_backend.connect_tcp(**kwargs)
             ^^^^^^^^^^^^^^^^^^^^^^^^^^^^^^^^^^^^^^^^^^^
..\..\dark-factory-wearedevs\.venv\Lib\site-packages\httpcore\_backends\sync.py:207: in connect_tcp
    with map_exceptions(exc_map):
         ^^^^^^^^^^^^^^^^^^^^^^^
..\..\..\..\AppData\Local\Programs\Python\Python312\Lib\contextlib.py:158: in __exit__
    self.gen.throw(value)
_ _ _ _ _ _ _ _ _ _ _ _ _ _ _ _ _ _ _ _ _ _ _ _ _ _ _ _ _ _ _ _ _ _ _ _ _ _ _ _

map = {<class 'TimeoutError'>: <class 'httpcore.ConnectTimeout'>, <class 'OSError'>: <class 'httpcore.ConnectError'>}

    @contextlib.contextmanager
    def map_exceptions(map: ExceptionMapping) -> typing.Iterator[None]:
        try:
            yield
        except Exception as exc:  # noqa: PIE786
            for from_exc, to_exc in map.items():
                if isinstance(exc, from_exc):
>                   raise to_exc(exc) from exc
E                   httpcore.ConnectError: [WinError 10061] No connection could be made because the target machine actively refused it

..\..\dark-factory-wearedevs\.venv\Lib\site-packages\httpcore\_exceptions.py:14: ConnectError

The above exception was the direct cause of the following exception:

reset = <function reset.<locals>._reset at 0x000001DDF9ADA340>
api = <function api.<locals>._api at 0x000001DDF9ADA480>

    @pytest.fixture
    def world(reset, api):
        fixture = fx.fixture()
>       reset(fixture)

C:\Users\HARIHA~1\AppData\Local\Temp\umbra-1125eee4-rmyw6v3j\repo\verify\stage-1\conftest.py:55: 
_ _ _ _ _ _ _ _ _ _ _ _ _ _ _ _ _ _ _ _ _ _ _ _ _ _ _ _ _ _ _ _ _ _ _ _ _ _ _ _
C:\Users\HARIHA~1\AppData\Local\Temp\umbra-1125eee4-rmyw6v3j\repo\verify\stage-1\conftest.py:30: in _reset
    resp = httpx.post(f"{base_url}/_test/reset", json=fixture, timeout=RESET_TIMEOUT)
           ^^^^^^^^^^^^^^^^^^^^^^^^^^^^^^^^^^^^^^^^^^^^^^^^^^^^^^^^^^^^^^^^^^^^^^^^^^
..\..\dark-factory-wearedevs\.venv\Lib\site-packages\httpx\_api.py:304: in post
    return request(
..\..\dark-factory-wearedevs\.venv\Lib\site-packages\httpx\_api.py:109: in request
    return client.request(
..\..\dark-factory-wearedevs\.venv\Lib\site-packages\httpx\_client.py:825: in request
    return self.send(request, auth=auth, follow_redirects=follow_redirects)
           ^^^^^^^^^^^^^^^^^^^^^^^^^^^^^^^^^^^^^^^^^^^^^^^^^^^^^^^^^^^^^^^^
..\..\dark-factory-wearedevs\.venv\Lib\site-packages\httpx\_client.py:914: in send
    response = self._send_handling_auth(
..\..\dark-factory-wearedevs\.venv\Lib\site-packages\httpx\_client.py:942: in _send_handling_auth
    response = self._send_handling_redirects(
..\..\dark-factory-wearedevs\.venv\Lib\site-packages\httpx\_client.py:979: in _send_handling_redirects
    response = self._send_single_request(request)
               ^^^^^^^^^^^^^^^^^^^^^^^^^^^^^^^^^^
..\..\dark-factory-wearedevs\.venv\Lib\site-packages\httpx\_client.py:1014: in _send_single_request
    response = transport.handle_request(request)
               ^^^^^^^^^^^^^^^^^^^^^^^^^^^^^^^^^
..\..\dark-factory-wearedevs\.venv\Lib\site-packages\httpx\_transports\default.py:249: in handle_request
    with map_httpcore_exceptions():
         ^^^^^^^^^^^^^^^^^^^^^^^^^
..\..\..\..\AppData\Local\Programs\Python\Python312\Lib\contextlib.py:158: in __exit__
    self.gen.throw(value)
_ _ _ _ _ _ _ _ _ _ _ _ _ _ _ _ _ _ _ _ _ _ _ _ _ _ _ _ _ _ _ _ _ _ _ _ _ _ _ _

    @contextlib.contextmanager
    def map_httpcore_exceptions() -> typing.Iterator[None]:
        global HTTPCORE_EXC_MAP
        if len(HTTPCORE_EXC_MAP) == 0:
            HTTPCORE_EXC_MAP = _load_httpcore_exceptions()
        try:
            yield
        except Exception as exc:
            mapped_exc = None
    
            for from_exc, to_exc in HTTPCORE_EXC_MAP.items():
                if not isinstance(exc, from_exc):
                    continue
                # We want to map to the most specific exception we can find.
                # Eg if `exc` is an `httpcore.ReadTimeout`, we want to map to
                # `httpx.ReadTimeout`, not just `httpx.TimeoutException`.
                if mapped_exc is None or issubclass(to_exc, mapped_exc):
                    mapped_exc = to_exc
    
            if mapped_exc is None:  # pragma: no cover
                raise
    
            message = str(exc)
>           raise mapped_exc(message) from exc
E           httpx.ConnectError: [WinError 10061] No connection could be made because the target machine actively refused it

..\..\dark-factory-wearedevs\.venv\Lib\site-packages\httpx\_transports\default.py:118: ConnectError
_________________ ERROR at setup of test_s1_c12_note_verbatim _________________

    @contextlib.contextmanager
    def map_httpcore_exceptions() -> typing.Iterator[None]:
        global HTTPCORE_EXC_MAP
        if len(HTTPCORE_EXC_MAP) == 0:
            HTTPCORE_EXC_MAP = _load_httpcore_exceptions()
        try:
>           yield

..\..\dark-factory-wearedevs\.venv\Lib\site-packages\httpx\_transports\default.py:101: 
_ _ _ _ _ _ _ _ _ _ _ _ _ _ _ _ _ _ _ _ _ _ _ _ _ _ _ _ _ _ _ _ _ _ _ _ _ _ _ _
..\..\dark-factory-wearedevs\.venv\Lib\site-packages\httpx\_transports\default.py:250: in handle_request
    resp = self._pool.handle_request(req)
           ^^^^^^^^^^^^^^^^^^^^^^^^^^^^^^
..\..\dark-factory-wearedevs\.venv\Lib\site-packages\httpcore\_sync\connection_pool.py:256: in handle_request
    raise exc from None
..\..\dark-factory-wearedevs\.venv\Lib\site-packages\httpcore\_sync\connection_pool.py:236: in handle_request
    response = connection.handle_request(
..\..\dark-factory-wearedevs\.venv\Lib\site-packages\httpcore\_sync\connection.py:101: in handle_request
    raise exc
..\..\dark-factory-wearedevs\.venv\Lib\site-packages\httpcore\_sync\connection.py:78: in handle_request
    stream = self._connect(request)
             ^^^^^^^^^^^^^^^^^^^^^^
..\..\dark-factory-wearedevs\.venv\Lib\site-packages\httpcore\_sync\connection.py:124: in _connect
    stream = self._network_backend.connect_tcp(**kwargs)
             ^^^^^^^^^^^^^^^^^^^^^^^^^^^^^^^^^^^^^^^^^^^
..\..\dark-factory-wearedevs\.venv\Lib\site-packages\httpcore\_backends\sync.py:207: in connect_tcp
    with map_exceptions(exc_map):
         ^^^^^^^^^^^^^^^^^^^^^^^
..\..\..\..\AppData\Local\Programs\Python\Python312\Lib\contextlib.py:158: in __exit__
    self.gen.throw(value)
_ _ _ _ _ _ _ _ _ _ _ _ _ _ _ _ _ _ _ _ _ _ _ _ _ _ _ _ _ _ _ _ _ _ _ _ _ _ _ _

map = {<class 'TimeoutError'>: <class 'httpcore.ConnectTimeout'>, <class 'OSError'>: <class 'httpcore.ConnectError'>}

    @contextlib.contextmanager
    def map_exceptions(map: ExceptionMapping) -> typing.Iterator[None]:
        try:
            yield
        except Exception as exc:  # noqa: PIE786
            for from_exc, to_exc in map.items():
                if isinstance(exc, from_exc):
>                   raise to_exc(exc) from exc
E                   httpcore.ConnectError: [WinError 10061] No connection could be made because the target machine actively refused it

..\..\dark-factory-wearedevs\.venv\Lib\site-packages\httpcore\_exceptions.py:14: ConnectError

The above exception was the direct cause of the following exception:

reset = <function reset.<locals>._reset at 0x000001DDF9ADAA20>
api = <function api.<locals>._api at 0x000001DDF9ADAB60>

    @pytest.fixture
    def world(reset, api):
        fixture = fx.fixture()
>       reset(fixture)

C:\Users\HARIHA~1\AppData\Local\Temp\umbra-1125eee4-rmyw6v3j\repo\verify\stage-1\conftest.py:55: 
_ _ _ _ _ _ _ _ _ _ _ _ _ _ _ _ _ _ _ _ _ _ _ _ _ _ _ _ _ _ _ _ _ _ _ _ _ _ _ _
C:\Users\HARIHA~1\AppData\Local\Temp\umbra-1125eee4-rmyw6v3j\repo\verify\stage-1\conftest.py:30: in _reset
    resp = httpx.post(f"{base_url}/_test/reset", json=fixture, timeout=RESET_TIMEOUT)
           ^^^^^^^^^^^^^^^^^^^^^^^^^^^^^^^^^^^^^^^^^^^^^^^^^^^^^^^^^^^^^^^^^^^^^^^^^^
..\..\dark-factory-wearedevs\.venv\Lib\site-packages\httpx\_api.py:304: in post
    return request(
..\..\dark-factory-wearedevs\.venv\Lib\site-packages\httpx\_api.py:109: in request
    return client.request(
..\..\dark-factory-wearedevs\.venv\Lib\site-packages\httpx\_client.py:825: in request
    return self.send(request, auth=auth, follow_redirects=follow_redirects)
           ^^^^^^^^^^^^^^^^^^^^^^^^^^^^^^^^^^^^^^^^^^^^^^^^^^^^^^^^^^^^^^^^
..\..\dark-factory-wearedevs\.venv\Lib\site-packages\httpx\_client.py:914: in send
    response = self._send_handling_auth(
..\..\dark-factory-wearedevs\.venv\Lib\site-packages\httpx\_client.py:942: in _send_handling_auth
    response = self._send_handling_redirects(
..\..\dark-factory-wearedevs\.venv\Lib\site-packages\httpx\_client.py:979: in _send_handling_redirects
    response = self._send_single_request(request)
               ^^^^^^^^^^^^^^^^^^^^^^^^^^^^^^^^^^
..\..\dark-factory-wearedevs\.venv\Lib\site-packages\httpx\_client.py:1014: in _send_single_request
    response = transport.handle_request(request)
               ^^^^^^^^^^^^^^^^^^^^^^^^^^^^^^^^^
..\..\dark-factory-wearedevs\.venv\Lib\site-packages\httpx\_transports\default.py:249: in handle_request
    with map_httpcore_exceptions():
         ^^^^^^^^^^^^^^^^^^^^^^^^^
..\..\..\..\AppData\Local\Programs\Python\Python312\Lib\contextlib.py:158: in __exit__
    self.gen.throw(value)
_ _ _ _ _ _ _ _ _ _ _ _ _ _ _ _ _ _ _ _ _ _ _ _ _ _ _ _ _ _ _ _ _ _ _ _ _ _ _ _

    @contextlib.contextmanager
    def map_httpcore_exceptions() -> typing.Iterator[None]:
        global HTTPCORE_EXC_MAP
        if len(HTTPCORE_EXC_MAP) == 0:
            HTTPCORE_EXC_MAP = _load_httpcore_exceptions()
        try:
            yield
        except Exception as exc:
            mapped_exc = None
    
            for from_exc, to_exc in HTTPCORE_EXC_MAP.items():
                if not isinstance(exc, from_exc):
                    continue
                # We want to map to the most specific exception we can find.
                # Eg if `exc` is an `httpcore.ReadTimeout`, we want to map to
                # `httpx.ReadTimeout`, not just `httpx.TimeoutException`.
                if mapped_exc is None or issubclass(to_exc, mapped_exc):
                    mapped_exc = to_exc
    
            if mapped_exc is None:  # pragma: no cover
                raise
    
            message = str(exc)
>           raise mapped_exc(message) from exc
E           httpx.ConnectError: [WinError 10061] No connection could be made because the target machine actively refused it

..\..\dark-factory-wearedevs\.venv\Lib\site-packages\httpx\_transports\default.py:118: ConnectError
__________ ERROR at setup of test_s1_c12_integral_amount_forms[1000] __________

    @contextlib.contextmanager
    def map_httpcore_exceptions() -> typing.Iterator[None]:
        global HTTPCORE_EXC_MAP
        if len(HTTPCORE_EXC_MAP) == 0:
            HTTPCORE_EXC_MAP = _load_httpcore_exceptions()
        try:
>           yield

..\..\dark-factory-wearedevs\.venv\Lib\site-packages\httpx\_transports\default.py:101: 
_ _ _ _ _ _ _ _ _ _ _ _ _ _ _ _ _ _ _ _ _ _ _ _ _ _ _ _ _ _ _ _ _ _ _ _ _ _ _ _
..\..\dark-factory-wearedevs\.venv\Lib\site-packages\httpx\_transports\default.py:250: in handle_request
    resp = self._pool.handle_request(req)
           ^^^^^^^^^^^^^^^^^^^^^^^^^^^^^^
..\..\dark-factory-wearedevs\.venv\Lib\site-packages\httpcore\_sync\connection_pool.py:256: in handle_request
    raise exc from None
..\..\dark-factory-wearedevs\.venv\Lib\site-packages\httpcore\_sync\connection_pool.py:236: in handle_request
    response = connection.handle_request(
..\..\dark-factory-wearedevs\.venv\Lib\site-packages\httpcore\_sync\connection.py:101: in handle_request
    raise exc
..\..\dark-factory-wearedevs\.venv\Lib\site-packages\httpcore\_sync\connection.py:78: in handle_request
    stream = self._connect(request)
             ^^^^^^^^^^^^^^^^^^^^^^
..\..\dark-factory-wearedevs\.venv\Lib\site-packages\httpcore\_sync\connection.py:124: in _connect
    stream = self._network_backend.connect_tcp(**kwargs)
             ^^^^^^^^^^^^^^^^^^^^^^^^^^^^^^^^^^^^^^^^^^^
..\..\dark-factory-wearedevs\.venv\Lib\site-packages\httpcore\_backends\sync.py:207: in connect_tcp
    with map_exceptions(exc_map):
         ^^^^^^^^^^^^^^^^^^^^^^^
..\..\..\..\AppData\Local\Programs\Python\Python312\Lib\contextlib.py:158: in __exit__
    self.gen.throw(value)
_ _ _ _ _ _ _ _ _ _ _ _ _ _ _ _ _ _ _ _ _ _ _ _ _ _ _ _ _ _ _ _ _ _ _ _ _ _ _ _

map = {<class 'TimeoutError'>: <class 'httpcore.ConnectTimeout'>, <class 'OSError'>: <class 'httpcore.ConnectError'>}

    @contextlib.contextmanager
    def map_exceptions(map: ExceptionMapping) -> typing.Iterator[None]:
        try:
            yield
        except Exception as exc:  # noqa: PIE786
            for from_exc, to_exc in map.items():
                if isinstance(exc, from_exc):
>                   raise to_exc(exc) from exc
E                   httpcore.ConnectError: [WinError 10061] No connection could be made because the target machine actively refused it

..\..\dark-factory-wearedevs\.venv\Lib\site-packages\httpcore\_exceptions.py:14: ConnectError

The above exception was the direct cause of the following exception:

reset = <function reset.<locals>._reset at 0x000001DDF9ADB100>
api = <function api.<locals>._api at 0x000001DDF9ADAF20>

    @pytest.fixture
    def world(reset, api):
        fixture = fx.fixture()
>       reset(fixture)

C:\Users\HARIHA~1\AppData\Local\Temp\umbra-1125eee4-rmyw6v3j\repo\verify\stage-1\conftest.py:55: 
_ _ _ _ _ _ _ _ _ _ _ _ _ _ _ _ _ _ _ _ _ _ _ _ _ _ _ _ _ _ _ _ _ _ _ _ _ _ _ _
C:\Users\HARIHA~1\AppData\Local\Temp\umbra-1125eee4-rmyw6v3j\repo\verify\stage-1\conftest.py:30: in _reset
    resp = httpx.post(f"{base_url}/_test/reset", json=fixture, timeout=RESET_TIMEOUT)
           ^^^^^^^^^^^^^^^^^^^^^^^^^^^^^^^^^^^^^^^^^^^^^^^^^^^^^^^^^^^^^^^^^^^^^^^^^^
..\..\dark-factory-wearedevs\.venv\Lib\site-packages\httpx\_api.py:304: in post
    return request(
..\..\dark-factory-wearedevs\.venv\Lib\site-packages\httpx\_api.py:109: in request
    return client.request(
..\..\dark-factory-wearedevs\.venv\Lib\site-packages\httpx\_client.py:825: in request
    return self.send(request, auth=auth, follow_redirects=follow_redirects)
           ^^^^^^^^^^^^^^^^^^^^^^^^^^^^^^^^^^^^^^^^^^^^^^^^^^^^^^^^^^^^^^^^
..\..\dark-factory-wearedevs\.venv\Lib\site-packages\httpx\_client.py:914: in send
    response = self._send_handling_auth(
..\..\dark-factory-wearedevs\.venv\Lib\site-packages\httpx\_client.py:942: in _send_handling_auth
    response = self._send_handling_redirects(
..\..\dark-factory-wearedevs\.venv\Lib\site-packages\httpx\_client.py:979: in _send_handling_redirects
    response = self._send_single_request(request)
               ^^^^^^^^^^^^^^^^^^^^^^^^^^^^^^^^^^
..\..\dark-factory-wearedevs\.venv\Lib\site-packages\httpx\_client.py:1014: in _send_single_request
    response = transport.handle_request(request)
               ^^^^^^^^^^^^^^^^^^^^^^^^^^^^^^^^^
..\..\dark-factory-wearedevs\.venv\Lib\site-packages\httpx\_transports\default.py:249: in handle_request
    with map_httpcore_exceptions():
         ^^^^^^^^^^^^^^^^^^^^^^^^^
..\..\..\..\AppData\Local\Programs\Python\Python312\Lib\contextlib.py:158: in __exit__
    self.gen.throw(value)
_ _ _ _ _ _ _ _ _ _ _ _ _ _ _ _ _ _ _ _ _ _ _ _ _ _ _ _ _ _ _ _ _ _ _ _ _ _ _ _

    @contextlib.contextmanager
    def map_httpcore_exceptions() -> typing.Iterator[None]:
        global HTTPCORE_EXC_MAP
        if len(HTTPCORE_EXC_MAP) == 0:
            HTTPCORE_EXC_MAP = _load_httpcore_exceptions()
        try:
            yield
        except Exception as exc:
            mapped_exc = None
    
            for from_exc, to_exc in HTTPCORE_EXC_MAP.items():
                if not isinstance(exc, from_exc):
                    continue
                # We want to map to the most specific exception we can find.
                # Eg if `exc` is an `httpcore.ReadTimeout`, we want to map to
                # `httpx.ReadTimeout`, not just `httpx.TimeoutException`.
                if mapped_exc is None or issubclass(to_exc, mapped_exc):
                    mapped_exc = to_exc
    
            if mapped_exc is None:  # pragma: no cover
                raise
    
            message = str(exc)
>           raise mapped_exc(message) from exc
E           httpx.ConnectError: [WinError 10061] No connection could be made because the target machine actively refused it

..\..\dark-factory-wearedevs\.venv\Lib\site-packages\httpx\_transports\default.py:118: ConnectError
________ ERROR at setup of test_s1_c12_integral_amount_forms[1000.0_0] ________

    @contextlib.contextmanager
    def map_httpcore_exceptions() -> typing.Iterator[None]:
        global HTTPCORE_EXC_MAP
        if len(HTTPCORE_EXC_MAP) == 0:
            HTTPCORE_EXC_MAP = _load_httpcore_exceptions()
        try:
>           yield

..\..\dark-factory-wearedevs\.venv\Lib\site-packages\httpx\_transports\default.py:101: 
_ _ _ _ _ _ _ _ _ _ _ _ _ _ _ _ _ _ _ _ _ _ _ _ _ _ _ _ _ _ _ _ _ _ _ _ _ _ _ _
..\..\dark-factory-wearedevs\.venv\Lib\site-packages\httpx\_transports\default.py:250: in handle_request
    resp = self._pool.handle_request(req)
           ^^^^^^^^^^^^^^^^^^^^^^^^^^^^^^
..\..\dark-factory-wearedevs\.venv\Lib\site-packages\httpcore\_sync\connection_pool.py:256: in handle_request
    raise exc from None
..\..\dark-factory-wearedevs\.venv\Lib\site-packages\httpcore\_sync\connection_pool.py:236: in handle_request
    response = connection.handle_request(
..\..\dark-factory-wearedevs\.venv\Lib\site-packages\httpcore\_sync\connection.py:101: in handle_request
    raise exc
..\..\dark-factory-wearedevs\.venv\Lib\site-packages\httpcore\_sync\connection.py:78: in handle_request
    stream = self._connect(request)
             ^^^^^^^^^^^^^^^^^^^^^^
..\..\dark-factory-wearedevs\.venv\Lib\site-packages\httpcore\_sync\connection.py:124: in _connect
    stream = self._network_backend.connect_tcp(**kwargs)
             ^^^^^^^^^^^^^^^^^^^^^^^^^^^^^^^^^^^^^^^^^^^
..\..\dark-factory-wearedevs\.venv\Lib\site-packages\httpcore\_backends\sync.py:207: in connect_tcp
    with map_exceptions(exc_map):
         ^^^^^^^^^^^^^^^^^^^^^^^
..\..\..\..\AppData\Local\Programs\Python\Python312\Lib\contextlib.py:158: in __exit__
    self.gen.throw(value)
_ _ _ _ _ _ _ _ _ _ _ _ _ _ _ _ _ _ _ _ _ _ _ _ _ _ _ _ _ _ _ _ _ _ _ _ _ _ _ _

map = {<class 'TimeoutError'>: <class 'httpcore.ConnectTimeout'>, <class 'OSError'>: <class 'httpcore.ConnectError'>}

    @contextlib.contextmanager
    def map_exceptions(map: ExceptionMapping) -> typing.Iterator[None]:
        try:
            yield
        except Exception as exc:  # noqa: PIE786
            for from_exc, to_exc in map.items():
                if isinstance(exc, from_exc):
>                   raise to_exc(exc) from exc
E                   httpcore.ConnectError: [WinError 10061] No connection could be made because the target machine actively refused it

..\..\dark-factory-wearedevs\.venv\Lib\site-packages\httpcore\_exceptions.py:14: ConnectError

The above exception was the direct cause of the following exception:

reset = <function reset.<locals>._reset at 0x000001DDF9ADB380>
api = <function api.<locals>._api at 0x000001DDF9ADB4C0>

    @pytest.fixture
    def world(reset, api):
        fixture = fx.fixture()
>       reset(fixture)

C:\Users\HARIHA~1\AppData\Local\Temp\umbra-1125eee4-rmyw6v3j\repo\verify\stage-1\conftest.py:55: 
_ _ _ _ _ _ _ _ _ _ _ _ _ _ _ _ _ _ _ _ _ _ _ _ _ _ _ _ _ _ _ _ _ _ _ _ _ _ _ _
C:\Users\HARIHA~1\AppData\Local\Temp\umbra-1125eee4-rmyw6v3j\repo\verify\stage-1\conftest.py:30: in _reset
    resp = httpx.post(f"{base_url}/_test/reset", json=fixture, timeout=RESET_TIMEOUT)
           ^^^^^^^^^^^^^^^^^^^^^^^^^^^^^^^^^^^^^^^^^^^^^^^^^^^^^^^^^^^^^^^^^^^^^^^^^^
..\..\dark-factory-wearedevs\.venv\Lib\site-packages\httpx\_api.py:304: in post
    return request(
..\..\dark-factory-wearedevs\.venv\Lib\site-packages\httpx\_api.py:109: in request
    return client.request(
..\..\dark-factory-wearedevs\.venv\Lib\site-packages\httpx\_client.py:825: in request
    return self.send(request, auth=auth, follow_redirects=follow_redirects)
           ^^^^^^^^^^^^^^^^^^^^^^^^^^^^^^^^^^^^^^^^^^^^^^^^^^^^^^^^^^^^^^^^
..\..\dark-factory-wearedevs\.venv\Lib\site-packages\httpx\_client.py:914: in send
    response = self._send_handling_auth(
..\..\dark-factory-wearedevs\.venv\Lib\site-packages\httpx\_client.py:942: in _send_handling_auth
    response = self._send_handling_redirects(
..\..\dark-factory-wearedevs\.venv\Lib\site-packages\httpx\_client.py:979: in _send_handling_redirects
    response = self._send_single_request(request)
               ^^^^^^^^^^^^^^^^^^^^^^^^^^^^^^^^^^
..\..\dark-factory-wearedevs\.venv\Lib\site-packages\httpx\_client.py:1014: in _send_single_request
    response = transport.handle_request(request)
               ^^^^^^^^^^^^^^^^^^^^^^^^^^^^^^^^^
..\..\dark-factory-wearedevs\.venv\Lib\site-packages\httpx\_transports\default.py:249: in handle_request
    with map_httpcore_exceptions():
         ^^^^^^^^^^^^^^^^^^^^^^^^^
..\..\..\..\AppData\Local\Programs\Python\Python312\Lib\contextlib.py:158: in __exit__
    self.gen.throw(value)
_ _ _ _ _ _ _ _ _ _ _ _ _ _ _ _ _ _ _ _ _ _ _ _ _ _ _ _ _ _ _ _ _ _ _ _ _ _ _ _

    @contextlib.contextmanager
    def map_httpcore_exceptions() -> typing.Iterator[None]:
        global HTTPCORE_EXC_MAP
        if len(HTTPCORE_EXC_MAP) == 0:
            HTTPCORE_EXC_MAP = _load_httpcore_exceptions()
        try:
            yield
        except Exception as exc:
            mapped_exc = None
    
            for from_exc, to_exc in HTTPCORE_EXC_MAP.items():
                if not isinstance(exc, from_exc):
                    continue
                # We want to map to the most specific exception we can find.
                # Eg if `exc` is an `httpcore.ReadTimeout`, we want to map to
                # `httpx.ReadTimeout`, not just `httpx.TimeoutException`.
                if mapped_exc is None or issubclass(to_exc, mapped_exc):
                    mapped_exc = to_exc
    
            if mapped_exc is None:  # pragma: no cover
                raise
    
            message = str(exc)
>           raise mapped_exc(message) from exc
E           httpx.ConnectError: [WinError 10061] No connection could be made because the target machine actively refused it

..\..\dark-factory-wearedevs\.venv\Lib\site-packages\httpx\_transports\default.py:118: ConnectError
________ ERROR at setup of test_s1_c12_integral_amount_forms[1000.0_1] ________

    @contextlib.contextmanager
    def map_httpcore_exceptions() -> typing.Iterator[None]:
        global HTTPCORE_EXC_MAP
        if len(HTTPCORE_EXC_MAP) == 0:
            HTTPCORE_EXC_MAP = _load_httpcore_exceptions()
        try:
>           yield

..\..\dark-factory-wearedevs\.venv\Lib\site-packages\httpx\_transports\default.py:101: 
_ _ _ _ _ _ _ _ _ _ _ _ _ _ _ _ _ _ _ _ _ _ _ _ _ _ _ _ _ _ _ _ _ _ _ _ _ _ _ _
..\..\dark-factory-wearedevs\.venv\Lib\site-packages\httpx\_transports\default.py:250: in handle_request
    resp = self._pool.handle_request(req)
           ^^^^^^^^^^^^^^^^^^^^^^^^^^^^^^
..\..\dark-factory-wearedevs\.venv\Lib\site-packages\httpcore\_sync\connection_pool.py:256: in handle_request
    raise exc from None
..\..\dark-factory-wearedevs\.venv\Lib\site-packages\httpcore\_sync\connection_pool.py:236: in handle_request
    response = connection.handle_request(
..\..\dark-factory-wearedevs\.venv\Lib\site-packages\httpcore\_sync\connection.py:101: in handle_request
    raise exc
..\..\dark-factory-wearedevs\.venv\Lib\site-packages\httpcore\_sync\connection.py:78: in handle_request
    stream = self._connect(request)
             ^^^^^^^^^^^^^^^^^^^^^^
..\..\dark-factory-wearedevs\.venv\Lib\site-packages\httpcore\_sync\connection.py:124: in _connect
    stream = self._network_backend.connect_tcp(**kwargs)
             ^^^^^^^^^^^^^^^^^^^^^^^^^^^^^^^^^^^^^^^^^^^
..\..\dark-factory-wearedevs\.venv\Lib\site-packages\httpcore\_backends\sync.py:207: in connect_tcp
    with map_exceptions(exc_map):
         ^^^^^^^^^^^^^^^^^^^^^^^
..\..\..\..\AppData\Local\Programs\Python\Python312\Lib\contextlib.py:158: in __exit__
    self.gen.throw(value)
_ _ _ _ _ _ _ _ _ _ _ _ _ _ _ _ _ _ _ _ _ _ _ _ _ _ _ _ _ _ _ _ _ _ _ _ _ _ _ _

map = {<class 'TimeoutError'>: <class 'httpcore.ConnectTimeout'>, <class 'OSError'>: <class 'httpcore.ConnectError'>}

    @contextlib.contextmanager
    def map_exceptions(map: ExceptionMapping) -> typing.Iterator[None]:
        try:
            yield
        except Exception as exc:  # noqa: PIE786
            for from_exc, to_exc in map.items():
                if isinstance(exc, from_exc):
>                   raise to_exc(exc) from exc
E                   httpcore.ConnectError: [WinError 10061] No connection could be made because the target machine actively refused it

..\..\dark-factory-wearedevs\.venv\Lib\site-packages\httpcore\_exceptions.py:14: ConnectError

The above exception was the direct cause of the following exception:

reset = <function reset.<locals>._reset at 0x000001DDF9ADBA60>
api = <function api.<locals>._api at 0x000001DDF9ADBBA0>

    @pytest.fixture
    def world(reset, api):
        fixture = fx.fixture()
>       reset(fixture)

C:\Users\HARIHA~1\AppData\Local\Temp\umbra-1125eee4-rmyw6v3j\repo\verify\stage-1\conftest.py:55: 
_ _ _ _ _ _ _ _ _ _ _ _ _ _ _ _ _ _ _ _ _ _ _ _ _ _ _ _ _ _ _ _ _ _ _ _ _ _ _ _
C:\Users\HARIHA~1\AppData\Local\Temp\umbra-1125eee4-rmyw6v3j\repo\verify\stage-1\conftest.py:30: in _reset
    resp = httpx.post(f"{base_url}/_test/reset", json=fixture, timeout=RESET_TIMEOUT)
           ^^^^^^^^^^^^^^^^^^^^^^^^^^^^^^^^^^^^^^^^^^^^^^^^^^^^^^^^^^^^^^^^^^^^^^^^^^
..\..\dark-factory-wearedevs\.venv\Lib\site-packages\httpx\_api.py:304: in post
    return request(
..\..\dark-factory-wearedevs\.venv\Lib\site-packages\httpx\_api.py:109: in request
    return client.request(
..\..\dark-factory-wearedevs\.venv\Lib\site-packages\httpx\_client.py:825: in request
    return self.send(request, auth=auth, follow_redirects=follow_redirects)
           ^^^^^^^^^^^^^^^^^^^^^^^^^^^^^^^^^^^^^^^^^^^^^^^^^^^^^^^^^^^^^^^^
..\..\dark-factory-wearedevs\.venv\Lib\site-packages\httpx\_client.py:914: in send
    response = self._send_handling_auth(
..\..\dark-factory-wearedevs\.venv\Lib\site-packages\httpx\_client.py:942: in _send_handling_auth
    response = self._send_handling_redirects(
..\..\dark-factory-wearedevs\.venv\Lib\site-packages\httpx\_client.py:979: in _send_handling_redirects
    response = self._send_single_request(request)
               ^^^^^^^^^^^^^^^^^^^^^^^^^^^^^^^^^^
..\..\dark-factory-wearedevs\.venv\Lib\site-packages\httpx\_client.py:1014: in _send_single_request
    response = transport.handle_request(request)
               ^^^^^^^^^^^^^^^^^^^^^^^^^^^^^^^^^
..\..\dark-factory-wearedevs\.venv\Lib\site-packages\httpx\_transports\default.py:249: in handle_request
    with map_httpcore_exceptions():
         ^^^^^^^^^^^^^^^^^^^^^^^^^
..\..\..\..\AppData\Local\Programs\Python\Python312\Lib\contextlib.py:158: in __exit__
    self.gen.throw(value)
_ _ _ _ _ _ _ _ _ _ _ _ _ _ _ _ _ _ _ _ _ _ _ _ _ _ _ _ _ _ _ _ _ _ _ _ _ _ _ _

    @contextlib.contextmanager
    def map_httpcore_exceptions() -> typing.Iterator[None]:
        global HTTPCORE_EXC_MAP
        if len(HTTPCORE_EXC_MAP) == 0:
            HTTPCORE_EXC_MAP = _load_httpcore_exceptions()
        try:
            yield
        except Exception as exc:
            mapped_exc = None
    
            for from_exc, to_exc in HTTPCORE_EXC_MAP.items():
                if not isinstance(exc, from_exc):
                    continue
                # We want to map to the most specific exception we can find.
                # Eg if `exc` is an `httpcore.ReadTimeout`, we want to map to
                # `httpx.ReadTimeout`, not just `httpx.TimeoutException`.
                if mapped_exc is None or issubclass(to_exc, mapped_exc):
                    mapped_exc = to_exc
    
            if mapped_exc is None:  # pragma: no cover
                raise
    
            message = str(exc)
>           raise mapped_exc(message) from exc
E           httpx.ConnectError: [WinError 10061] No connection could be made because the target machine actively refused it

..\..\dark-factory-wearedevs\.venv\Lib\site-packages\httpx\_transports\default.py:118: ConnectError
___________ ERROR at setup of test_s1_c12_invalid_amount_types[100] ___________

    @contextlib.contextmanager
    def map_httpcore_exceptions() -> typing.Iterator[None]:
        global HTTPCORE_EXC_MAP
        if len(HTTPCORE_EXC_MAP) == 0:
            HTTPCORE_EXC_MAP = _load_httpcore_exceptions()
        try:
>           yield

..\..\dark-factory-wearedevs\.venv\Lib\site-packages\httpx\_transports\default.py:101: 
_ _ _ _ _ _ _ _ _ _ _ _ _ _ _ _ _ _ _ _ _ _ _ _ _ _ _ _ _ _ _ _ _ _ _ _ _ _ _ _
..\..\dark-factory-wearedevs\.venv\Lib\site-packages\httpx\_transports\default.py:250: in handle_request
    resp = self._pool.handle_request(req)
           ^^^^^^^^^^^^^^^^^^^^^^^^^^^^^^
..\..\dark-factory-wearedevs\.venv\Lib\site-packages\httpcore\_sync\connection_pool.py:256: in handle_request
    raise exc from None
..\..\dark-factory-wearedevs\.venv\Lib\site-packages\httpcore\_sync\connection_pool.py:236: in handle_request
    response = connection.handle_request(
..\..\dark-factory-wearedevs\.venv\Lib\site-packages\httpcore\_sync\connection.py:101: in handle_request
    raise exc
..\..\dark-factory-wearedevs\.venv\Lib\site-packages\httpcore\_sync\connection.py:78: in handle_request
    stream = self._connect(request)
             ^^^^^^^^^^^^^^^^^^^^^^
..\..\dark-factory-wearedevs\.venv\Lib\site-packages\httpcore\_sync\connection.py:124: in _connect
    stream = self._network_backend.connect_tcp(**kwargs)
             ^^^^^^^^^^^^^^^^^^^^^^^^^^^^^^^^^^^^^^^^^^^
..\..\dark-factory-wearedevs\.venv\Lib\site-packages\httpcore\_backends\sync.py:207: in connect_tcp
    with map_exceptions(exc_map):
         ^^^^^^^^^^^^^^^^^^^^^^^
..\..\..\..\AppData\Local\Programs\Python\Python312\Lib\contextlib.py:158: in __exit__
    self.gen.throw(value)
_ _ _ _ _ _ _ _ _ _ _ _ _ _ _ _ _ _ _ _ _ _ _ _ _ _ _ _ _ _ _ _ _ _ _ _ _ _ _ _

map = {<class 'TimeoutError'>: <class 'httpcore.ConnectTimeout'>, <class 'OSError'>: <class 'httpcore.ConnectError'>}

    @contextlib.contextmanager
    def map_exceptions(map: ExceptionMapping) -> typing.Iterator[None]:
        try:
            yield
        except Exception as exc:  # noqa: PIE786
            for from_exc, to_exc in map.items():
                if isinstance(exc, from_exc):
>                   raise to_exc(exc) from exc
E                   httpcore.ConnectError: [WinError 10061] No connection could be made because the target machine actively refused it

..\..\dark-factory-wearedevs\.venv\Lib\site-packages\httpcore\_exceptions.py:14: ConnectError

The above exception was the direct cause of the following exception:

reset = <function reset.<locals>._reset at 0x000001DDF9AD9A80>
api = <function api.<locals>._api at 0x000001DDF9ADB2E0>

    @pytest.fixture
    def world(reset, api):
        fixture = fx.fixture()
>       reset(fixture)

C:\Users\HARIHA~1\AppData\Local\Temp\umbra-1125eee4-rmyw6v3j\repo\verify\stage-1\conftest.py:55: 
_ _ _ _ _ _ _ _ _ _ _ _ _ _ _ _ _ _ _ _ _ _ _ _ _ _ _ _ _ _ _ _ _ _ _ _ _ _ _ _
C:\Users\HARIHA~1\AppData\Local\Temp\umbra-1125eee4-rmyw6v3j\repo\verify\stage-1\conftest.py:30: in _reset
    resp = httpx.post(f"{base_url}/_test/reset", json=fixture, timeout=RESET_TIMEOUT)
           ^^^^^^^^^^^^^^^^^^^^^^^^^^^^^^^^^^^^^^^^^^^^^^^^^^^^^^^^^^^^^^^^^^^^^^^^^^
..\..\dark-factory-wearedevs\.venv\Lib\site-packages\httpx\_api.py:304: in post
    return request(
..\..\dark-factory-wearedevs\.venv\Lib\site-packages\httpx\_api.py:109: in request
    return client.request(
..\..\dark-factory-wearedevs\.venv\Lib\site-packages\httpx\_client.py:825: in request
    return self.send(request, auth=auth, follow_redirects=follow_redirects)
           ^^^^^^^^^^^^^^^^^^^^^^^^^^^^^^^^^^^^^^^^^^^^^^^^^^^^^^^^^^^^^^^^
..\..\dark-factory-wearedevs\.venv\Lib\site-packages\httpx\_client.py:914: in send
    response = self._send_handling_auth(
..\..\dark-factory-wearedevs\.venv\Lib\site-packages\httpx\_client.py:942: in _send_handling_auth
    response = self._send_handling_redirects(
..\..\dark-factory-wearedevs\.venv\Lib\site-packages\httpx\_client.py:979: in _send_handling_redirects
    response = self._send_single_request(request)
               ^^^^^^^^^^^^^^^^^^^^^^^^^^^^^^^^^^
..\..\dark-factory-wearedevs\.venv\Lib\site-packages\httpx\_client.py:1014: in _send_single_request
    response = transport.handle_request(request)
               ^^^^^^^^^^^^^^^^^^^^^^^^^^^^^^^^^
..\..\dark-factory-wearedevs\.venv\Lib\site-packages\httpx\_transports\default.py:249: in handle_request
    with map_httpcore_exceptions():
         ^^^^^^^^^^^^^^^^^^^^^^^^^
..\..\..\..\AppData\Local\Programs\Python\Python312\Lib\contextlib.py:158: in __exit__
    self.gen.throw(value)
_ _ _ _ _ _ _ _ _ _ _ _ _ _ _ _ _ _ _ _ _ _ _ _ _ _ _ _ _ _ _ _ _ _ _ _ _ _ _ _

    @contextlib.contextmanager
    def map_httpcore_exceptions() -> typing.Iterator[None]:
        global HTTPCORE_EXC_MAP
        if len(HTTPCORE_EXC_MAP) == 0:
            HTTPCORE_EXC_MAP = _load_httpcore_exceptions()
        try:
            yield
        except Exception as exc:
            mapped_exc = None
    
            for from_exc, to_exc in HTTPCORE_EXC_MAP.items():
                if not isinstance(exc, from_exc):
                    continue
                # We want to map to the most specific exception we can find.
                # Eg if `exc` is an `httpcore.ReadTimeout`, we want to map to
                # `httpx.ReadTimeout`, not just `httpx.TimeoutException`.
                if mapped_exc is None or issubclass(to_exc, mapped_exc):
                    mapped_exc = to_exc
    
            if mapped_exc is None:  # pragma: no cover
                raise
    
            message = str(exc)
>           raise mapped_exc(message) from exc
E           httpx.ConnectError: [WinError 10061] No connection could be made because the target machine actively refused it

..\..\dark-factory-wearedevs\.venv\Lib\site-packages\httpx\_transports\default.py:118: ConnectError
__________ ERROR at setup of test_s1_c12_invalid_amount_types[True] ___________

    @contextlib.contextmanager
    def map_httpcore_exceptions() -> typing.Iterator[None]:
        global HTTPCORE_EXC_MAP
        if len(HTTPCORE_EXC_MAP) == 0:
            HTTPCORE_EXC_MAP = _load_httpcore_exceptions()
        try:
>           yield

..\..\dark-factory-wearedevs\.venv\Lib\site-packages\httpx\_transports\default.py:101: 
_ _ _ _ _ _ _ _ _ _ _ _ _ _ _ _ _ _ _ _ _ _ _ _ _ _ _ _ _ _ _ _ _ _ _ _ _ _ _ _
..\..\dark-factory-wearedevs\.venv\Lib\site-packages\httpx\_transports\default.py:250: in handle_request
    resp = self._pool.handle_request(req)
           ^^^^^^^^^^^^^^^^^^^^^^^^^^^^^^
..\..\dark-factory-wearedevs\.venv\Lib\site-packages\httpcore\_sync\connection_pool.py:256: in handle_request
    raise exc from None
..\..\dark-factory-wearedevs\.venv\Lib\site-packages\httpcore\_sync\connection_pool.py:236: in handle_request
    response = connection.handle_request(
..\..\dark-factory-wearedevs\.venv\Lib\site-packages\httpcore\_sync\connection.py:101: in handle_request
    raise exc
..\..\dark-factory-wearedevs\.venv\Lib\site-packages\httpcore\_sync\connection.py:78: in handle_request
    stream = self._connect(request)
             ^^^^^^^^^^^^^^^^^^^^^^
..\..\dark-factory-wearedevs\.venv\Lib\site-packages\httpcore\_sync\connection.py:124: in _connect
    stream = self._network_backend.connect_tcp(**kwargs)
             ^^^^^^^^^^^^^^^^^^^^^^^^^^^^^^^^^^^^^^^^^^^
..\..\dark-factory-wearedevs\.venv\Lib\site-packages\httpcore\_backends\sync.py:207: in connect_tcp
    with map_exceptions(exc_map):
         ^^^^^^^^^^^^^^^^^^^^^^^
..\..\..\..\AppData\Local\Programs\Python\Python312\Lib\contextlib.py:158: in __exit__
    self.gen.throw(value)
_ _ _ _ _ _ _ _ _ _ _ _ _ _ _ _ _ _ _ _ _ _ _ _ _ _ _ _ _ _ _ _ _ _ _ _ _ _ _ _

map = {<class 'TimeoutError'>: <class 'httpcore.ConnectTimeout'>, <class 'OSError'>: <class 'httpcore.ConnectError'>}

    @contextlib.contextmanager
    def map_exceptions(map: ExceptionMapping) -> typing.Iterator[None]:
        try:
            yield
        except Exception as exc:  # noqa: PIE786
            for from_exc, to_exc in map.items():
                if isinstance(exc, from_exc):
>                   raise to_exc(exc) from exc
E                   httpcore.ConnectError: [WinError 10061] No connection could be made because the target machine actively refused it

..\..\dark-factory-wearedevs\.venv\Lib\site-packages\httpcore\_exceptions.py:14: ConnectError

The above exception was the direct cause of the following exception:

reset = <function reset.<locals>._reset at 0x000001DDF836CE00>
api = <function api.<locals>._api at 0x000001DDF86D2AC0>

    @pytest.fixture
    def world(reset, api):
        fixture = fx.fixture()
>       reset(fixture)

C:\Users\HARIHA~1\AppData\Local\Temp\umbra-1125eee4-rmyw6v3j\repo\verify\stage-1\conftest.py:55: 
_ _ _ _ _ _ _ _ _ _ _ _ _ _ _ _ _ _ _ _ _ _ _ _ _ _ _ _ _ _ _ _ _ _ _ _ _ _ _ _
C:\Users\HARIHA~1\AppData\Local\Temp\umbra-1125eee4-rmyw6v3j\repo\verify\stage-1\conftest.py:30: in _reset
    resp = httpx.post(f"{base_url}/_test/reset", json=fixture, timeout=RESET_TIMEOUT)
           ^^^^^^^^^^^^^^^^^^^^^^^^^^^^^^^^^^^^^^^^^^^^^^^^^^^^^^^^^^^^^^^^^^^^^^^^^^
..\..\dark-factory-wearedevs\.venv\Lib\site-packages\httpx\_api.py:304: in post
    return request(
..\..\dark-factory-wearedevs\.venv\Lib\site-packages\httpx\_api.py:109: in request
    return client.request(
..\..\dark-factory-wearedevs\.venv\Lib\site-packages\httpx\_client.py:825: in request
    return self.send(request, auth=auth, follow_redirects=follow_redirects)
           ^^^^^^^^^^^^^^^^^^^^^^^^^^^^^^^^^^^^^^^^^^^^^^^^^^^^^^^^^^^^^^^^
..\..\dark-factory-wearedevs\.venv\Lib\site-packages\httpx\_client.py:914: in send
    response = self._send_handling_auth(
..\..\dark-factory-wearedevs\.venv\Lib\site-packages\httpx\_client.py:942: in _send_handling_auth
    response = self._send_handling_redirects(
..\..\dark-factory-wearedevs\.venv\Lib\site-packages\httpx\_client.py:979: in _send_handling_redirects
    response = self._send_single_request(request)
               ^^^^^^^^^^^^^^^^^^^^^^^^^^^^^^^^^^
..\..\dark-factory-wearedevs\.venv\Lib\site-packages\httpx\_client.py:1014: in _send_single_request
    response = transport.handle_request(request)
               ^^^^^^^^^^^^^^^^^^^^^^^^^^^^^^^^^
..\..\dark-factory-wearedevs\.venv\Lib\site-packages\httpx\_transports\default.py:249: in handle_request
    with map_httpcore_exceptions():
         ^^^^^^^^^^^^^^^^^^^^^^^^^
..\..\..\..\AppData\Local\Programs\Python\Python312\Lib\contextlib.py:158: in __exit__
    self.gen.throw(value)
_ _ _ _ _ _ _ _ _ _ _ _ _ _ _ _ _ _ _ _ _ _ _ _ _ _ _ _ _ _ _ _ _ _ _ _ _ _ _ _

    @contextlib.contextmanager
    def map_httpcore_exceptions() -> typing.Iterator[None]:
        global HTTPCORE_EXC_MAP
        if len(HTTPCORE_EXC_MAP) == 0:
            HTTPCORE_EXC_MAP = _load_httpcore_exceptions()
        try:
            yield
        except Exception as exc:
            mapped_exc = None
    
            for from_exc, to_exc in HTTPCORE_EXC_MAP.items():
                if not isinstance(exc, from_exc):
                    continue
                # We want to map to the most specific exception we can find.
                # Eg if `exc` is an `httpcore.ReadTimeout`, we want to map to
                # `httpx.ReadTimeout`, not just `httpx.TimeoutException`.
                if mapped_exc is None or issubclass(to_exc, mapped_exc):
                    mapped_exc = to_exc
    
            if mapped_exc is None:  # pragma: no cover
                raise
    
            message = str(exc)
>           raise mapped_exc(message) from exc
E           httpx.ConnectError: [WinError 10061] No connection could be made because the target machine actively refused it

..\..\dark-factory-wearedevs\.venv\Lib\site-packages\httpx\_transports\default.py:118: ConnectError
___________ ERROR at setup of test_s1_c12_invalid_amount_types[1.5] ___________

    @contextlib.contextmanager
    def map_httpcore_exceptions() -> typing.Iterator[None]:
        global HTTPCORE_EXC_MAP
        if len(HTTPCORE_EXC_MAP) == 0:
            HTTPCORE_EXC_MAP = _load_httpcore_exceptions()
        try:
>           yield

..\..\dark-factory-wearedevs\.venv\Lib\site-packages\httpx\_transports\default.py:101: 
_ _ _ _ _ _ _ _ _ _ _ _ _ _ _ _ _ _ _ _ _ _ _ _ _ _ _ _ _ _ _ _ _ _ _ _ _ _ _ _
..\..\dark-factory-wearedevs\.venv\Lib\site-packages\httpx\_transports\default.py:250: in handle_request
    resp = self._pool.handle_request(req)
           ^^^^^^^^^^^^^^^^^^^^^^^^^^^^^^
..\..\dark-factory-wearedevs\.venv\Lib\site-packages\httpcore\_sync\connection_pool.py:256: in handle_request
    raise exc from None
..\..\dark-factory-wearedevs\.venv\Lib\site-packages\httpcore\_sync\connection_pool.py:236: in handle_request
    response = connection.handle_request(
..\..\dark-factory-wearedevs\.venv\Lib\site-packages\httpcore\_sync\connection.py:101: in handle_request
    raise exc
..\..\dark-factory-wearedevs\.venv\Lib\site-packages\httpcore\_sync\connection.py:78: in handle_request
    stream = self._connect(request)
             ^^^^^^^^^^^^^^^^^^^^^^
..\..\dark-factory-wearedevs\.venv\Lib\site-packages\httpcore\_sync\connection.py:124: in _connect
    stream = self._network_backend.connect_tcp(**kwargs)
             ^^^^^^^^^^^^^^^^^^^^^^^^^^^^^^^^^^^^^^^^^^^
..\..\dark-factory-wearedevs\.venv\Lib\site-packages\httpcore\_backends\sync.py:207: in connect_tcp
    with map_exceptions(exc_map):
         ^^^^^^^^^^^^^^^^^^^^^^^
..\..\..\..\AppData\Local\Programs\Python\Python312\Lib\contextlib.py:158: in __exit__
    self.gen.throw(value)
_ _ _ _ _ _ _ _ _ _ _ _ _ _ _ _ _ _ _ _ _ _ _ _ _ _ _ _ _ _ _ _ _ _ _ _ _ _ _ _

map = {<class 'TimeoutError'>: <class 'httpcore.ConnectTimeout'>, <class 'OSError'>: <class 'httpcore.ConnectError'>}

    @contextlib.contextmanager
    def map_exceptions(map: ExceptionMapping) -> typing.Iterator[None]:
        try:
            yield
        except Exception as exc:  # noqa: PIE786
            for from_exc, to_exc in map.items():
                if isinstance(exc, from_exc):
>                   raise to_exc(exc) from exc
E                   httpcore.ConnectError: [WinError 10061] No connection could be made because the target machine actively refused it

..\..\dark-factory-wearedevs\.venv\Lib\site-packages\httpcore\_exceptions.py:14: ConnectError

The above exception was the direct cause of the following exception:

reset = <function reset.<locals>._reset at 0x000001DDF871B920>
api = <function api.<locals>._api at 0x000001DDF871B7E0>

    @pytest.fixture
    def world(reset, api):
        fixture = fx.fixture()
>       reset(fixture)

C:\Users\HARIHA~1\AppData\Local\Temp\umbra-1125eee4-rmyw6v3j\repo\verify\stage-1\conftest.py:55: 
_ _ _ _ _ _ _ _ _ _ _ _ _ _ _ _ _ _ _ _ _ _ _ _ _ _ _ _ _ _ _ _ _ _ _ _ _ _ _ _
C:\Users\HARIHA~1\AppData\Local\Temp\umbra-1125eee4-rmyw6v3j\repo\verify\stage-1\conftest.py:30: in _reset
    resp = httpx.post(f"{base_url}/_test/reset", json=fixture, timeout=RESET_TIMEOUT)
           ^^^^^^^^^^^^^^^^^^^^^^^^^^^^^^^^^^^^^^^^^^^^^^^^^^^^^^^^^^^^^^^^^^^^^^^^^^
..\..\dark-factory-wearedevs\.venv\Lib\site-packages\httpx\_api.py:304: in post
    return request(
..\..\dark-factory-wearedevs\.venv\Lib\site-packages\httpx\_api.py:109: in request
    return client.request(
..\..\dark-factory-wearedevs\.venv\Lib\site-packages\httpx\_client.py:825: in request
    return self.send(request, auth=auth, follow_redirects=follow_redirects)
           ^^^^^^^^^^^^^^^^^^^^^^^^^^^^^^^^^^^^^^^^^^^^^^^^^^^^^^^^^^^^^^^^
..\..\dark-factory-wearedevs\.venv\Lib\site-packages\httpx\_client.py:914: in send
    response = self._send_handling_auth(
..\..\dark-factory-wearedevs\.venv\Lib\site-packages\httpx\_client.py:942: in _send_handling_auth
    response = self._send_handling_redirects(
..\..\dark-factory-wearedevs\.venv\Lib\site-packages\httpx\_client.py:979: in _send_handling_redirects
    response = self._send_single_request(request)
               ^^^^^^^^^^^^^^^^^^^^^^^^^^^^^^^^^^
..\..\dark-factory-wearedevs\.venv\Lib\site-packages\httpx\_client.py:1014: in _send_single_request
    response = transport.handle_request(request)
               ^^^^^^^^^^^^^^^^^^^^^^^^^^^^^^^^^
..\..\dark-factory-wearedevs\.venv\Lib\site-packages\httpx\_transports\default.py:249: in handle_request
    with map_httpcore_exceptions():
         ^^^^^^^^^^^^^^^^^^^^^^^^^
..\..\..\..\AppData\Local\Programs\Python\Python312\Lib\contextlib.py:158: in __exit__
    self.gen.throw(value)
_ _ _ _ _ _ _ _ _ _ _ _ _ _ _ _ _ _ _ _ _ _ _ _ _ _ _ _ _ _ _ _ _ _ _ _ _ _ _ _

    @contextlib.contextmanager
    def map_httpcore_exceptions() -> typing.Iterator[None]:
        global HTTPCORE_EXC_MAP
        if len(HTTPCORE_EXC_MAP) == 0:
            HTTPCORE_EXC_MAP = _load_httpcore_exceptions()
        try:
            yield
        except Exception as exc:
            mapped_exc = None
    
            for from_exc, to_exc in HTTPCORE_EXC_MAP.items():
                if not isinstance(exc, from_exc):
                    continue
                # We want to map to the most specific exception we can find.
                # Eg if `exc` is an `httpcore.ReadTimeout`, we want to map to
                # `httpx.ReadTimeout`, not just `httpx.TimeoutException`.
                if mapped_exc is None or issubclass(to_exc, mapped_exc):
                    mapped_exc = to_exc
    
            if mapped_exc is None:  # pragma: no cover
                raise
    
            message = str(exc)
>           raise mapped_exc(message) from exc
E           httpx.ConnectError: [WinError 10061] No connection could be made because the target machine actively refused it

..\..\dark-factory-wearedevs\.venv\Lib\site-packages\httpx\_transports\default.py:118: ConnectError
______________ ERROR at setup of test_s1_c12_payment_error_cases ______________

    @contextlib.contextmanager
    def map_httpcore_exceptions() -> typing.Iterator[None]:
        global HTTPCORE_EXC_MAP
        if len(HTTPCORE_EXC_MAP) == 0:
            HTTPCORE_EXC_MAP = _load_httpcore_exceptions()
        try:
>           yield

..\..\dark-factory-wearedevs\.venv\Lib\site-packages\httpx\_transports\default.py:101: 
_ _ _ _ _ _ _ _ _ _ _ _ _ _ _ _ _ _ _ _ _ _ _ _ _ _ _ _ _ _ _ _ _ _ _ _ _ _ _ _
..\..\dark-factory-wearedevs\.venv\Lib\site-packages\httpx\_transports\default.py:250: in handle_request
    resp = self._pool.handle_request(req)
           ^^^^^^^^^^^^^^^^^^^^^^^^^^^^^^
..\..\dark-factory-wearedevs\.venv\Lib\site-packages\httpcore\_sync\connection_pool.py:256: in handle_request
    raise exc from None
..\..\dark-factory-wearedevs\.venv\Lib\site-packages\httpcore\_sync\connection_pool.py:236: in handle_request
    response = connection.handle_request(
..\..\dark-factory-wearedevs\.venv\Lib\site-packages\httpcore\_sync\connection.py:101: in handle_request
    raise exc
..\..\dark-factory-wearedevs\.venv\Lib\site-packages\httpcore\_sync\connection.py:78: in handle_request
    stream = self._connect(request)
             ^^^^^^^^^^^^^^^^^^^^^^
..\..\dark-factory-wearedevs\.venv\Lib\site-packages\httpcore\_sync\connection.py:124: in _connect
    stream = self._network_backend.connect_tcp(**kwargs)
             ^^^^^^^^^^^^^^^^^^^^^^^^^^^^^^^^^^^^^^^^^^^
..\..\dark-factory-wearedevs\.venv\Lib\site-packages\httpcore\_backends\sync.py:207: in connect_tcp
    with map_exceptions(exc_map):
         ^^^^^^^^^^^^^^^^^^^^^^^
..\..\..\..\AppData\Local\Programs\Python\Python312\Lib\contextlib.py:158: in __exit__
    self.gen.throw(value)
_ _ _ _ _ _ _ _ _ _ _ _ _ _ _ _ _ _ _ _ _ _ _ _ _ _ _ _ _ _ _ _ _ _ _ _ _ _ _ _

map = {<class 'TimeoutError'>: <class 'httpcore.ConnectTimeout'>, <class 'OSError'>: <class 'httpcore.ConnectError'>}

    @contextlib.contextmanager
    def map_exceptions(map: ExceptionMapping) -> typing.Iterator[None]:
        try:
            yield
        except Exception as exc:  # noqa: PIE786
            for from_exc, to_exc in map.items():
                if isinstance(exc, from_exc):
>                   raise to_exc(exc) from exc
E                   httpcore.ConnectError: [WinError 10061] No connection could be made because the target machine actively refused it

..\..\dark-factory-wearedevs\.venv\Lib\site-packages\httpcore\_exceptions.py:14: ConnectError

The above exception was the direct cause of the following exception:

reset = <function reset.<locals>._reset at 0x000001DDF871B9C0>
api = <function api.<locals>._api at 0x000001DDF86E3420>

    @pytest.fixture
    def world(reset, api):
        fixture = fx.fixture()
>       reset(fixture)

C:\Users\HARIHA~1\AppData\Local\Temp\umbra-1125eee4-rmyw6v3j\repo\verify\stage-1\conftest.py:55: 
_ _ _ _ _ _ _ _ _ _ _ _ _ _ _ _ _ _ _ _ _ _ _ _ _ _ _ _ _ _ _ _ _ _ _ _ _ _ _ _
C:\Users\HARIHA~1\AppData\Local\Temp\umbra-1125eee4-rmyw6v3j\repo\verify\stage-1\conftest.py:30: in _reset
    resp = httpx.post(f"{base_url}/_test/reset", json=fixture, timeout=RESET_TIMEOUT)
           ^^^^^^^^^^^^^^^^^^^^^^^^^^^^^^^^^^^^^^^^^^^^^^^^^^^^^^^^^^^^^^^^^^^^^^^^^^
..\..\dark-factory-wearedevs\.venv\Lib\site-packages\httpx\_api.py:304: in post
    return request(
..\..\dark-factory-wearedevs\.venv\Lib\site-packages\httpx\_api.py:109: in request
    return client.request(
..\..\dark-factory-wearedevs\.venv\Lib\site-packages\httpx\_client.py:825: in request
    return self.send(request, auth=auth, follow_redirects=follow_redirects)
           ^^^^^^^^^^^^^^^^^^^^^^^^^^^^^^^^^^^^^^^^^^^^^^^^^^^^^^^^^^^^^^^^
..\..\dark-factory-wearedevs\.venv\Lib\site-packages\httpx\_client.py:914: in send
    response = self._send_handling_auth(
..\..\dark-factory-wearedevs\.venv\Lib\site-packages\httpx\_client.py:942: in _send_handling_auth
    response = self._send_handling_redirects(
..\..\dark-factory-wearedevs\.venv\Lib\site-packages\httpx\_client.py:979: in _send_handling_redirects
    response = self._send_single_request(request)
               ^^^^^^^^^^^^^^^^^^^^^^^^^^^^^^^^^^
..\..\dark-factory-wearedevs\.venv\Lib\site-packages\httpx\_client.py:1014: in _send_single_request
    response = transport.handle_request(request)
               ^^^^^^^^^^^^^^^^^^^^^^^^^^^^^^^^^
..\..\dark-factory-wearedevs\.venv\Lib\site-packages\httpx\_transports\default.py:249: in handle_request
    with map_httpcore_exceptions():
         ^^^^^^^^^^^^^^^^^^^^^^^^^
..\..\..\..\AppData\Local\Programs\Python\Python312\Lib\contextlib.py:158: in __exit__
    self.gen.throw(value)
_ _ _ _ _ _ _ _ _ _ _ _ _ _ _ _ _ _ _ _ _ _ _ _ _ _ _ _ _ _ _ _ _ _ _ _ _ _ _ _

    @contextlib.contextmanager
    def map_httpcore_exceptions() -> typing.Iterator[None]:
        global HTTPCORE_EXC_MAP
        if len(HTTPCORE_EXC_MAP) == 0:
            HTTPCORE_EXC_MAP = _load_httpcore_exceptions()
        try:
            yield
        except Exception as exc:
            mapped_exc = None
    
            for from_exc, to_exc in HTTPCORE_EXC_MAP.items():
                if not isinstance(exc, from_exc):
                    continue
                # We want to map to the most specific exception we can find.
                # Eg if `exc` is an `httpcore.ReadTimeout`, we want to map to
                # `httpx.ReadTimeout`, not just `httpx.TimeoutException`.
                if mapped_exc is None or issubclass(to_exc, mapped_exc):
                    mapped_exc = to_exc
    
            if mapped_exc is None:  # pragma: no cover
                raise
    
            message = str(exc)
>           raise mapped_exc(message) from exc
E           httpx.ConnectError: [WinError 10061] No connection could be made because the target machine actively refused it

..\..\dark-factory-wearedevs\.venv\Lib\site-packages\httpx\_transports\default.py:118: ConnectError
______ ERROR at setup of test_s1_c13_request_without_payer_balance_check ______

    @contextlib.contextmanager
    def map_httpcore_exceptions() -> typing.Iterator[None]:
        global HTTPCORE_EXC_MAP
        if len(HTTPCORE_EXC_MAP) == 0:
            HTTPCORE_EXC_MAP = _load_httpcore_exceptions()
        try:
>           yield

..\..\dark-factory-wearedevs\.venv\Lib\site-packages\httpx\_transports\default.py:101: 
_ _ _ _ _ _ _ _ _ _ _ _ _ _ _ _ _ _ _ _ _ _ _ _ _ _ _ _ _ _ _ _ _ _ _ _ _ _ _ _
..\..\dark-factory-wearedevs\.venv\Lib\site-packages\httpx\_transports\default.py:250: in handle_request
    resp = self._pool.handle_request(req)
           ^^^^^^^^^^^^^^^^^^^^^^^^^^^^^^
..\..\dark-factory-wearedevs\.venv\Lib\site-packages\httpcore\_sync\connection_pool.py:256: in handle_request
    raise exc from None
..\..\dark-factory-wearedevs\.venv\Lib\site-packages\httpcore\_sync\connection_pool.py:236: in handle_request
    response = connection.handle_request(
..\..\dark-factory-wearedevs\.venv\Lib\site-packages\httpcore\_sync\connection.py:101: in handle_request
    raise exc
..\..\dark-factory-wearedevs\.venv\Lib\site-packages\httpcore\_sync\connection.py:78: in handle_request
    stream = self._connect(request)
             ^^^^^^^^^^^^^^^^^^^^^^
..\..\dark-factory-wearedevs\.venv\Lib\site-packages\httpcore\_sync\connection.py:124: in _connect
    stream = self._network_backend.connect_tcp(**kwargs)
             ^^^^^^^^^^^^^^^^^^^^^^^^^^^^^^^^^^^^^^^^^^^
..\..\dark-factory-wearedevs\.venv\Lib\site-packages\httpcore\_backends\sync.py:207: in connect_tcp
    with map_exceptions(exc_map):
         ^^^^^^^^^^^^^^^^^^^^^^^
..\..\..\..\AppData\Local\Programs\Python\Python312\Lib\contextlib.py:158: in __exit__
    self.gen.throw(value)
_ _ _ _ _ _ _ _ _ _ _ _ _ _ _ _ _ _ _ _ _ _ _ _ _ _ _ _ _ _ _ _ _ _ _ _ _ _ _ _

map = {<class 'TimeoutError'>: <class 'httpcore.ConnectTimeout'>, <class 'OSError'>: <class 'httpcore.ConnectError'>}

    @contextlib.contextmanager
    def map_exceptions(map: ExceptionMapping) -> typing.Iterator[None]:
        try:
            yield
        except Exception as exc:  # noqa: PIE786
            for from_exc, to_exc in map.items():
                if isinstance(exc, from_exc):
>                   raise to_exc(exc) from exc
E                   httpcore.ConnectError: [WinError 10061] No connection could be made because the target machine actively refused it

..\..\dark-factory-wearedevs\.venv\Lib\site-packages\httpcore\_exceptions.py:14: ConnectError

The above exception was the direct cause of the following exception:

reset = <function reset.<locals>._reset at 0x000001DDF9ADA520>
api = <function api.<locals>._api at 0x000001DDF9ADA8E0>

    @pytest.fixture
    def world(reset, api):
        fixture = fx.fixture()
>       reset(fixture)

C:\Users\HARIHA~1\AppData\Local\Temp\umbra-1125eee4-rmyw6v3j\repo\verify\stage-1\conftest.py:55: 
_ _ _ _ _ _ _ _ _ _ _ _ _ _ _ _ _ _ _ _ _ _ _ _ _ _ _ _ _ _ _ _ _ _ _ _ _ _ _ _
C:\Users\HARIHA~1\AppData\Local\Temp\umbra-1125eee4-rmyw6v3j\repo\verify\stage-1\conftest.py:30: in _reset
    resp = httpx.post(f"{base_url}/_test/reset", json=fixture, timeout=RESET_TIMEOUT)
           ^^^^^^^^^^^^^^^^^^^^^^^^^^^^^^^^^^^^^^^^^^^^^^^^^^^^^^^^^^^^^^^^^^^^^^^^^^
..\..\dark-factory-wearedevs\.venv\Lib\site-packages\httpx\_api.py:304: in post
    return request(
..\..\dark-factory-wearedevs\.venv\Lib\site-packages\httpx\_api.py:109: in request
    return client.request(
..\..\dark-factory-wearedevs\.venv\Lib\site-packages\httpx\_client.py:825: in request
    return self.send(request, auth=auth, follow_redirects=follow_redirects)
           ^^^^^^^^^^^^^^^^^^^^^^^^^^^^^^^^^^^^^^^^^^^^^^^^^^^^^^^^^^^^^^^^
..\..\dark-factory-wearedevs\.venv\Lib\site-packages\httpx\_client.py:914: in send
    response = self._send_handling_auth(
..\..\dark-factory-wearedevs\.venv\Lib\site-packages\httpx\_client.py:942: in _send_handling_auth
    response = self._send_handling_redirects(
..\..\dark-factory-wearedevs\.venv\Lib\site-packages\httpx\_client.py:979: in _send_handling_redirects
    response = self._send_single_request(request)
               ^^^^^^^^^^^^^^^^^^^^^^^^^^^^^^^^^^
..\..\dark-factory-wearedevs\.venv\Lib\site-packages\httpx\_client.py:1014: in _send_single_request
    response = transport.handle_request(request)
               ^^^^^^^^^^^^^^^^^^^^^^^^^^^^^^^^^
..\..\dark-factory-wearedevs\.venv\Lib\site-packages\httpx\_transports\default.py:249: in handle_request
    with map_httpcore_exceptions():
         ^^^^^^^^^^^^^^^^^^^^^^^^^
..\..\..\..\AppData\Local\Programs\Python\Python312\Lib\contextlib.py:158: in __exit__
    self.gen.throw(value)
_ _ _ _ _ _ _ _ _ _ _ _ _ _ _ _ _ _ _ _ _ _ _ _ _ _ _ _ _ _ _ _ _ _ _ _ _ _ _ _

    @contextlib.contextmanager
    def map_httpcore_exceptions() -> typing.Iterator[None]:
        global HTTPCORE_EXC_MAP
        if len(HTTPCORE_EXC_MAP) == 0:
            HTTPCORE_EXC_MAP = _load_httpcore_exceptions()
        try:
            yield
        except Exception as exc:
            mapped_exc = None
    
            for from_exc, to_exc in HTTPCORE_EXC_MAP.items():
                if not isinstance(exc, from_exc):
                    continue
                # We want to map to the most specific exception we can find.
                # Eg if `exc` is an `httpcore.ReadTimeout`, we want to map to
                # `httpx.ReadTimeout`, not just `httpx.TimeoutException`.
                if mapped_exc is None or issubclass(to_exc, mapped_exc):
                    mapped_exc = to_exc
    
            if mapped_exc is None:  # pragma: no cover
                raise
    
            message = str(exc)
>           raise mapped_exc(message) from exc
E           httpx.ConnectError: [WinError 10061] No connection could be made because the target machine actively refused it

..\..\dark-factory-wearedevs\.venv\Lib\site-packages\httpx\_transports\default.py:118: ConnectError
_____________ ERROR at setup of test_s1_c13_self_request_rejected _____________

    @contextlib.contextmanager
    def map_httpcore_exceptions() -> typing.Iterator[None]:
        global HTTPCORE_EXC_MAP
        if len(HTTPCORE_EXC_MAP) == 0:
            HTTPCORE_EXC_MAP = _load_httpcore_exceptions()
        try:
>           yield

..\..\dark-factory-wearedevs\.venv\Lib\site-packages\httpx\_transports\default.py:101: 
_ _ _ _ _ _ _ _ _ _ _ _ _ _ _ _ _ _ _ _ _ _ _ _ _ _ _ _ _ _ _ _ _ _ _ _ _ _ _ _
..\..\dark-factory-wearedevs\.venv\Lib\site-packages\httpx\_transports\default.py:250: in handle_request
    resp = self._pool.handle_request(req)
           ^^^^^^^^^^^^^^^^^^^^^^^^^^^^^^
..\..\dark-factory-wearedevs\.venv\Lib\site-packages\httpcore\_sync\connection_pool.py:256: in handle_request
    raise exc from None
..\..\dark-factory-wearedevs\.venv\Lib\site-packages\httpcore\_sync\connection_pool.py:236: in handle_request
    response = connection.handle_request(
..\..\dark-factory-wearedevs\.venv\Lib\site-packages\httpcore\_sync\connection.py:101: in handle_request
    raise exc
..\..\dark-factory-wearedevs\.venv\Lib\site-packages\httpcore\_sync\connection.py:78: in handle_request
    stream = self._connect(request)
             ^^^^^^^^^^^^^^^^^^^^^^
..\..\dark-factory-wearedevs\.venv\Lib\site-packages\httpcore\_sync\connection.py:124: in _connect
    stream = self._network_backend.connect_tcp(**kwargs)
             ^^^^^^^^^^^^^^^^^^^^^^^^^^^^^^^^^^^^^^^^^^^
..\..\dark-factory-wearedevs\.venv\Lib\site-packages\httpcore\_backends\sync.py:207: in connect_tcp
    with map_exceptions(exc_map):
         ^^^^^^^^^^^^^^^^^^^^^^^
..\..\..\..\AppData\Local\Programs\Python\Python312\Lib\contextlib.py:158: in __exit__
    self.gen.throw(value)
_ _ _ _ _ _ _ _ _ _ _ _ _ _ _ _ _ _ _ _ _ _ _ _ _ _ _ _ _ _ _ _ _ _ _ _ _ _ _ _

map = {<class 'TimeoutError'>: <class 'httpcore.ConnectTimeout'>, <class 'OSError'>: <class 'httpcore.ConnectError'>}

    @contextlib.contextmanager
    def map_exceptions(map: ExceptionMapping) -> typing.Iterator[None]:
        try:
            yield
        except Exception as exc:  # noqa: PIE786
            for from_exc, to_exc in map.items():
                if isinstance(exc, from_exc):
>                   raise to_exc(exc) from exc
E                   httpcore.ConnectError: [WinError 10061] No connection could be made because the target machine actively refused it

..\..\dark-factory-wearedevs\.venv\Lib\site-packages\httpcore\_exceptions.py:14: ConnectError

The above exception was the direct cause of the following exception:

reset = <function reset.<locals>._reset at 0x000001DDF9AD9C60>
api = <function api.<locals>._api at 0x000001DDF9AD98A0>

    @pytest.fixture
    def world(reset, api):
        fixture = fx.fixture()
>       reset(fixture)

C:\Users\HARIHA~1\AppData\Local\Temp\umbra-1125eee4-rmyw6v3j\repo\verify\stage-1\conftest.py:55: 
_ _ _ _ _ _ _ _ _ _ _ _ _ _ _ _ _ _ _ _ _ _ _ _ _ _ _ _ _ _ _ _ _ _ _ _ _ _ _ _
C:\Users\HARIHA~1\AppData\Local\Temp\umbra-1125eee4-rmyw6v3j\repo\verify\stage-1\conftest.py:30: in _reset
    resp = httpx.post(f"{base_url}/_test/reset", json=fixture, timeout=RESET_TIMEOUT)
           ^^^^^^^^^^^^^^^^^^^^^^^^^^^^^^^^^^^^^^^^^^^^^^^^^^^^^^^^^^^^^^^^^^^^^^^^^^
..\..\dark-factory-wearedevs\.venv\Lib\site-packages\httpx\_api.py:304: in post
    return request(
..\..\dark-factory-wearedevs\.venv\Lib\site-packages\httpx\_api.py:109: in request
    return client.request(
..\..\dark-factory-wearedevs\.venv\Lib\site-packages\httpx\_client.py:825: in request
    return self.send(request, auth=auth, follow_redirects=follow_redirects)
           ^^^^^^^^^^^^^^^^^^^^^^^^^^^^^^^^^^^^^^^^^^^^^^^^^^^^^^^^^^^^^^^^
..\..\dark-factory-wearedevs\.venv\Lib\site-packages\httpx\_client.py:914: in send
    response = self._send_handling_auth(
..\..\dark-factory-wearedevs\.venv\Lib\site-packages\httpx\_client.py:942: in _send_handling_auth
    response = self._send_handling_redirects(
..\..\dark-factory-wearedevs\.venv\Lib\site-packages\httpx\_client.py:979: in _send_handling_redirects
    response = self._send_single_request(request)
               ^^^^^^^^^^^^^^^^^^^^^^^^^^^^^^^^^^
..\..\dark-factory-wearedevs\.venv\Lib\site-packages\httpx\_client.py:1014: in _send_single_request
    response = transport.handle_request(request)
               ^^^^^^^^^^^^^^^^^^^^^^^^^^^^^^^^^
..\..\dark-factory-wearedevs\.venv\Lib\site-packages\httpx\_transports\default.py:249: in handle_request
    with map_httpcore_exceptions():
         ^^^^^^^^^^^^^^^^^^^^^^^^^
..\..\..\..\AppData\Local\Programs\Python\Python312\Lib\contextlib.py:158: in __exit__
    self.gen.throw(value)
_ _ _ _ _ _ _ _ _ _ _ _ _ _ _ _ _ _ _ _ _ _ _ _ _ _ _ _ _ _ _ _ _ _ _ _ _ _ _ _

    @contextlib.contextmanager
    def map_httpcore_exceptions() -> typing.Iterator[None]:
        global HTTPCORE_EXC_MAP
        if len(HTTPCORE_EXC_MAP) == 0:
            HTTPCORE_EXC_MAP = _load_httpcore_exceptions()
        try:
            yield
        except Exception as exc:
            mapped_exc = None
    
            for from_exc, to_exc in HTTPCORE_EXC_MAP.items():
                if not isinstance(exc, from_exc):
                    continue
                # We want to map to the most specific exception we can find.
                # Eg if `exc` is an `httpcore.ReadTimeout`, we want to map to
                # `httpx.ReadTimeout`, not just `httpx.TimeoutException`.
                if mapped_exc is None or issubclass(to_exc, mapped_exc):
                    mapped_exc = to_exc
    
            if mapped_exc is None:  # pragma: no cover
                raise
    
            message = str(exc)
>           raise mapped_exc(message) from exc
E           httpx.ConnectError: [WinError 10061] No connection could be made because the target machine actively refused it

..\..\dark-factory-wearedevs\.venv\Lib\site-packages\httpx\_transports\default.py:118: ConnectError
____________ ERROR at setup of test_s1_c14_pay_request_moves_money ____________

    @contextlib.contextmanager
    def map_httpcore_exceptions() -> typing.Iterator[None]:
        global HTTPCORE_EXC_MAP
        if len(HTTPCORE_EXC_MAP) == 0:
            HTTPCORE_EXC_MAP = _load_httpcore_exceptions()
        try:
>           yield

..\..\dark-factory-wearedevs\.venv\Lib\site-packages\httpx\_transports\default.py:101: 
_ _ _ _ _ _ _ _ _ _ _ _ _ _ _ _ _ _ _ _ _ _ _ _ _ _ _ _ _ _ _ _ _ _ _ _ _ _ _ _
..\..\dark-factory-wearedevs\.venv\Lib\site-packages\httpx\_transports\default.py:250: in handle_request
    resp = self._pool.handle_request(req)
           ^^^^^^^^^^^^^^^^^^^^^^^^^^^^^^
..\..\dark-factory-wearedevs\.venv\Lib\site-packages\httpcore\_sync\connection_pool.py:256: in handle_request
    raise exc from None
..\..\dark-factory-wearedevs\.venv\Lib\site-packages\httpcore\_sync\connection_pool.py:236: in handle_request
    response = connection.handle_request(
..\..\dark-factory-wearedevs\.venv\Lib\site-packages\httpcore\_sync\connection.py:101: in handle_request
    raise exc
..\..\dark-factory-wearedevs\.venv\Lib\site-packages\httpcore\_sync\connection.py:78: in handle_request
    stream = self._connect(request)
             ^^^^^^^^^^^^^^^^^^^^^^
..\..\dark-factory-wearedevs\.venv\Lib\site-packages\httpcore\_sync\connection.py:124: in _connect
    stream = self._network_backend.connect_tcp(**kwargs)
             ^^^^^^^^^^^^^^^^^^^^^^^^^^^^^^^^^^^^^^^^^^^
..\..\dark-factory-wearedevs\.venv\Lib\site-packages\httpcore\_backends\sync.py:207: in connect_tcp
    with map_exceptions(exc_map):
         ^^^^^^^^^^^^^^^^^^^^^^^
..\..\..\..\AppData\Local\Programs\Python\Python312\Lib\contextlib.py:158: in __exit__
    self.gen.throw(value)
_ _ _ _ _ _ _ _ _ _ _ _ _ _ _ _ _ _ _ _ _ _ _ _ _ _ _ _ _ _ _ _ _ _ _ _ _ _ _ _

map = {<class 'TimeoutError'>: <class 'httpcore.ConnectTimeout'>, <class 'OSError'>: <class 'httpcore.ConnectError'>}

    @contextlib.contextmanager
    def map_exceptions(map: ExceptionMapping) -> typing.Iterator[None]:
        try:
            yield
        except Exception as exc:  # noqa: PIE786
            for from_exc, to_exc in map.items():
                if isinstance(exc, from_exc):
>                   raise to_exc(exc) from exc
E                   httpcore.ConnectError: [WinError 10061] No connection could be made because the target machine actively refused it

..\..\dark-factory-wearedevs\.venv\Lib\site-packages\httpcore\_exceptions.py:14: ConnectError

The above exception was the direct cause of the following exception:

reset = <function reset.<locals>._reset at 0x000001DDF9AD9940>
api = <function api.<locals>._api at 0x000001DDF9AD89A0>

    @pytest.fixture
    def world(reset, api):
        fixture = fx.fixture()
>       reset(fixture)

C:\Users\HARIHA~1\AppData\Local\Temp\umbra-1125eee4-rmyw6v3j\repo\verify\stage-1\conftest.py:55: 
_ _ _ _ _ _ _ _ _ _ _ _ _ _ _ _ _ _ _ _ _ _ _ _ _ _ _ _ _ _ _ _ _ _ _ _ _ _ _ _
C:\Users\HARIHA~1\AppData\Local\Temp\umbra-1125eee4-rmyw6v3j\repo\verify\stage-1\conftest.py:30: in _reset
    resp = httpx.post(f"{base_url}/_test/reset", json=fixture, timeout=RESET_TIMEOUT)
           ^^^^^^^^^^^^^^^^^^^^^^^^^^^^^^^^^^^^^^^^^^^^^^^^^^^^^^^^^^^^^^^^^^^^^^^^^^
..\..\dark-factory-wearedevs\.venv\Lib\site-packages\httpx\_api.py:304: in post
    return request(
..\..\dark-factory-wearedevs\.venv\Lib\site-packages\httpx\_api.py:109: in request
    return client.request(
..\..\dark-factory-wearedevs\.venv\Lib\site-packages\httpx\_client.py:825: in request
    return self.send(request, auth=auth, follow_redirects=follow_redirects)
           ^^^^^^^^^^^^^^^^^^^^^^^^^^^^^^^^^^^^^^^^^^^^^^^^^^^^^^^^^^^^^^^^
..\..\dark-factory-wearedevs\.venv\Lib\site-packages\httpx\_client.py:914: in send
    response = self._send_handling_auth(
..\..\dark-factory-wearedevs\.venv\Lib\site-packages\httpx\_client.py:942: in _send_handling_auth
    response = self._send_handling_redirects(
..\..\dark-factory-wearedevs\.venv\Lib\site-packages\httpx\_client.py:979: in _send_handling_redirects
    response = self._send_single_request(request)
               ^^^^^^^^^^^^^^^^^^^^^^^^^^^^^^^^^^
..\..\dark-factory-wearedevs\.venv\Lib\site-packages\httpx\_client.py:1014: in _send_single_request
    response = transport.handle_request(request)
               ^^^^^^^^^^^^^^^^^^^^^^^^^^^^^^^^^
..\..\dark-factory-wearedevs\.venv\Lib\site-packages\httpx\_transports\default.py:249: in handle_request
    with map_httpcore_exceptions():
         ^^^^^^^^^^^^^^^^^^^^^^^^^
..\..\..\..\AppData\Local\Programs\Python\Python312\Lib\contextlib.py:158: in __exit__
    self.gen.throw(value)
_ _ _ _ _ _ _ _ _ _ _ _ _ _ _ _ _ _ _ _ _ _ _ _ _ _ _ _ _ _ _ _ _ _ _ _ _ _ _ _

    @contextlib.contextmanager
    def map_httpcore_exceptions() -> typing.Iterator[None]:
        global HTTPCORE_EXC_MAP
        if len(HTTPCORE_EXC_MAP) == 0:
            HTTPCORE_EXC_MAP = _load_httpcore_exceptions()
        try:
            yield
        except Exception as exc:
            mapped_exc = None
    
            for from_exc, to_exc in HTTPCORE_EXC_MAP.items():
                if not isinstance(exc, from_exc):
                    continue
                # We want to map to the most specific exception we can find.
                # Eg if `exc` is an `httpcore.ReadTimeout`, we want to map to
                # `httpx.ReadTimeout`, not just `httpx.TimeoutException`.
                if mapped_exc is None or issubclass(to_exc, mapped_exc):
                    mapped_exc = to_exc
    
            if mapped_exc is None:  # pragma: no cover
                raise
    
            message = str(exc)
>           raise mapped_exc(message) from exc
E           httpx.ConnectError: [WinError 10061] No connection could be made because the target machine actively refused it

..\..\dark-factory-wearedevs\.venv\Lib\site-packages\httpx\_transports\default.py:118: ConnectError
_______ ERROR at setup of test_s1_c14_pay_replay_200_when_already_paid ________

    @contextlib.contextmanager
    def map_httpcore_exceptions() -> typing.Iterator[None]:
        global HTTPCORE_EXC_MAP
        if len(HTTPCORE_EXC_MAP) == 0:
            HTTPCORE_EXC_MAP = _load_httpcore_exceptions()
        try:
>           yield

..\..\dark-factory-wearedevs\.venv\Lib\site-packages\httpx\_transports\default.py:101: 
_ _ _ _ _ _ _ _ _ _ _ _ _ _ _ _ _ _ _ _ _ _ _ _ _ _ _ _ _ _ _ _ _ _ _ _ _ _ _ _
..\..\dark-factory-wearedevs\.venv\Lib\site-packages\httpx\_transports\default.py:250: in handle_request
    resp = self._pool.handle_request(req)
           ^^^^^^^^^^^^^^^^^^^^^^^^^^^^^^
..\..\dark-factory-wearedevs\.venv\Lib\site-packages\httpcore\_sync\connection_pool.py:256: in handle_request
    raise exc from None
..\..\dark-factory-wearedevs\.venv\Lib\site-packages\httpcore\_sync\connection_pool.py:236: in handle_request
    response = connection.handle_request(
..\..\dark-factory-wearedevs\.venv\Lib\site-packages\httpcore\_sync\connection.py:101: in handle_request
    raise exc
..\..\dark-factory-wearedevs\.venv\Lib\site-packages\httpcore\_sync\connection.py:78: in handle_request
    stream = self._connect(request)
             ^^^^^^^^^^^^^^^^^^^^^^
..\..\dark-factory-wearedevs\.venv\Lib\site-packages\httpcore\_sync\connection.py:124: in _connect
    stream = self._network_backend.connect_tcp(**kwargs)
             ^^^^^^^^^^^^^^^^^^^^^^^^^^^^^^^^^^^^^^^^^^^
..\..\dark-factory-wearedevs\.venv\Lib\site-packages\httpcore\_backends\sync.py:207: in connect_tcp
    with map_exceptions(exc_map):
         ^^^^^^^^^^^^^^^^^^^^^^^
..\..\..\..\AppData\Local\Programs\Python\Python312\Lib\contextlib.py:158: in __exit__
    self.gen.throw(value)
_ _ _ _ _ _ _ _ _ _ _ _ _ _ _ _ _ _ _ _ _ _ _ _ _ _ _ _ _ _ _ _ _ _ _ _ _ _ _ _

map = {<class 'TimeoutError'>: <class 'httpcore.ConnectTimeout'>, <class 'OSError'>: <class 'httpcore.ConnectError'>}

    @contextlib.contextmanager
    def map_exceptions(map: ExceptionMapping) -> typing.Iterator[None]:
        try:
            yield
        except Exception as exc:  # noqa: PIE786
            for from_exc, to_exc in map.items():
                if isinstance(exc, from_exc):
>                   raise to_exc(exc) from exc
E                   httpcore.ConnectError: [WinError 10061] No connection could be made because the target machine actively refused it

..\..\dark-factory-wearedevs\.venv\Lib\site-packages\httpcore\_exceptions.py:14: ConnectError

The above exception was the direct cause of the following exception:

reset = <function reset.<locals>._reset at 0x000001DDF9ADAAC0>
api = <function api.<locals>._api at 0x000001DDF9ADA480>

    @pytest.fixture
    def world(reset, api):
        fixture = fx.fixture()
>       reset(fixture)

C:\Users\HARIHA~1\AppData\Local\Temp\umbra-1125eee4-rmyw6v3j\repo\verify\stage-1\conftest.py:55: 
_ _ _ _ _ _ _ _ _ _ _ _ _ _ _ _ _ _ _ _ _ _ _ _ _ _ _ _ _ _ _ _ _ _ _ _ _ _ _ _
C:\Users\HARIHA~1\AppData\Local\Temp\umbra-1125eee4-rmyw6v3j\repo\verify\stage-1\conftest.py:30: in _reset
    resp = httpx.post(f"{base_url}/_test/reset", json=fixture, timeout=RESET_TIMEOUT)
           ^^^^^^^^^^^^^^^^^^^^^^^^^^^^^^^^^^^^^^^^^^^^^^^^^^^^^^^^^^^^^^^^^^^^^^^^^^
..\..\dark-factory-wearedevs\.venv\Lib\site-packages\httpx\_api.py:304: in post
    return request(
..\..\dark-factory-wearedevs\.venv\Lib\site-packages\httpx\_api.py:109: in request
    return client.request(
..\..\dark-factory-wearedevs\.venv\Lib\site-packages\httpx\_client.py:825: in request
    return self.send(request, auth=auth, follow_redirects=follow_redirects)
           ^^^^^^^^^^^^^^^^^^^^^^^^^^^^^^^^^^^^^^^^^^^^^^^^^^^^^^^^^^^^^^^^
..\..\dark-factory-wearedevs\.venv\Lib\site-packages\httpx\_client.py:914: in send
    response = self._send_handling_auth(
..\..\dark-factory-wearedevs\.venv\Lib\site-packages\httpx\_client.py:942: in _send_handling_auth
    response = self._send_handling_redirects(
..\..\dark-factory-wearedevs\.venv\Lib\site-packages\httpx\_client.py:979: in _send_handling_redirects
    response = self._send_single_request(request)
               ^^^^^^^^^^^^^^^^^^^^^^^^^^^^^^^^^^
..\..\dark-factory-wearedevs\.venv\Lib\site-packages\httpx\_client.py:1014: in _send_single_request
    response = transport.handle_request(request)
               ^^^^^^^^^^^^^^^^^^^^^^^^^^^^^^^^^
..\..\dark-factory-wearedevs\.venv\Lib\site-packages\httpx\_transports\default.py:249: in handle_request
    with map_httpcore_exceptions():
         ^^^^^^^^^^^^^^^^^^^^^^^^^
..\..\..\..\AppData\Local\Programs\Python\Python312\Lib\contextlib.py:158: in __exit__
    self.gen.throw(value)
_ _ _ _ _ _ _ _ _ _ _ _ _ _ _ _ _ _ _ _ _ _ _ _ _ _ _ _ _ _ _ _ _ _ _ _ _ _ _ _

    @contextlib.contextmanager
    def map_httpcore_exceptions() -> typing.Iterator[None]:
        global HTTPCORE_EXC_MAP
        if len(HTTPCORE_EXC_MAP) == 0:
            HTTPCORE_EXC_MAP = _load_httpcore_exceptions()
        try:
            yield
        except Exception as exc:
            mapped_exc = None
    
            for from_exc, to_exc in HTTPCORE_EXC_MAP.items():
                if not isinstance(exc, from_exc):
                    continue
                # We want to map to the most specific exception we can find.
                # Eg if `exc` is an `httpcore.ReadTimeout`, we want to map to
                # `httpx.ReadTimeout`, not just `httpx.TimeoutException`.
                if mapped_exc is None or issubclass(to_exc, mapped_exc):
                    mapped_exc = to_exc
    
            if mapped_exc is None:  # pragma: no cover
                raise
    
            message = str(exc)
>           raise mapped_exc(message) from exc
E           httpx.ConnectError: [WinError 10061] No connection could be made because the target machine actively refused it

..\..\dark-factory-wearedevs\.venv\Lib\site-packages\httpx\_transports\default.py:118: ConnectError
______ ERROR at setup of test_s1_c14_insufficient_funds_on_pay_unchanged ______

    @contextlib.contextmanager
    def map_httpcore_exceptions() -> typing.Iterator[None]:
        global HTTPCORE_EXC_MAP
        if len(HTTPCORE_EXC_MAP) == 0:
            HTTPCORE_EXC_MAP = _load_httpcore_exceptions()
        try:
>           yield

..\..\dark-factory-wearedevs\.venv\Lib\site-packages\httpx\_transports\default.py:101: 
_ _ _ _ _ _ _ _ _ _ _ _ _ _ _ _ _ _ _ _ _ _ _ _ _ _ _ _ _ _ _ _ _ _ _ _ _ _ _ _
..\..\dark-factory-wearedevs\.venv\Lib\site-packages\httpx\_transports\default.py:250: in handle_request
    resp = self._pool.handle_request(req)
           ^^^^^^^^^^^^^^^^^^^^^^^^^^^^^^
..\..\dark-factory-wearedevs\.venv\Lib\site-packages\httpcore\_sync\connection_pool.py:256: in handle_request
    raise exc from None
..\..\dark-factory-wearedevs\.venv\Lib\site-packages\httpcore\_sync\connection_pool.py:236: in handle_request
    response = connection.handle_request(
..\..\dark-factory-wearedevs\.venv\Lib\site-packages\httpcore\_sync\connection.py:101: in handle_request
    raise exc
..\..\dark-factory-wearedevs\.venv\Lib\site-packages\httpcore\_sync\connection.py:78: in handle_request
    stream = self._connect(request)
             ^^^^^^^^^^^^^^^^^^^^^^
..\..\dark-factory-wearedevs\.venv\Lib\site-packages\httpcore\_sync\connection.py:124: in _connect
    stream = self._network_backend.connect_tcp(**kwargs)
             ^^^^^^^^^^^^^^^^^^^^^^^^^^^^^^^^^^^^^^^^^^^
..\..\dark-factory-wearedevs\.venv\Lib\site-packages\httpcore\_backends\sync.py:207: in connect_tcp
    with map_exceptions(exc_map):
         ^^^^^^^^^^^^^^^^^^^^^^^
..\..\..\..\AppData\Local\Programs\Python\Python312\Lib\contextlib.py:158: in __exit__
    self.gen.throw(value)
_ _ _ _ _ _ _ _ _ _ _ _ _ _ _ _ _ _ _ _ _ _ _ _ _ _ _ _ _ _ _ _ _ _ _ _ _ _ _ _

map = {<class 'TimeoutError'>: <class 'httpcore.ConnectTimeout'>, <class 'OSError'>: <class 'httpcore.ConnectError'>}

    @contextlib.contextmanager
    def map_exceptions(map: ExceptionMapping) -> typing.Iterator[None]:
        try:
            yield
        except Exception as exc:  # noqa: PIE786
            for from_exc, to_exc in map.items():
                if isinstance(exc, from_exc):
>                   raise to_exc(exc) from exc
E                   httpcore.ConnectError: [WinError 10061] No connection could be made because the target machine actively refused it

..\..\dark-factory-wearedevs\.venv\Lib\site-packages\httpcore\_exceptions.py:14: ConnectError

The above exception was the direct cause of the following exception:

reset = <function reset.<locals>._reset at 0x000001DDF9AA9120>
api = <function api.<locals>._api at 0x000001DDF9AA9800>

    @pytest.fixture
    def world(reset, api):
        fixture = fx.fixture()
>       reset(fixture)

C:\Users\HARIHA~1\AppData\Local\Temp\umbra-1125eee4-rmyw6v3j\repo\verify\stage-1\conftest.py:55: 
_ _ _ _ _ _ _ _ _ _ _ _ _ _ _ _ _ _ _ _ _ _ _ _ _ _ _ _ _ _ _ _ _ _ _ _ _ _ _ _
C:\Users\HARIHA~1\AppData\Local\Temp\umbra-1125eee4-rmyw6v3j\repo\verify\stage-1\conftest.py:30: in _reset
    resp = httpx.post(f"{base_url}/_test/reset", json=fixture, timeout=RESET_TIMEOUT)
           ^^^^^^^^^^^^^^^^^^^^^^^^^^^^^^^^^^^^^^^^^^^^^^^^^^^^^^^^^^^^^^^^^^^^^^^^^^
..\..\dark-factory-wearedevs\.venv\Lib\site-packages\httpx\_api.py:304: in post
    return request(
..\..\dark-factory-wearedevs\.venv\Lib\site-packages\httpx\_api.py:109: in request
    return client.request(
..\..\dark-factory-wearedevs\.venv\Lib\site-packages\httpx\_client.py:825: in request
    return self.send(request, auth=auth, follow_redirects=follow_redirects)
           ^^^^^^^^^^^^^^^^^^^^^^^^^^^^^^^^^^^^^^^^^^^^^^^^^^^^^^^^^^^^^^^^
..\..\dark-factory-wearedevs\.venv\Lib\site-packages\httpx\_client.py:914: in send
    response = self._send_handling_auth(
..\..\dark-factory-wearedevs\.venv\Lib\site-packages\httpx\_client.py:942: in _send_handling_auth
    response = self._send_handling_redirects(
..\..\dark-factory-wearedevs\.venv\Lib\site-packages\httpx\_client.py:979: in _send_handling_redirects
    response = self._send_single_request(request)
               ^^^^^^^^^^^^^^^^^^^^^^^^^^^^^^^^^^
..\..\dark-factory-wearedevs\.venv\Lib\site-packages\httpx\_client.py:1014: in _send_single_request
    response = transport.handle_request(request)
               ^^^^^^^^^^^^^^^^^^^^^^^^^^^^^^^^^
..\..\dark-factory-wearedevs\.venv\Lib\site-packages\httpx\_transports\default.py:249: in handle_request
    with map_httpcore_exceptions():
         ^^^^^^^^^^^^^^^^^^^^^^^^^
..\..\..\..\AppData\Local\Programs\Python\Python312\Lib\contextlib.py:158: in __exit__
    self.gen.throw(value)
_ _ _ _ _ _ _ _ _ _ _ _ _ _ _ _ _ _ _ _ _ _ _ _ _ _ _ _ _ _ _ _ _ _ _ _ _ _ _ _

    @contextlib.contextmanager
    def map_httpcore_exceptions() -> typing.Iterator[None]:
        global HTTPCORE_EXC_MAP
        if len(HTTPCORE_EXC_MAP) == 0:
            HTTPCORE_EXC_MAP = _load_httpcore_exceptions()
        try:
            yield
        except Exception as exc:
            mapped_exc = None
    
            for from_exc, to_exc in HTTPCORE_EXC_MAP.items():
                if not isinstance(exc, from_exc):
                    continue
                # We want to map to the most specific exception we can find.
                # Eg if `exc` is an `httpcore.ReadTimeout`, we want to map to
                # `httpx.ReadTimeout`, not just `httpx.TimeoutException`.
                if mapped_exc is None or issubclass(to_exc, mapped_exc):
                    mapped_exc = to_exc
    
            if mapped_exc is None:  # pragma: no cover
                raise
    
            message = str(exc)
>           raise mapped_exc(message) from exc
E           httpx.ConnectError: [WinError 10061] No connection could be made because the target machine actively refused it

..\..\dark-factory-wearedevs\.venv\Lib\site-packages\httpx\_transports\default.py:118: ConnectError
_________ ERROR at setup of test_s1_c15_decline_and_cancel_idempotent _________

    @contextlib.contextmanager
    def map_httpcore_exceptions() -> typing.Iterator[None]:
        global HTTPCORE_EXC_MAP
        if len(HTTPCORE_EXC_MAP) == 0:
            HTTPCORE_EXC_MAP = _load_httpcore_exceptions()
        try:
>           yield

..\..\dark-factory-wearedevs\.venv\Lib\site-packages\httpx\_transports\default.py:101: 
_ _ _ _ _ _ _ _ _ _ _ _ _ _ _ _ _ _ _ _ _ _ _ _ _ _ _ _ _ _ _ _ _ _ _ _ _ _ _ _
..\..\dark-factory-wearedevs\.venv\Lib\site-packages\httpx\_transports\default.py:250: in handle_request
    resp = self._pool.handle_request(req)
           ^^^^^^^^^^^^^^^^^^^^^^^^^^^^^^
..\..\dark-factory-wearedevs\.venv\Lib\site-packages\httpcore\_sync\connection_pool.py:256: in handle_request
    raise exc from None
..\..\dark-factory-wearedevs\.venv\Lib\site-packages\httpcore\_sync\connection_pool.py:236: in handle_request
    response = connection.handle_request(
..\..\dark-factory-wearedevs\.venv\Lib\site-packages\httpcore\_sync\connection.py:101: in handle_request
    raise exc
..\..\dark-factory-wearedevs\.venv\Lib\site-packages\httpcore\_sync\connection.py:78: in handle_request
    stream = self._connect(request)
             ^^^^^^^^^^^^^^^^^^^^^^
..\..\dark-factory-wearedevs\.venv\Lib\site-packages\httpcore\_sync\connection.py:124: in _connect
    stream = self._network_backend.connect_tcp(**kwargs)
             ^^^^^^^^^^^^^^^^^^^^^^^^^^^^^^^^^^^^^^^^^^^
..\..\dark-factory-wearedevs\.venv\Lib\site-packages\httpcore\_backends\sync.py:207: in connect_tcp
    with map_exceptions(exc_map):
         ^^^^^^^^^^^^^^^^^^^^^^^
..\..\..\..\AppData\Local\Programs\Python\Python312\Lib\contextlib.py:158: in __exit__
    self.gen.throw(value)
_ _ _ _ _ _ _ _ _ _ _ _ _ _ _ _ _ _ _ _ _ _ _ _ _ _ _ _ _ _ _ _ _ _ _ _ _ _ _ _

map = {<class 'TimeoutError'>: <class 'httpcore.ConnectTimeout'>, <class 'OSError'>: <class 'httpcore.ConnectError'>}

    @contextlib.contextmanager
    def map_exceptions(map: ExceptionMapping) -> typing.Iterator[None]:
        try:
            yield
        except Exception as exc:  # noqa: PIE786
            for from_exc, to_exc in map.items():
                if isinstance(exc, from_exc):
>                   raise to_exc(exc) from exc
E                   httpcore.ConnectError: [WinError 10061] No connection could be made because the target machine actively refused it

..\..\dark-factory-wearedevs\.venv\Lib\site-packages\httpcore\_exceptions.py:14: ConnectError

The above exception was the direct cause of the following exception:

reset = <function reset.<locals>._reset at 0x000001DDF9ADAF20>
api = <function api.<locals>._api at 0x000001DDF9AD8860>

    @pytest.fixture
    def world(reset, api):
        fixture = fx.fixture()
>       reset(fixture)

C:\Users\HARIHA~1\AppData\Local\Temp\umbra-1125eee4-rmyw6v3j\repo\verify\stage-1\conftest.py:55: 
_ _ _ _ _ _ _ _ _ _ _ _ _ _ _ _ _ _ _ _ _ _ _ _ _ _ _ _ _ _ _ _ _ _ _ _ _ _ _ _
C:\Users\HARIHA~1\AppData\Local\Temp\umbra-1125eee4-rmyw6v3j\repo\verify\stage-1\conftest.py:30: in _reset
    resp = httpx.post(f"{base_url}/_test/reset", json=fixture, timeout=RESET_TIMEOUT)
           ^^^^^^^^^^^^^^^^^^^^^^^^^^^^^^^^^^^^^^^^^^^^^^^^^^^^^^^^^^^^^^^^^^^^^^^^^^
..\..\dark-factory-wearedevs\.venv\Lib\site-packages\httpx\_api.py:304: in post
    return request(
..\..\dark-factory-wearedevs\.venv\Lib\site-packages\httpx\_api.py:109: in request
    return client.request(
..\..\dark-factory-wearedevs\.venv\Lib\site-packages\httpx\_client.py:825: in request
    return self.send(request, auth=auth, follow_redirects=follow_redirects)
           ^^^^^^^^^^^^^^^^^^^^^^^^^^^^^^^^^^^^^^^^^^^^^^^^^^^^^^^^^^^^^^^^
..\..\dark-factory-wearedevs\.venv\Lib\site-packages\httpx\_client.py:914: in send
    response = self._send_handling_auth(
..\..\dark-factory-wearedevs\.venv\Lib\site-packages\httpx\_client.py:942: in _send_handling_auth
    response = self._send_handling_redirects(
..\..\dark-factory-wearedevs\.venv\Lib\site-packages\httpx\_client.py:979: in _send_handling_redirects
    response = self._send_single_request(request)
               ^^^^^^^^^^^^^^^^^^^^^^^^^^^^^^^^^^
..\..\dark-factory-wearedevs\.venv\Lib\site-packages\httpx\_client.py:1014: in _send_single_request
    response = transport.handle_request(request)
               ^^^^^^^^^^^^^^^^^^^^^^^^^^^^^^^^^
..\..\dark-factory-wearedevs\.venv\Lib\site-packages\httpx\_transports\default.py:249: in handle_request
    with map_httpcore_exceptions():
         ^^^^^^^^^^^^^^^^^^^^^^^^^
..\..\..\..\AppData\Local\Programs\Python\Python312\Lib\contextlib.py:158: in __exit__
    self.gen.throw(value)
_ _ _ _ _ _ _ _ _ _ _ _ _ _ _ _ _ _ _ _ _ _ _ _ _ _ _ _ _ _ _ _ _ _ _ _ _ _ _ _

    @contextlib.contextmanager
    def map_httpcore_exceptions() -> typing.Iterator[None]:
        global HTTPCORE_EXC_MAP
        if len(HTTPCORE_EXC_MAP) == 0:
            HTTPCORE_EXC_MAP = _load_httpcore_exceptions()
        try:
            yield
        except Exception as exc:
            mapped_exc = None
    
            for from_exc, to_exc in HTTPCORE_EXC_MAP.items():
                if not isinstance(exc, from_exc):
                    continue
                # We want to map to the most specific exception we can find.
                # Eg if `exc` is an `httpcore.ReadTimeout`, we want to map to
                # `httpx.ReadTimeout`, not just `httpx.TimeoutException`.
                if mapped_exc is None or issubclass(to_exc, mapped_exc):
                    mapped_exc = to_exc
    
            if mapped_exc is None:  # pragma: no cover
                raise
    
            message = str(exc)
>           raise mapped_exc(message) from exc
E           httpx.ConnectError: [WinError 10061] No connection could be made because the target machine actively refused it

..\..\dark-factory-wearedevs\.venv\Lib\site-packages\httpx\_transports\default.py:118: ConnectError
_____________ ERROR at setup of test_s1_c15_wrong_party_forbidden _____________

    @contextlib.contextmanager
    def map_httpcore_exceptions() -> typing.Iterator[None]:
        global HTTPCORE_EXC_MAP
        if len(HTTPCORE_EXC_MAP) == 0:
            HTTPCORE_EXC_MAP = _load_httpcore_exceptions()
        try:
>           yield

..\..\dark-factory-wearedevs\.venv\Lib\site-packages\httpx\_transports\default.py:101: 
_ _ _ _ _ _ _ _ _ _ _ _ _ _ _ _ _ _ _ _ _ _ _ _ _ _ _ _ _ _ _ _ _ _ _ _ _ _ _ _
..\..\dark-factory-wearedevs\.venv\Lib\site-packages\httpx\_transports\default.py:250: in handle_request
    resp = self._pool.handle_request(req)
           ^^^^^^^^^^^^^^^^^^^^^^^^^^^^^^
..\..\dark-factory-wearedevs\.venv\Lib\site-packages\httpcore\_sync\connection_pool.py:256: in handle_request
    raise exc from None
..\..\dark-factory-wearedevs\.venv\Lib\site-packages\httpcore\_sync\connection_pool.py:236: in handle_request
    response = connection.handle_request(
..\..\dark-factory-wearedevs\.venv\Lib\site-packages\httpcore\_sync\connection.py:101: in handle_request
    raise exc
..\..\dark-factory-wearedevs\.venv\Lib\site-packages\httpcore\_sync\connection.py:78: in handle_request
    stream = self._connect(request)
             ^^^^^^^^^^^^^^^^^^^^^^
..\..\dark-factory-wearedevs\.venv\Lib\site-packages\httpcore\_sync\connection.py:124: in _connect
    stream = self._network_backend.connect_tcp(**kwargs)
             ^^^^^^^^^^^^^^^^^^^^^^^^^^^^^^^^^^^^^^^^^^^
..\..\dark-factory-wearedevs\.venv\Lib\site-packages\httpcore\_backends\sync.py:207: in connect_tcp
    with map_exceptions(exc_map):
         ^^^^^^^^^^^^^^^^^^^^^^^
..\..\..\..\AppData\Local\Programs\Python\Python312\Lib\contextlib.py:158: in __exit__
    self.gen.throw(value)
_ _ _ _ _ _ _ _ _ _ _ _ _ _ _ _ _ _ _ _ _ _ _ _ _ _ _ _ _ _ _ _ _ _ _ _ _ _ _ _

map = {<class 'TimeoutError'>: <class 'httpcore.ConnectTimeout'>, <class 'OSError'>: <class 'httpcore.ConnectError'>}

    @contextlib.contextmanager
    def map_exceptions(map: ExceptionMapping) -> typing.Iterator[None]:
        try:
            yield
        except Exception as exc:  # noqa: PIE786
            for from_exc, to_exc in map.items():
                if isinstance(exc, from_exc):
>                   raise to_exc(exc) from exc
E                   httpcore.ConnectError: [WinError 10061] No connection could be made because the target machine actively refused it

..\..\dark-factory-wearedevs\.venv\Lib\site-packages\httpcore\_exceptions.py:14: ConnectError

The above exception was the direct cause of the following exception:

reset = <function reset.<locals>._reset at 0x000001DDF9AA9080>
api = <function api.<locals>._api at 0x000001DDF9AAACA0>

    @pytest.fixture
    def world(reset, api):
        fixture = fx.fixture()
>       reset(fixture)

C:\Users\HARIHA~1\AppData\Local\Temp\umbra-1125eee4-rmyw6v3j\repo\verify\stage-1\conftest.py:55: 
_ _ _ _ _ _ _ _ _ _ _ _ _ _ _ _ _ _ _ _ _ _ _ _ _ _ _ _ _ _ _ _ _ _ _ _ _ _ _ _
C:\Users\HARIHA~1\AppData\Local\Temp\umbra-1125eee4-rmyw6v3j\repo\verify\stage-1\conftest.py:30: in _reset
    resp = httpx.post(f"{base_url}/_test/reset", json=fixture, timeout=RESET_TIMEOUT)
           ^^^^^^^^^^^^^^^^^^^^^^^^^^^^^^^^^^^^^^^^^^^^^^^^^^^^^^^^^^^^^^^^^^^^^^^^^^
..\..\dark-factory-wearedevs\.venv\Lib\site-packages\httpx\_api.py:304: in post
    return request(
..\..\dark-factory-wearedevs\.venv\Lib\site-packages\httpx\_api.py:109: in request
    return client.request(
..\..\dark-factory-wearedevs\.venv\Lib\site-packages\httpx\_client.py:825: in request
    return self.send(request, auth=auth, follow_redirects=follow_redirects)
           ^^^^^^^^^^^^^^^^^^^^^^^^^^^^^^^^^^^^^^^^^^^^^^^^^^^^^^^^^^^^^^^^
..\..\dark-factory-wearedevs\.venv\Lib\site-packages\httpx\_client.py:914: in send
    response = self._send_handling_auth(
..\..\dark-factory-wearedevs\.venv\Lib\site-packages\httpx\_client.py:942: in _send_handling_auth
    response = self._send_handling_redirects(
..\..\dark-factory-wearedevs\.venv\Lib\site-packages\httpx\_client.py:979: in _send_handling_redirects
    response = self._send_single_request(request)
               ^^^^^^^^^^^^^^^^^^^^^^^^^^^^^^^^^^
..\..\dark-factory-wearedevs\.venv\Lib\site-packages\httpx\_client.py:1014: in _send_single_request
    response = transport.handle_request(request)
               ^^^^^^^^^^^^^^^^^^^^^^^^^^^^^^^^^
..\..\dark-factory-wearedevs\.venv\Lib\site-packages\httpx\_transports\default.py:249: in handle_request
    with map_httpcore_exceptions():
         ^^^^^^^^^^^^^^^^^^^^^^^^^
..\..\..\..\AppData\Local\Programs\Python\Python312\Lib\contextlib.py:158: in __exit__
    self.gen.throw(value)
_ _ _ _ _ _ _ _ _ _ _ _ _ _ _ _ _ _ _ _ _ _ _ _ _ _ _ _ _ _ _ _ _ _ _ _ _ _ _ _

    @contextlib.contextmanager
    def map_httpcore_exceptions() -> typing.Iterator[None]:
        global HTTPCORE_EXC_MAP
        if len(HTTPCORE_EXC_MAP) == 0:
            HTTPCORE_EXC_MAP = _load_httpcore_exceptions()
        try:
            yield
        except Exception as exc:
            mapped_exc = None
    
            for from_exc, to_exc in HTTPCORE_EXC_MAP.items():
                if not isinstance(exc, from_exc):
                    continue
                # We want to map to the most specific exception we can find.
                # Eg if `exc` is an `httpcore.ReadTimeout`, we want to map to
                # `httpx.ReadTimeout`, not just `httpx.TimeoutException`.
                if mapped_exc is None or issubclass(to_exc, mapped_exc):
                    mapped_exc = to_exc
    
            if mapped_exc is None:  # pragma: no cover
                raise
    
            message = str(exc)
>           raise mapped_exc(message) from exc
E           httpx.ConnectError: [WinError 10061] No connection could be made because the target machine actively refused it

..\..\dark-factory-wearedevs\.venv\Lib\site-packages\httpx\_transports\default.py:118: ConnectError
_____________ ERROR at setup of test_s1_c16_requests_list_filters _____________

    @contextlib.contextmanager
    def map_httpcore_exceptions() -> typing.Iterator[None]:
        global HTTPCORE_EXC_MAP
        if len(HTTPCORE_EXC_MAP) == 0:
            HTTPCORE_EXC_MAP = _load_httpcore_exceptions()
        try:
>           yield

..\..\dark-factory-wearedevs\.venv\Lib\site-packages\httpx\_transports\default.py:101: 
_ _ _ _ _ _ _ _ _ _ _ _ _ _ _ _ _ _ _ _ _ _ _ _ _ _ _ _ _ _ _ _ _ _ _ _ _ _ _ _
..\..\dark-factory-wearedevs\.venv\Lib\site-packages\httpx\_transports\default.py:250: in handle_request
    resp = self._pool.handle_request(req)
           ^^^^^^^^^^^^^^^^^^^^^^^^^^^^^^
..\..\dark-factory-wearedevs\.venv\Lib\site-packages\httpcore\_sync\connection_pool.py:256: in handle_request
    raise exc from None
..\..\dark-factory-wearedevs\.venv\Lib\site-packages\httpcore\_sync\connection_pool.py:236: in handle_request
    response = connection.handle_request(
..\..\dark-factory-wearedevs\.venv\Lib\site-packages\httpcore\_sync\connection.py:101: in handle_request
    raise exc
..\..\dark-factory-wearedevs\.venv\Lib\site-packages\httpcore\_sync\connection.py:78: in handle_request
    stream = self._connect(request)
             ^^^^^^^^^^^^^^^^^^^^^^
..\..\dark-factory-wearedevs\.venv\Lib\site-packages\httpcore\_sync\connection.py:124: in _connect
    stream = self._network_backend.connect_tcp(**kwargs)
             ^^^^^^^^^^^^^^^^^^^^^^^^^^^^^^^^^^^^^^^^^^^
..\..\dark-factory-wearedevs\.venv\Lib\site-packages\httpcore\_backends\sync.py:207: in connect_tcp
    with map_exceptions(exc_map):
         ^^^^^^^^^^^^^^^^^^^^^^^
..\..\..\..\AppData\Local\Programs\Python\Python312\Lib\contextlib.py:158: in __exit__
    self.gen.throw(value)
_ _ _ _ _ _ _ _ _ _ _ _ _ _ _ _ _ _ _ _ _ _ _ _ _ _ _ _ _ _ _ _ _ _ _ _ _ _ _ _

map = {<class 'TimeoutError'>: <class 'httpcore.ConnectTimeout'>, <class 'OSError'>: <class 'httpcore.ConnectError'>}

    @contextlib.contextmanager
    def map_exceptions(map: ExceptionMapping) -> typing.Iterator[None]:
        try:
            yield
        except Exception as exc:  # noqa: PIE786
            for from_exc, to_exc in map.items():
                if isinstance(exc, from_exc):
>                   raise to_exc(exc) from exc
E                   httpcore.ConnectError: [WinError 10061] No connection could be made because the target machine actively refused it

..\..\dark-factory-wearedevs\.venv\Lib\site-packages\httpcore\_exceptions.py:14: ConnectError

The above exception was the direct cause of the following exception:

reset = <function reset.<locals>._reset at 0x000001DDF9AD87C0>
api = <function api.<locals>._api at 0x000001DDF9ADBF60>

    @pytest.fixture
    def world(reset, api):
        fixture = fx.fixture()
>       reset(fixture)

C:\Users\HARIHA~1\AppData\Local\Temp\umbra-1125eee4-rmyw6v3j\repo\verify\stage-1\conftest.py:55: 
_ _ _ _ _ _ _ _ _ _ _ _ _ _ _ _ _ _ _ _ _ _ _ _ _ _ _ _ _ _ _ _ _ _ _ _ _ _ _ _
C:\Users\HARIHA~1\AppData\Local\Temp\umbra-1125eee4-rmyw6v3j\repo\verify\stage-1\conftest.py:30: in _reset
    resp = httpx.post(f"{base_url}/_test/reset", json=fixture, timeout=RESET_TIMEOUT)
           ^^^^^^^^^^^^^^^^^^^^^^^^^^^^^^^^^^^^^^^^^^^^^^^^^^^^^^^^^^^^^^^^^^^^^^^^^^
..\..\dark-factory-wearedevs\.venv\Lib\site-packages\httpx\_api.py:304: in post
    return request(
..\..\dark-factory-wearedevs\.venv\Lib\site-packages\httpx\_api.py:109: in request
    return client.request(
..\..\dark-factory-wearedevs\.venv\Lib\site-packages\httpx\_client.py:825: in request
    return self.send(request, auth=auth, follow_redirects=follow_redirects)
           ^^^^^^^^^^^^^^^^^^^^^^^^^^^^^^^^^^^^^^^^^^^^^^^^^^^^^^^^^^^^^^^^
..\..\dark-factory-wearedevs\.venv\Lib\site-packages\httpx\_client.py:914: in send
    response = self._send_handling_auth(
..\..\dark-factory-wearedevs\.venv\Lib\site-packages\httpx\_client.py:942: in _send_handling_auth
    response = self._send_handling_redirects(
..\..\dark-factory-wearedevs\.venv\Lib\site-packages\httpx\_client.py:979: in _send_handling_redirects
    response = self._send_single_request(request)
               ^^^^^^^^^^^^^^^^^^^^^^^^^^^^^^^^^^
..\..\dark-factory-wearedevs\.venv\Lib\site-packages\httpx\_client.py:1014: in _send_single_request
    response = transport.handle_request(request)
               ^^^^^^^^^^^^^^^^^^^^^^^^^^^^^^^^^
..\..\dark-factory-wearedevs\.venv\Lib\site-packages\httpx\_transports\default.py:249: in handle_request
    with map_httpcore_exceptions():
         ^^^^^^^^^^^^^^^^^^^^^^^^^
..\..\..\..\AppData\Local\Programs\Python\Python312\Lib\contextlib.py:158: in __exit__
    self.gen.throw(value)
_ _ _ _ _ _ _ _ _ _ _ _ _ _ _ _ _ _ _ _ _ _ _ _ _ _ _ _ _ _ _ _ _ _ _ _ _ _ _ _

    @contextlib.contextmanager
    def map_httpcore_exceptions() -> typing.Iterator[None]:
        global HTTPCORE_EXC_MAP
        if len(HTTPCORE_EXC_MAP) == 0:
            HTTPCORE_EXC_MAP = _load_httpcore_exceptions()
        try:
            yield
        except Exception as exc:
            mapped_exc = None
    
            for from_exc, to_exc in HTTPCORE_EXC_MAP.items():
                if not isinstance(exc, from_exc):
                    continue
                # We want to map to the most specific exception we can find.
                # Eg if `exc` is an `httpcore.ReadTimeout`, we want to map to
                # `httpx.ReadTimeout`, not just `httpx.TimeoutException`.
                if mapped_exc is None or issubclass(to_exc, mapped_exc):
                    mapped_exc = to_exc
    
            if mapped_exc is None:  # pragma: no cover
                raise
    
            message = str(exc)
>           raise mapped_exc(message) from exc
E           httpx.ConnectError: [WinError 10061] No connection could be made because the target machine actively refused it

..\..\dark-factory-wearedevs\.venv\Lib\site-packages\httpx\_transports\default.py:118: ConnectError
______________ ERROR at setup of test_s1_c16_bad_query_integers _______________

    @contextlib.contextmanager
    def map_httpcore_exceptions() -> typing.Iterator[None]:
        global HTTPCORE_EXC_MAP
        if len(HTTPCORE_EXC_MAP) == 0:
            HTTPCORE_EXC_MAP = _load_httpcore_exceptions()
        try:
>           yield

..\..\dark-factory-wearedevs\.venv\Lib\site-packages\httpx\_transports\default.py:101: 
_ _ _ _ _ _ _ _ _ _ _ _ _ _ _ _ _ _ _ _ _ _ _ _ _ _ _ _ _ _ _ _ _ _ _ _ _ _ _ _
..\..\dark-factory-wearedevs\.venv\Lib\site-packages\httpx\_transports\default.py:250: in handle_request
    resp = self._pool.handle_request(req)
           ^^^^^^^^^^^^^^^^^^^^^^^^^^^^^^
..\..\dark-factory-wearedevs\.venv\Lib\site-packages\httpcore\_sync\connection_pool.py:256: in handle_request
    raise exc from None
..\..\dark-factory-wearedevs\.venv\Lib\site-packages\httpcore\_sync\connection_pool.py:236: in handle_request
    response = connection.handle_request(
..\..\dark-factory-wearedevs\.venv\Lib\site-packages\httpcore\_sync\connection.py:101: in handle_request
    raise exc
..\..\dark-factory-wearedevs\.venv\Lib\site-packages\httpcore\_sync\connection.py:78: in handle_request
    stream = self._connect(request)
             ^^^^^^^^^^^^^^^^^^^^^^
..\..\dark-factory-wearedevs\.venv\Lib\site-packages\httpcore\_sync\connection.py:124: in _connect
    stream = self._network_backend.connect_tcp(**kwargs)
             ^^^^^^^^^^^^^^^^^^^^^^^^^^^^^^^^^^^^^^^^^^^
..\..\dark-factory-wearedevs\.venv\Lib\site-packages\httpcore\_backends\sync.py:207: in connect_tcp
    with map_exceptions(exc_map):
         ^^^^^^^^^^^^^^^^^^^^^^^
..\..\..\..\AppData\Local\Programs\Python\Python312\Lib\contextlib.py:158: in __exit__
    self.gen.throw(value)
_ _ _ _ _ _ _ _ _ _ _ _ _ _ _ _ _ _ _ _ _ _ _ _ _ _ _ _ _ _ _ _ _ _ _ _ _ _ _ _

map = {<class 'TimeoutError'>: <class 'httpcore.ConnectTimeout'>, <class 'OSError'>: <class 'httpcore.ConnectError'>}

    @contextlib.contextmanager
    def map_exceptions(map: ExceptionMapping) -> typing.Iterator[None]:
        try:
            yield
        except Exception as exc:  # noqa: PIE786
            for from_exc, to_exc in map.items():
                if isinstance(exc, from_exc):
>                   raise to_exc(exc) from exc
E                   httpcore.ConnectError: [WinError 10061] No connection could be made because the target machine actively refused it

..\..\dark-factory-wearedevs\.venv\Lib\site-packages\httpcore\_exceptions.py:14: ConnectError

The above exception was the direct cause of the following exception:

reset = <function reset.<locals>._reset at 0x000001DDF9AA9080>
api = <function api.<locals>._api at 0x000001DDF9AAB380>

    @pytest.fixture
    def world(reset, api):
        fixture = fx.fixture()
>       reset(fixture)

C:\Users\HARIHA~1\AppData\Local\Temp\umbra-1125eee4-rmyw6v3j\repo\verify\stage-1\conftest.py:55: 
_ _ _ _ _ _ _ _ _ _ _ _ _ _ _ _ _ _ _ _ _ _ _ _ _ _ _ _ _ _ _ _ _ _ _ _ _ _ _ _
C:\Users\HARIHA~1\AppData\Local\Temp\umbra-1125eee4-rmyw6v3j\repo\verify\stage-1\conftest.py:30: in _reset
    resp = httpx.post(f"{base_url}/_test/reset", json=fixture, timeout=RESET_TIMEOUT)
           ^^^^^^^^^^^^^^^^^^^^^^^^^^^^^^^^^^^^^^^^^^^^^^^^^^^^^^^^^^^^^^^^^^^^^^^^^^
..\..\dark-factory-wearedevs\.venv\Lib\site-packages\httpx\_api.py:304: in post
    return request(
..\..\dark-factory-wearedevs\.venv\Lib\site-packages\httpx\_api.py:109: in request
    return client.request(
..\..\dark-factory-wearedevs\.venv\Lib\site-packages\httpx\_client.py:825: in request
    return self.send(request, auth=auth, follow_redirects=follow_redirects)
           ^^^^^^^^^^^^^^^^^^^^^^^^^^^^^^^^^^^^^^^^^^^^^^^^^^^^^^^^^^^^^^^^
..\..\dark-factory-wearedevs\.venv\Lib\site-packages\httpx\_client.py:914: in send
    response = self._send_handling_auth(
..\..\dark-factory-wearedevs\.venv\Lib\site-packages\httpx\_client.py:942: in _send_handling_auth
    response = self._send_handling_redirects(
..\..\dark-factory-wearedevs\.venv\Lib\site-packages\httpx\_client.py:979: in _send_handling_redirects
    response = self._send_single_request(request)
               ^^^^^^^^^^^^^^^^^^^^^^^^^^^^^^^^^^
..\..\dark-factory-wearedevs\.venv\Lib\site-packages\httpx\_client.py:1014: in _send_single_request
    response = transport.handle_request(request)
               ^^^^^^^^^^^^^^^^^^^^^^^^^^^^^^^^^
..\..\dark-factory-wearedevs\.venv\Lib\site-packages\httpx\_transports\default.py:249: in handle_request
    with map_httpcore_exceptions():
         ^^^^^^^^^^^^^^^^^^^^^^^^^
..\..\..\..\AppData\Local\Programs\Python\Python312\Lib\contextlib.py:158: in __exit__
    self.gen.throw(value)
_ _ _ _ _ _ _ _ _ _ _ _ _ _ _ _ _ _ _ _ _ _ _ _ _ _ _ _ _ _ _ _ _ _ _ _ _ _ _ _

    @contextlib.contextmanager
    def map_httpcore_exceptions() -> typing.Iterator[None]:
        global HTTPCORE_EXC_MAP
        if len(HTTPCORE_EXC_MAP) == 0:
            HTTPCORE_EXC_MAP = _load_httpcore_exceptions()
        try:
            yield
        except Exception as exc:
            mapped_exc = None
    
            for from_exc, to_exc in HTTPCORE_EXC_MAP.items():
                if not isinstance(exc, from_exc):
                    continue
                # We want to map to the most specific exception we can find.
                # Eg if `exc` is an `httpcore.ReadTimeout`, we want to map to
                # `httpx.ReadTimeout`, not just `httpx.TimeoutException`.
                if mapped_exc is None or issubclass(to_exc, mapped_exc):
                    mapped_exc = to_exc
    
            if mapped_exc is None:  # pragma: no cover
                raise
    
            message = str(exc)
>           raise mapped_exc(message) from exc
E           httpx.ConnectError: [WinError 10061] No connection could be made because the target machine actively refused it

..\..\dark-factory-wearedevs\.venv\Lib\site-packages\httpx\_transports\default.py:118: ConnectError
__________ ERROR at setup of test_s1_c6_unknown_body_fields_ignored ___________

    @contextlib.contextmanager
    def map_httpcore_exceptions() -> typing.Iterator[None]:
        global HTTPCORE_EXC_MAP
        if len(HTTPCORE_EXC_MAP) == 0:
            HTTPCORE_EXC_MAP = _load_httpcore_exceptions()
        try:
>           yield

..\..\dark-factory-wearedevs\.venv\Lib\site-packages\httpx\_transports\default.py:101: 
_ _ _ _ _ _ _ _ _ _ _ _ _ _ _ _ _ _ _ _ _ _ _ _ _ _ _ _ _ _ _ _ _ _ _ _ _ _ _ _
..\..\dark-factory-wearedevs\.venv\Lib\site-packages\httpx\_transports\default.py:250: in handle_request
    resp = self._pool.handle_request(req)
           ^^^^^^^^^^^^^^^^^^^^^^^^^^^^^^
..\..\dark-factory-wearedevs\.venv\Lib\site-packages\httpcore\_sync\connection_pool.py:256: in handle_request
    raise exc from None
..\..\dark-factory-wearedevs\.venv\Lib\site-packages\httpcore\_sync\connection_pool.py:236: in handle_request
    response = connection.handle_request(
..\..\dark-factory-wearedevs\.venv\Lib\site-packages\httpcore\_sync\connection.py:101: in handle_request
    raise exc
..\..\dark-factory-wearedevs\.venv\Lib\site-packages\httpcore\_sync\connection.py:78: in handle_request
    stream = self._connect(request)
             ^^^^^^^^^^^^^^^^^^^^^^
..\..\dark-factory-wearedevs\.venv\Lib\site-packages\httpcore\_sync\connection.py:124: in _connect
    stream = self._network_backend.connect_tcp(**kwargs)
             ^^^^^^^^^^^^^^^^^^^^^^^^^^^^^^^^^^^^^^^^^^^
..\..\dark-factory-wearedevs\.venv\Lib\site-packages\httpcore\_backends\sync.py:207: in connect_tcp
    with map_exceptions(exc_map):
         ^^^^^^^^^^^^^^^^^^^^^^^
..\..\..\..\AppData\Local\Programs\Python\Python312\Lib\contextlib.py:158: in __exit__
    self.gen.throw(value)
_ _ _ _ _ _ _ _ _ _ _ _ _ _ _ _ _ _ _ _ _ _ _ _ _ _ _ _ _ _ _ _ _ _ _ _ _ _ _ _

map = {<class 'TimeoutError'>: <class 'httpcore.ConnectTimeout'>, <class 'OSError'>: <class 'httpcore.ConnectError'>}

    @contextlib.contextmanager
    def map_exceptions(map: ExceptionMapping) -> typing.Iterator[None]:
        try:
            yield
        except Exception as exc:  # noqa: PIE786
            for from_exc, to_exc in map.items():
                if isinstance(exc, from_exc):
>                   raise to_exc(exc) from exc
E                   httpcore.ConnectError: [WinError 10061] No connection could be made because the target machine actively refused it

..\..\dark-factory-wearedevs\.venv\Lib\site-packages\httpcore\_exceptions.py:14: ConnectError

The above exception was the direct cause of the following exception:

reset = <function reset.<locals>._reset at 0x000001DDF85923E0>
api = <function api.<locals>._api at 0x000001DDF8591EE0>

    @pytest.fixture
    def world(reset, api):
        fixture = fx.fixture()
>       reset(fixture)

C:\Users\HARIHA~1\AppData\Local\Temp\umbra-1125eee4-rmyw6v3j\repo\verify\stage-1\conftest.py:55: 
_ _ _ _ _ _ _ _ _ _ _ _ _ _ _ _ _ _ _ _ _ _ _ _ _ _ _ _ _ _ _ _ _ _ _ _ _ _ _ _
C:\Users\HARIHA~1\AppData\Local\Temp\umbra-1125eee4-rmyw6v3j\repo\verify\stage-1\conftest.py:30: in _reset
    resp = httpx.post(f"{base_url}/_test/reset", json=fixture, timeout=RESET_TIMEOUT)
           ^^^^^^^^^^^^^^^^^^^^^^^^^^^^^^^^^^^^^^^^^^^^^^^^^^^^^^^^^^^^^^^^^^^^^^^^^^
..\..\dark-factory-wearedevs\.venv\Lib\site-packages\httpx\_api.py:304: in post
    return request(
..\..\dark-factory-wearedevs\.venv\Lib\site-packages\httpx\_api.py:109: in request
    return client.request(
..\..\dark-factory-wearedevs\.venv\Lib\site-packages\httpx\_client.py:825: in request
    return self.send(request, auth=auth, follow_redirects=follow_redirects)
           ^^^^^^^^^^^^^^^^^^^^^^^^^^^^^^^^^^^^^^^^^^^^^^^^^^^^^^^^^^^^^^^^
..\..\dark-factory-wearedevs\.venv\Lib\site-packages\httpx\_client.py:914: in send
    response = self._send_handling_auth(
..\..\dark-factory-wearedevs\.venv\Lib\site-packages\httpx\_client.py:942: in _send_handling_auth
    response = self._send_handling_redirects(
..\..\dark-factory-wearedevs\.venv\Lib\site-packages\httpx\_client.py:979: in _send_handling_redirects
    response = self._send_single_request(request)
               ^^^^^^^^^^^^^^^^^^^^^^^^^^^^^^^^^^
..\..\dark-factory-wearedevs\.venv\Lib\site-packages\httpx\_client.py:1014: in _send_single_request
    response = transport.handle_request(request)
               ^^^^^^^^^^^^^^^^^^^^^^^^^^^^^^^^^
..\..\dark-factory-wearedevs\.venv\Lib\site-packages\httpx\_transports\default.py:249: in handle_request
    with map_httpcore_exceptions():
         ^^^^^^^^^^^^^^^^^^^^^^^^^
..\..\..\..\AppData\Local\Programs\Python\Python312\Lib\contextlib.py:158: in __exit__
    self.gen.throw(value)
_ _ _ _ _ _ _ _ _ _ _ _ _ _ _ _ _ _ _ _ _ _ _ _ _ _ _ _ _ _ _ _ _ _ _ _ _ _ _ _

    @contextlib.contextmanager
    def map_httpcore_exceptions() -> typing.Iterator[None]:
        global HTTPCORE_EXC_MAP
        if len(HTTPCORE_EXC_MAP) == 0:
            HTTPCORE_EXC_MAP = _load_httpcore_exceptions()
        try:
            yield
        except Exception as exc:
            mapped_exc = None
    
            for from_exc, to_exc in HTTPCORE_EXC_MAP.items():
                if not isinstance(exc, from_exc):
                    continue
                # We want to map to the most specific exception we can find.
                # Eg if `exc` is an `httpcore.ReadTimeout`, we want to map to
                # `httpx.ReadTimeout`, not just `httpx.TimeoutException`.
                if mapped_exc is None or issubclass(to_exc, mapped_exc):
                    mapped_exc = to_exc
    
            if mapped_exc is None:  # pragma: no cover
                raise
    
            message = str(exc)
>           raise mapped_exc(message) from exc
E           httpx.ConnectError: [WinError 10061] No connection could be made because the target machine actively refused it

..\..\dark-factory-wearedevs\.venv\Lib\site-packages\httpx\_transports\default.py:118: ConnectError
__________ ERROR at setup of test_s1_c6_unknown_query_params_ignored __________

    @contextlib.contextmanager
    def map_httpcore_exceptions() -> typing.Iterator[None]:
        global HTTPCORE_EXC_MAP
        if len(HTTPCORE_EXC_MAP) == 0:
            HTTPCORE_EXC_MAP = _load_httpcore_exceptions()
        try:
>           yield

..\..\dark-factory-wearedevs\.venv\Lib\site-packages\httpx\_transports\default.py:101: 
_ _ _ _ _ _ _ _ _ _ _ _ _ _ _ _ _ _ _ _ _ _ _ _ _ _ _ _ _ _ _ _ _ _ _ _ _ _ _ _
..\..\dark-factory-wearedevs\.venv\Lib\site-packages\httpx\_transports\default.py:250: in handle_request
    resp = self._pool.handle_request(req)
           ^^^^^^^^^^^^^^^^^^^^^^^^^^^^^^
..\..\dark-factory-wearedevs\.venv\Lib\site-packages\httpcore\_sync\connection_pool.py:256: in handle_request
    raise exc from None
..\..\dark-factory-wearedevs\.venv\Lib\site-packages\httpcore\_sync\connection_pool.py:236: in handle_request
    response = connection.handle_request(
..\..\dark-factory-wearedevs\.venv\Lib\site-packages\httpcore\_sync\connection.py:101: in handle_request
    raise exc
..\..\dark-factory-wearedevs\.venv\Lib\site-packages\httpcore\_sync\connection.py:78: in handle_request
    stream = self._connect(request)
             ^^^^^^^^^^^^^^^^^^^^^^
..\..\dark-factory-wearedevs\.venv\Lib\site-packages\httpcore\_sync\connection.py:124: in _connect
    stream = self._network_backend.connect_tcp(**kwargs)
             ^^^^^^^^^^^^^^^^^^^^^^^^^^^^^^^^^^^^^^^^^^^
..\..\dark-factory-wearedevs\.venv\Lib\site-packages\httpcore\_backends\sync.py:207: in connect_tcp
    with map_exceptions(exc_map):
         ^^^^^^^^^^^^^^^^^^^^^^^
..\..\..\..\AppData\Local\Programs\Python\Python312\Lib\contextlib.py:158: in __exit__
    self.gen.throw(value)
_ _ _ _ _ _ _ _ _ _ _ _ _ _ _ _ _ _ _ _ _ _ _ _ _ _ _ _ _ _ _ _ _ _ _ _ _ _ _ _

map = {<class 'TimeoutError'>: <class 'httpcore.ConnectTimeout'>, <class 'OSError'>: <class 'httpcore.ConnectError'>}

    @contextlib.contextmanager
    def map_exceptions(map: ExceptionMapping) -> typing.Iterator[None]:
        try:
            yield
        except Exception as exc:  # noqa: PIE786
            for from_exc, to_exc in map.items():
                if isinstance(exc, from_exc):
>                   raise to_exc(exc) from exc
E                   httpcore.ConnectError: [WinError 10061] No connection could be made because the target machine actively refused it

..\..\dark-factory-wearedevs\.venv\Lib\site-packages\httpcore\_exceptions.py:14: ConnectError

The above exception was the direct cause of the following exception:

reset = <function reset.<locals>._reset at 0x000001DDF8592C00>
api = <function api.<locals>._api at 0x000001DDF8592D40>

    @pytest.fixture
    def world(reset, api):
        fixture = fx.fixture()
>       reset(fixture)

C:\Users\HARIHA~1\AppData\Local\Temp\umbra-1125eee4-rmyw6v3j\repo\verify\stage-1\conftest.py:55: 
_ _ _ _ _ _ _ _ _ _ _ _ _ _ _ _ _ _ _ _ _ _ _ _ _ _ _ _ _ _ _ _ _ _ _ _ _ _ _ _
C:\Users\HARIHA~1\AppData\Local\Temp\umbra-1125eee4-rmyw6v3j\repo\verify\stage-1\conftest.py:30: in _reset
    resp = httpx.post(f"{base_url}/_test/reset", json=fixture, timeout=RESET_TIMEOUT)
           ^^^^^^^^^^^^^^^^^^^^^^^^^^^^^^^^^^^^^^^^^^^^^^^^^^^^^^^^^^^^^^^^^^^^^^^^^^
..\..\dark-factory-wearedevs\.venv\Lib\site-packages\httpx\_api.py:304: in post
    return request(
..\..\dark-factory-wearedevs\.venv\Lib\site-packages\httpx\_api.py:109: in request
    return client.request(
..\..\dark-factory-wearedevs\.venv\Lib\site-packages\httpx\_client.py:825: in request
    return self.send(request, auth=auth, follow_redirects=follow_redirects)
           ^^^^^^^^^^^^^^^^^^^^^^^^^^^^^^^^^^^^^^^^^^^^^^^^^^^^^^^^^^^^^^^^
..\..\dark-factory-wearedevs\.venv\Lib\site-packages\httpx\_client.py:914: in send
    response = self._send_handling_auth(
..\..\dark-factory-wearedevs\.venv\Lib\site-packages\httpx\_client.py:942: in _send_handling_auth
    response = self._send_handling_redirects(
..\..\dark-factory-wearedevs\.venv\Lib\site-packages\httpx\_client.py:979: in _send_handling_redirects
    response = self._send_single_request(request)
               ^^^^^^^^^^^^^^^^^^^^^^^^^^^^^^^^^^
..\..\dark-factory-wearedevs\.venv\Lib\site-packages\httpx\_client.py:1014: in _send_single_request
    response = transport.handle_request(request)
               ^^^^^^^^^^^^^^^^^^^^^^^^^^^^^^^^^
..\..\dark-factory-wearedevs\.venv\Lib\site-packages\httpx\_transports\default.py:249: in handle_request
    with map_httpcore_exceptions():
         ^^^^^^^^^^^^^^^^^^^^^^^^^
..\..\..\..\AppData\Local\Programs\Python\Python312\Lib\contextlib.py:158: in __exit__
    self.gen.throw(value)
_ _ _ _ _ _ _ _ _ _ _ _ _ _ _ _ _ _ _ _ _ _ _ _ _ _ _ _ _ _ _ _ _ _ _ _ _ _ _ _

    @contextlib.contextmanager
    def map_httpcore_exceptions() -> typing.Iterator[None]:
        global HTTPCORE_EXC_MAP
        if len(HTTPCORE_EXC_MAP) == 0:
            HTTPCORE_EXC_MAP = _load_httpcore_exceptions()
        try:
            yield
        except Exception as exc:
            mapped_exc = None
    
            for from_exc, to_exc in HTTPCORE_EXC_MAP.items():
                if not isinstance(exc, from_exc):
                    continue
                # We want to map to the most specific exception we can find.
                # Eg if `exc` is an `httpcore.ReadTimeout`, we want to map to
                # `httpx.ReadTimeout`, not just `httpx.TimeoutException`.
                if mapped_exc is None or issubclass(to_exc, mapped_exc):
                    mapped_exc = to_exc
    
            if mapped_exc is None:  # pragma: no cover
                raise
    
            message = str(exc)
>           raise mapped_exc(message) from exc
E           httpx.ConnectError: [WinError 10061] No connection could be made because the target machine actively refused it

..\..\dark-factory-wearedevs\.venv\Lib\site-packages\httpx\_transports\default.py:118: ConnectError
_________ ERROR at setup of test_s1_c6_created_at_has_rfc3339_offset __________

    @contextlib.contextmanager
    def map_httpcore_exceptions() -> typing.Iterator[None]:
        global HTTPCORE_EXC_MAP
        if len(HTTPCORE_EXC_MAP) == 0:
            HTTPCORE_EXC_MAP = _load_httpcore_exceptions()
        try:
>           yield

..\..\dark-factory-wearedevs\.venv\Lib\site-packages\httpx\_transports\default.py:101: 
_ _ _ _ _ _ _ _ _ _ _ _ _ _ _ _ _ _ _ _ _ _ _ _ _ _ _ _ _ _ _ _ _ _ _ _ _ _ _ _
..\..\dark-factory-wearedevs\.venv\Lib\site-packages\httpx\_transports\default.py:250: in handle_request
    resp = self._pool.handle_request(req)
           ^^^^^^^^^^^^^^^^^^^^^^^^^^^^^^
..\..\dark-factory-wearedevs\.venv\Lib\site-packages\httpcore\_sync\connection_pool.py:256: in handle_request
    raise exc from None
..\..\dark-factory-wearedevs\.venv\Lib\site-packages\httpcore\_sync\connection_pool.py:236: in handle_request
    response = connection.handle_request(
..\..\dark-factory-wearedevs\.venv\Lib\site-packages\httpcore\_sync\connection.py:101: in handle_request
    raise exc
..\..\dark-factory-wearedevs\.venv\Lib\site-packages\httpcore\_sync\connection.py:78: in handle_request
    stream = self._connect(request)
             ^^^^^^^^^^^^^^^^^^^^^^
..\..\dark-factory-wearedevs\.venv\Lib\site-packages\httpcore\_sync\connection.py:124: in _connect
    stream = self._network_backend.connect_tcp(**kwargs)
             ^^^^^^^^^^^^^^^^^^^^^^^^^^^^^^^^^^^^^^^^^^^
..\..\dark-factory-wearedevs\.venv\Lib\site-packages\httpcore\_backends\sync.py:207: in connect_tcp
    with map_exceptions(exc_map):
         ^^^^^^^^^^^^^^^^^^^^^^^
..\..\..\..\AppData\Local\Programs\Python\Python312\Lib\contextlib.py:158: in __exit__
    self.gen.throw(value)
_ _ _ _ _ _ _ _ _ _ _ _ _ _ _ _ _ _ _ _ _ _ _ _ _ _ _ _ _ _ _ _ _ _ _ _ _ _ _ _

map = {<class 'TimeoutError'>: <class 'httpcore.ConnectTimeout'>, <class 'OSError'>: <class 'httpcore.ConnectError'>}

    @contextlib.contextmanager
    def map_exceptions(map: ExceptionMapping) -> typing.Iterator[None]:
        try:
            yield
        except Exception as exc:  # noqa: PIE786
            for from_exc, to_exc in map.items():
                if isinstance(exc, from_exc):
>                   raise to_exc(exc) from exc
E                   httpcore.ConnectError: [WinError 10061] No connection could be made because the target machine actively refused it

..\..\dark-factory-wearedevs\.venv\Lib\site-packages\httpcore\_exceptions.py:14: ConnectError

The above exception was the direct cause of the following exception:

reset = <function reset.<locals>._reset at 0x000001DDF86D2AC0>
api = <function api.<locals>._api at 0x000001DDF9ADB7E0>

    @pytest.fixture
    def world(reset, api):
        fixture = fx.fixture()
>       reset(fixture)

C:\Users\HARIHA~1\AppData\Local\Temp\umbra-1125eee4-rmyw6v3j\repo\verify\stage-1\conftest.py:55: 
_ _ _ _ _ _ _ _ _ _ _ _ _ _ _ _ _ _ _ _ _ _ _ _ _ _ _ _ _ _ _ _ _ _ _ _ _ _ _ _
C:\Users\HARIHA~1\AppData\Local\Temp\umbra-1125eee4-rmyw6v3j\repo\verify\stage-1\conftest.py:30: in _reset
    resp = httpx.post(f"{base_url}/_test/reset", json=fixture, timeout=RESET_TIMEOUT)
           ^^^^^^^^^^^^^^^^^^^^^^^^^^^^^^^^^^^^^^^^^^^^^^^^^^^^^^^^^^^^^^^^^^^^^^^^^^
..\..\dark-factory-wearedevs\.venv\Lib\site-packages\httpx\_api.py:304: in post
    return request(
..\..\dark-factory-wearedevs\.venv\Lib\site-packages\httpx\_api.py:109: in request
    return client.request(
..\..\dark-factory-wearedevs\.venv\Lib\site-packages\httpx\_client.py:825: in request
    return self.send(request, auth=auth, follow_redirects=follow_redirects)
           ^^^^^^^^^^^^^^^^^^^^^^^^^^^^^^^^^^^^^^^^^^^^^^^^^^^^^^^^^^^^^^^^
..\..\dark-factory-wearedevs\.venv\Lib\site-packages\httpx\_client.py:914: in send
    response = self._send_handling_auth(
..\..\dark-factory-wearedevs\.venv\Lib\site-packages\httpx\_client.py:942: in _send_handling_auth
    response = self._send_handling_redirects(
..\..\dark-factory-wearedevs\.venv\Lib\site-packages\httpx\_client.py:979: in _send_handling_redirects
    response = self._send_single_request(request)
               ^^^^^^^^^^^^^^^^^^^^^^^^^^^^^^^^^^
..\..\dark-factory-wearedevs\.venv\Lib\site-packages\httpx\_client.py:1014: in _send_single_request
    response = transport.handle_request(request)
               ^^^^^^^^^^^^^^^^^^^^^^^^^^^^^^^^^
..\..\dark-factory-wearedevs\.venv\Lib\site-packages\httpx\_transports\default.py:249: in handle_request
    with map_httpcore_exceptions():
         ^^^^^^^^^^^^^^^^^^^^^^^^^
..\..\..\..\AppData\Local\Programs\Python\Python312\Lib\contextlib.py:158: in __exit__
    self.gen.throw(value)
_ _ _ _ _ _ _ _ _ _ _ _ _ _ _ _ _ _ _ _ _ _ _ _ _ _ _ _ _ _ _ _ _ _ _ _ _ _ _ _

    @contextlib.contextmanager
    def map_httpcore_exceptions() -> typing.Iterator[None]:
        global HTTPCORE_EXC_MAP
        if len(HTTPCORE_EXC_MAP) == 0:
            HTTPCORE_EXC_MAP = _load_httpcore_exceptions()
        try:
            yield
        except Exception as exc:
            mapped_exc = None
    
            for from_exc, to_exc in HTTPCORE_EXC_MAP.items():
                if not isinstance(exc, from_exc):
                    continue
                # We want to map to the most specific exception we can find.
                # Eg if `exc` is an `httpcore.ReadTimeout`, we want to map to
                # `httpx.ReadTimeout`, not just `httpx.TimeoutException`.
                if mapped_exc is None or issubclass(to_exc, mapped_exc):
                    mapped_exc = to_exc
    
            if mapped_exc is None:  # pragma: no cover
                raise
    
            message = str(exc)
>           raise mapped_exc(message) from exc
E           httpx.ConnectError: [WinError 10061] No connection could be made because the target machine actively refused it

..\..\dark-factory-wearedevs\.venv\Lib\site-packages\httpx\_transports\default.py:118: ConnectError
_________ ERROR at setup of test_s1_c7_resource_ids_at_most_64_chars __________

    @contextlib.contextmanager
    def map_httpcore_exceptions() -> typing.Iterator[None]:
        global HTTPCORE_EXC_MAP
        if len(HTTPCORE_EXC_MAP) == 0:
            HTTPCORE_EXC_MAP = _load_httpcore_exceptions()
        try:
>           yield

..\..\dark-factory-wearedevs\.venv\Lib\site-packages\httpx\_transports\default.py:101: 
_ _ _ _ _ _ _ _ _ _ _ _ _ _ _ _ _ _ _ _ _ _ _ _ _ _ _ _ _ _ _ _ _ _ _ _ _ _ _ _
..\..\dark-factory-wearedevs\.venv\Lib\site-packages\httpx\_transports\default.py:250: in handle_request
    resp = self._pool.handle_request(req)
           ^^^^^^^^^^^^^^^^^^^^^^^^^^^^^^
..\..\dark-factory-wearedevs\.venv\Lib\site-packages\httpcore\_sync\connection_pool.py:256: in handle_request
    raise exc from None
..\..\dark-factory-wearedevs\.venv\Lib\site-packages\httpcore\_sync\connection_pool.py:236: in handle_request
    response = connection.handle_request(
..\..\dark-factory-wearedevs\.venv\Lib\site-packages\httpcore\_sync\connection.py:101: in handle_request
    raise exc
..\..\dark-factory-wearedevs\.venv\Lib\site-packages\httpcore\_sync\connection.py:78: in handle_request
    stream = self._connect(request)
             ^^^^^^^^^^^^^^^^^^^^^^
..\..\dark-factory-wearedevs\.venv\Lib\site-packages\httpcore\_sync\connection.py:124: in _connect
    stream = self._network_backend.connect_tcp(**kwargs)
             ^^^^^^^^^^^^^^^^^^^^^^^^^^^^^^^^^^^^^^^^^^^
..\..\dark-factory-wearedevs\.venv\Lib\site-packages\httpcore\_backends\sync.py:207: in connect_tcp
    with map_exceptions(exc_map):
         ^^^^^^^^^^^^^^^^^^^^^^^
..\..\..\..\AppData\Local\Programs\Python\Python312\Lib\contextlib.py:158: in __exit__
    self.gen.throw(value)
_ _ _ _ _ _ _ _ _ _ _ _ _ _ _ _ _ _ _ _ _ _ _ _ _ _ _ _ _ _ _ _ _ _ _ _ _ _ _ _

map = {<class 'TimeoutError'>: <class 'httpcore.ConnectTimeout'>, <class 'OSError'>: <class 'httpcore.ConnectError'>}

    @contextlib.contextmanager
    def map_exceptions(map: ExceptionMapping) -> typing.Iterator[None]:
        try:
            yield
        except Exception as exc:  # noqa: PIE786
            for from_exc, to_exc in map.items():
                if isinstance(exc, from_exc):
>                   raise to_exc(exc) from exc
E                   httpcore.ConnectError: [WinError 10061] No connection could be made because the target machine actively refused it

..\..\dark-factory-wearedevs\.venv\Lib\site-packages\httpcore\_exceptions.py:14: ConnectError

The above exception was the direct cause of the following exception:

reset = <function reset.<locals>._reset at 0x000001DDF9ADBA60>
api = <function api.<locals>._api at 0x000001DDF9AD8900>

    @pytest.fixture
    def world(reset, api):
        fixture = fx.fixture()
>       reset(fixture)

C:\Users\HARIHA~1\AppData\Local\Temp\umbra-1125eee4-rmyw6v3j\repo\verify\stage-1\conftest.py:55: 
_ _ _ _ _ _ _ _ _ _ _ _ _ _ _ _ _ _ _ _ _ _ _ _ _ _ _ _ _ _ _ _ _ _ _ _ _ _ _ _
C:\Users\HARIHA~1\AppData\Local\Temp\umbra-1125eee4-rmyw6v3j\repo\verify\stage-1\conftest.py:30: in _reset
    resp = httpx.post(f"{base_url}/_test/reset", json=fixture, timeout=RESET_TIMEOUT)
           ^^^^^^^^^^^^^^^^^^^^^^^^^^^^^^^^^^^^^^^^^^^^^^^^^^^^^^^^^^^^^^^^^^^^^^^^^^
..\..\dark-factory-wearedevs\.venv\Lib\site-packages\httpx\_api.py:304: in post
    return request(
..\..\dark-factory-wearedevs\.venv\Lib\site-packages\httpx\_api.py:109: in request
    return client.request(
..\..\dark-factory-wearedevs\.venv\Lib\site-packages\httpx\_client.py:825: in request
    return self.send(request, auth=auth, follow_redirects=follow_redirects)
           ^^^^^^^^^^^^^^^^^^^^^^^^^^^^^^^^^^^^^^^^^^^^^^^^^^^^^^^^^^^^^^^^
..\..\dark-factory-wearedevs\.venv\Lib\site-packages\httpx\_client.py:914: in send
    response = self._send_handling_auth(
..\..\dark-factory-wearedevs\.venv\Lib\site-packages\httpx\_client.py:942: in _send_handling_auth
    response = self._send_handling_redirects(
..\..\dark-factory-wearedevs\.venv\Lib\site-packages\httpx\_client.py:979: in _send_handling_redirects
    response = self._send_single_request(request)
               ^^^^^^^^^^^^^^^^^^^^^^^^^^^^^^^^^^
..\..\dark-factory-wearedevs\.venv\Lib\site-packages\httpx\_client.py:1014: in _send_single_request
    response = transport.handle_request(request)
               ^^^^^^^^^^^^^^^^^^^^^^^^^^^^^^^^^
..\..\dark-factory-wearedevs\.venv\Lib\site-packages\httpx\_transports\default.py:249: in handle_request
    with map_httpcore_exceptions():
         ^^^^^^^^^^^^^^^^^^^^^^^^^
..\..\..\..\AppData\Local\Programs\Python\Python312\Lib\contextlib.py:158: in __exit__
    self.gen.throw(value)
_ _ _ _ _ _ _ _ _ _ _ _ _ _ _ _ _ _ _ _ _ _ _ _ _ _ _ _ _ _ _ _ _ _ _ _ _ _ _ _

    @contextlib.contextmanager
    def map_httpcore_exceptions() -> typing.Iterator[None]:
        global HTTPCORE_EXC_MAP
        if len(HTTPCORE_EXC_MAP) == 0:
            HTTPCORE_EXC_MAP = _load_httpcore_exceptions()
        try:
            yield
        except Exception as exc:
            mapped_exc = None
    
            for from_exc, to_exc in HTTPCORE_EXC_MAP.items():
                if not isinstance(exc, from_exc):
                    continue
                # We want to map to the most specific exception we can find.
                # Eg if `exc` is an `httpcore.ReadTimeout`, we want to map to
                # `httpx.ReadTimeout`, not just `httpx.TimeoutException`.
                if mapped_exc is None or issubclass(to_exc, mapped_exc):
                    mapped_exc = to_exc
    
            if mapped_exc is None:  # pragma: no cover
                raise
    
            message = str(exc)
>           raise mapped_exc(message) from exc
E           httpx.ConnectError: [WinError 10061] No connection could be made because the target machine actively refused it

..\..\dark-factory-wearedevs\.venv\Lib\site-packages\httpx\_transports\default.py:118: ConnectError
____________ ERROR at setup of test_s1_c25_non_operator_forbidden _____________

    @contextlib.contextmanager
    def map_httpcore_exceptions() -> typing.Iterator[None]:
        global HTTPCORE_EXC_MAP
        if len(HTTPCORE_EXC_MAP) == 0:
            HTTPCORE_EXC_MAP = _load_httpcore_exceptions()
        try:
>           yield

..\..\dark-factory-wearedevs\.venv\Lib\site-packages\httpx\_transports\default.py:101: 
_ _ _ _ _ _ _ _ _ _ _ _ _ _ _ _ _ _ _ _ _ _ _ _ _ _ _ _ _ _ _ _ _ _ _ _ _ _ _ _
..\..\dark-factory-wearedevs\.venv\Lib\site-packages\httpx\_transports\default.py:250: in handle_request
    resp = self._pool.handle_request(req)
           ^^^^^^^^^^^^^^^^^^^^^^^^^^^^^^
..\..\dark-factory-wearedevs\.venv\Lib\site-packages\httpcore\_sync\connection_pool.py:256: in handle_request
    raise exc from None
..\..\dark-factory-wearedevs\.venv\Lib\site-packages\httpcore\_sync\connection_pool.py:236: in handle_request
    response = connection.handle_request(
..\..\dark-factory-wearedevs\.venv\Lib\site-packages\httpcore\_sync\connection.py:101: in handle_request
    raise exc
..\..\dark-factory-wearedevs\.venv\Lib\site-packages\httpcore\_sync\connection.py:78: in handle_request
    stream = self._connect(request)
             ^^^^^^^^^^^^^^^^^^^^^^
..\..\dark-factory-wearedevs\.venv\Lib\site-packages\httpcore\_sync\connection.py:124: in _connect
    stream = self._network_backend.connect_tcp(**kwargs)
             ^^^^^^^^^^^^^^^^^^^^^^^^^^^^^^^^^^^^^^^^^^^
..\..\dark-factory-wearedevs\.venv\Lib\site-packages\httpcore\_backends\sync.py:207: in connect_tcp
    with map_exceptions(exc_map):
         ^^^^^^^^^^^^^^^^^^^^^^^
..\..\..\..\AppData\Local\Programs\Python\Python312\Lib\contextlib.py:158: in __exit__
    self.gen.throw(value)
_ _ _ _ _ _ _ _ _ _ _ _ _ _ _ _ _ _ _ _ _ _ _ _ _ _ _ _ _ _ _ _ _ _ _ _ _ _ _ _

map = {<class 'TimeoutError'>: <class 'httpcore.ConnectTimeout'>, <class 'OSError'>: <class 'httpcore.ConnectError'>}

    @contextlib.contextmanager
    def map_exceptions(map: ExceptionMapping) -> typing.Iterator[None]:
        try:
            yield
        except Exception as exc:  # noqa: PIE786
            for from_exc, to_exc in map.items():
                if isinstance(exc, from_exc):
>                   raise to_exc(exc) from exc
E                   httpcore.ConnectError: [WinError 10061] No connection could be made because the target machine actively refused it

..\..\dark-factory-wearedevs\.venv\Lib\site-packages\httpcore\_exceptions.py:14: ConnectError

The above exception was the direct cause of the following exception:

reset = <function reset.<locals>._reset at 0x000001DDF9AD8900>
api = <function api.<locals>._api at 0x000001DDF9ADB2E0>

    @pytest.fixture
    def world(reset, api):
        fixture = fx.fixture()
>       reset(fixture)

C:\Users\HARIHA~1\AppData\Local\Temp\umbra-1125eee4-rmyw6v3j\repo\verify\stage-1\conftest.py:55: 
_ _ _ _ _ _ _ _ _ _ _ _ _ _ _ _ _ _ _ _ _ _ _ _ _ _ _ _ _ _ _ _ _ _ _ _ _ _ _ _
C:\Users\HARIHA~1\AppData\Local\Temp\umbra-1125eee4-rmyw6v3j\repo\verify\stage-1\conftest.py:30: in _reset
    resp = httpx.post(f"{base_url}/_test/reset", json=fixture, timeout=RESET_TIMEOUT)
           ^^^^^^^^^^^^^^^^^^^^^^^^^^^^^^^^^^^^^^^^^^^^^^^^^^^^^^^^^^^^^^^^^^^^^^^^^^
..\..\dark-factory-wearedevs\.venv\Lib\site-packages\httpx\_api.py:304: in post
    return request(
..\..\dark-factory-wearedevs\.venv\Lib\site-packages\httpx\_api.py:109: in request
    return client.request(
..\..\dark-factory-wearedevs\.venv\Lib\site-packages\httpx\_client.py:825: in request
    return self.send(request, auth=auth, follow_redirects=follow_redirects)
           ^^^^^^^^^^^^^^^^^^^^^^^^^^^^^^^^^^^^^^^^^^^^^^^^^^^^^^^^^^^^^^^^
..\..\dark-factory-wearedevs\.venv\Lib\site-packages\httpx\_client.py:914: in send
    response = self._send_handling_auth(
..\..\dark-factory-wearedevs\.venv\Lib\site-packages\httpx\_client.py:942: in _send_handling_auth
    response = self._send_handling_redirects(
..\..\dark-factory-wearedevs\.venv\Lib\site-packages\httpx\_client.py:979: in _send_handling_redirects
    response = self._send_single_request(request)
               ^^^^^^^^^^^^^^^^^^^^^^^^^^^^^^^^^^
..\..\dark-factory-wearedevs\.venv\Lib\site-packages\httpx\_client.py:1014: in _send_single_request
    response = transport.handle_request(request)
               ^^^^^^^^^^^^^^^^^^^^^^^^^^^^^^^^^
..\..\dark-factory-wearedevs\.venv\Lib\site-packages\httpx\_transports\default.py:249: in handle_request
    with map_httpcore_exceptions():
         ^^^^^^^^^^^^^^^^^^^^^^^^^
..\..\..\..\AppData\Local\Programs\Python\Python312\Lib\contextlib.py:158: in __exit__
    self.gen.throw(value)
_ _ _ _ _ _ _ _ _ _ _ _ _ _ _ _ _ _ _ _ _ _ _ _ _ _ _ _ _ _ _ _ _ _ _ _ _ _ _ _

    @contextlib.contextmanager
    def map_httpcore_exceptions() -> typing.Iterator[None]:
        global HTTPCORE_EXC_MAP
        if len(HTTPCORE_EXC_MAP) == 0:
            HTTPCORE_EXC_MAP = _load_httpcore_exceptions()
        try:
            yield
        except Exception as exc:
            mapped_exc = None
    
            for from_exc, to_exc in HTTPCORE_EXC_MAP.items():
                if not isinstance(exc, from_exc):
                    continue
                # We want to map to the most specific exception we can find.
                # Eg if `exc` is an `httpcore.ReadTimeout`, we want to map to
                # `httpx.ReadTimeout`, not just `httpx.TimeoutException`.
                if mapped_exc is None or issubclass(to_exc, mapped_exc):
                    mapped_exc = to_exc
    
            if mapped_exc is None:  # pragma: no cover
                raise
    
            message = str(exc)
>           raise mapped_exc(message) from exc
E           httpx.ConnectError: [WinError 10061] No connection could be made because the target machine actively refused it

..\..\dark-factory-wearedevs\.venv\Lib\site-packages\httpx\_transports\default.py:118: ConnectError
___ ERROR at setup of test_s1_c22_concurrent_identical_idempotency_one_201 ____

    @contextlib.contextmanager
    def map_httpcore_exceptions() -> typing.Iterator[None]:
        global HTTPCORE_EXC_MAP
        if len(HTTPCORE_EXC_MAP) == 0:
            HTTPCORE_EXC_MAP = _load_httpcore_exceptions()
        try:
>           yield

..\..\dark-factory-wearedevs\.venv\Lib\site-packages\httpx\_transports\default.py:101: 
_ _ _ _ _ _ _ _ _ _ _ _ _ _ _ _ _ _ _ _ _ _ _ _ _ _ _ _ _ _ _ _ _ _ _ _ _ _ _ _
..\..\dark-factory-wearedevs\.venv\Lib\site-packages\httpx\_transports\default.py:250: in handle_request
    resp = self._pool.handle_request(req)
           ^^^^^^^^^^^^^^^^^^^^^^^^^^^^^^
..\..\dark-factory-wearedevs\.venv\Lib\site-packages\httpcore\_sync\connection_pool.py:256: in handle_request
    raise exc from None
..\..\dark-factory-wearedevs\.venv\Lib\site-packages\httpcore\_sync\connection_pool.py:236: in handle_request
    response = connection.handle_request(
..\..\dark-factory-wearedevs\.venv\Lib\site-packages\httpcore\_sync\connection.py:101: in handle_request
    raise exc
..\..\dark-factory-wearedevs\.venv\Lib\site-packages\httpcore\_sync\connection.py:78: in handle_request
    stream = self._connect(request)
             ^^^^^^^^^^^^^^^^^^^^^^
..\..\dark-factory-wearedevs\.venv\Lib\site-packages\httpcore\_sync\connection.py:124: in _connect
    stream = self._network_backend.connect_tcp(**kwargs)
             ^^^^^^^^^^^^^^^^^^^^^^^^^^^^^^^^^^^^^^^^^^^
..\..\dark-factory-wearedevs\.venv\Lib\site-packages\httpcore\_backends\sync.py:207: in connect_tcp
    with map_exceptions(exc_map):
         ^^^^^^^^^^^^^^^^^^^^^^^
..\..\..\..\AppData\Local\Programs\Python\Python312\Lib\contextlib.py:158: in __exit__
    self.gen.throw(value)
_ _ _ _ _ _ _ _ _ _ _ _ _ _ _ _ _ _ _ _ _ _ _ _ _ _ _ _ _ _ _ _ _ _ _ _ _ _ _ _

map = {<class 'TimeoutError'>: <class 'httpcore.ConnectTimeout'>, <class 'OSError'>: <class 'httpcore.ConnectError'>}

    @contextlib.contextmanager
    def map_exceptions(map: ExceptionMapping) -> typing.Iterator[None]:
        try:
            yield
        except Exception as exc:  # noqa: PIE786
            for from_exc, to_exc in map.items():
                if isinstance(exc, from_exc):
>                   raise to_exc(exc) from exc
E                   httpcore.ConnectError: [WinError 10061] No connection could be made because the target machine actively refused it

..\..\dark-factory-wearedevs\.venv\Lib\site-packages\httpcore\_exceptions.py:14: ConnectError

The above exception was the direct cause of the following exception:

reset = <function reset.<locals>._reset at 0x000001DDF9AAB560>
api = <function api.<locals>._api at 0x000001DDF9AA9800>

    @pytest.fixture
    def world(reset, api):
        fixture = fx.fixture()
>       reset(fixture)

C:\Users\HARIHA~1\AppData\Local\Temp\umbra-1125eee4-rmyw6v3j\repo\verify\stage-1\conftest.py:55: 
_ _ _ _ _ _ _ _ _ _ _ _ _ _ _ _ _ _ _ _ _ _ _ _ _ _ _ _ _ _ _ _ _ _ _ _ _ _ _ _
C:\Users\HARIHA~1\AppData\Local\Temp\umbra-1125eee4-rmyw6v3j\repo\verify\stage-1\conftest.py:30: in _reset
    resp = httpx.post(f"{base_url}/_test/reset", json=fixture, timeout=RESET_TIMEOUT)
           ^^^^^^^^^^^^^^^^^^^^^^^^^^^^^^^^^^^^^^^^^^^^^^^^^^^^^^^^^^^^^^^^^^^^^^^^^^
..\..\dark-factory-wearedevs\.venv\Lib\site-packages\httpx\_api.py:304: in post
    return request(
..\..\dark-factory-wearedevs\.venv\Lib\site-packages\httpx\_api.py:109: in request
    return client.request(
..\..\dark-factory-wearedevs\.venv\Lib\site-packages\httpx\_client.py:825: in request
    return self.send(request, auth=auth, follow_redirects=follow_redirects)
           ^^^^^^^^^^^^^^^^^^^^^^^^^^^^^^^^^^^^^^^^^^^^^^^^^^^^^^^^^^^^^^^^
..\..\dark-factory-wearedevs\.venv\Lib\site-packages\httpx\_client.py:914: in send
    response = self._send_handling_auth(
..\..\dark-factory-wearedevs\.venv\Lib\site-packages\httpx\_client.py:942: in _send_handling_auth
    response = self._send_handling_redirects(
..\..\dark-factory-wearedevs\.venv\Lib\site-packages\httpx\_client.py:979: in _send_handling_redirects
    response = self._send_single_request(request)
               ^^^^^^^^^^^^^^^^^^^^^^^^^^^^^^^^^^
..\..\dark-factory-wearedevs\.venv\Lib\site-packages\httpx\_client.py:1014: in _send_single_request
    response = transport.handle_request(request)
               ^^^^^^^^^^^^^^^^^^^^^^^^^^^^^^^^^
..\..\dark-factory-wearedevs\.venv\Lib\site-packages\httpx\_transports\default.py:249: in handle_request
    with map_httpcore_exceptions():
         ^^^^^^^^^^^^^^^^^^^^^^^^^
..\..\..\..\AppData\Local\Programs\Python\Python312\Lib\contextlib.py:158: in __exit__
    self.gen.throw(value)
_ _ _ _ _ _ _ _ _ _ _ _ _ _ _ _ _ _ _ _ _ _ _ _ _ _ _ _ _ _ _ _ _ _ _ _ _ _ _ _

    @contextlib.contextmanager
    def map_httpcore_exceptions() -> typing.Iterator[None]:
        global HTTPCORE_EXC_MAP
        if len(HTTPCORE_EXC_MAP) == 0:
            HTTPCORE_EXC_MAP = _load_httpcore_exceptions()
        try:
            yield
        except Exception as exc:
            mapped_exc = None
    
            for from_exc, to_exc in HTTPCORE_EXC_MAP.items():
                if not isinstance(exc, from_exc):
                    continue
                # We want to map to the most specific exception we can find.
                # Eg if `exc` is an `httpcore.ReadTimeout`, we want to map to
                # `httpx.ReadTimeout`, not just `httpx.TimeoutException`.
                if mapped_exc is None or issubclass(to_exc, mapped_exc):
                    mapped_exc = to_exc
    
            if mapped_exc is None:  # pragma: no cover
                raise
    
            message = str(exc)
>           raise mapped_exc(message) from exc
E           httpx.ConnectError: [WinError 10061] No connection could be made because the target machine actively refused it

..\..\dark-factory-wearedevs\.venv\Lib\site-packages\httpx\_transports\default.py:118: ConnectError
__________ ERROR at setup of test_s1_c22_idempotency_scoped_per_user __________

    @contextlib.contextmanager
    def map_httpcore_exceptions() -> typing.Iterator[None]:
        global HTTPCORE_EXC_MAP
        if len(HTTPCORE_EXC_MAP) == 0:
            HTTPCORE_EXC_MAP = _load_httpcore_exceptions()
        try:
>           yield

..\..\dark-factory-wearedevs\.venv\Lib\site-packages\httpx\_transports\default.py:101: 
_ _ _ _ _ _ _ _ _ _ _ _ _ _ _ _ _ _ _ _ _ _ _ _ _ _ _ _ _ _ _ _ _ _ _ _ _ _ _ _
..\..\dark-factory-wearedevs\.venv\Lib\site-packages\httpx\_transports\default.py:250: in handle_request
    resp = self._pool.handle_request(req)
           ^^^^^^^^^^^^^^^^^^^^^^^^^^^^^^
..\..\dark-factory-wearedevs\.venv\Lib\site-packages\httpcore\_sync\connection_pool.py:256: in handle_request
    raise exc from None
..\..\dark-factory-wearedevs\.venv\Lib\site-packages\httpcore\_sync\connection_pool.py:236: in handle_request
    response = connection.handle_request(
..\..\dark-factory-wearedevs\.venv\Lib\site-packages\httpcore\_sync\connection.py:101: in handle_request
    raise exc
..\..\dark-factory-wearedevs\.venv\Lib\site-packages\httpcore\_sync\connection.py:78: in handle_request
    stream = self._connect(request)
             ^^^^^^^^^^^^^^^^^^^^^^
..\..\dark-factory-wearedevs\.venv\Lib\site-packages\httpcore\_sync\connection.py:124: in _connect
    stream = self._network_backend.connect_tcp(**kwargs)
             ^^^^^^^^^^^^^^^^^^^^^^^^^^^^^^^^^^^^^^^^^^^
..\..\dark-factory-wearedevs\.venv\Lib\site-packages\httpcore\_backends\sync.py:207: in connect_tcp
    with map_exceptions(exc_map):
         ^^^^^^^^^^^^^^^^^^^^^^^
..\..\..\..\AppData\Local\Programs\Python\Python312\Lib\contextlib.py:158: in __exit__
    self.gen.throw(value)
_ _ _ _ _ _ _ _ _ _ _ _ _ _ _ _ _ _ _ _ _ _ _ _ _ _ _ _ _ _ _ _ _ _ _ _ _ _ _ _

map = {<class 'TimeoutError'>: <class 'httpcore.ConnectTimeout'>, <class 'OSError'>: <class 'httpcore.ConnectError'>}

    @contextlib.contextmanager
    def map_exceptions(map: ExceptionMapping) -> typing.Iterator[None]:
        try:
            yield
        except Exception as exc:  # noqa: PIE786
            for from_exc, to_exc in map.items():
                if isinstance(exc, from_exc):
>                   raise to_exc(exc) from exc
E                   httpcore.ConnectError: [WinError 10061] No connection could be made because the target machine actively refused it

..\..\dark-factory-wearedevs\.venv\Lib\site-packages\httpcore\_exceptions.py:14: ConnectError

The above exception was the direct cause of the following exception:

reset = <function reset.<locals>._reset at 0x000001DDF9AD8900>
api = <function api.<locals>._api at 0x000001DDF9ADBA60>

    @pytest.fixture
    def world(reset, api):
        fixture = fx.fixture()
>       reset(fixture)

C:\Users\HARIHA~1\AppData\Local\Temp\umbra-1125eee4-rmyw6v3j\repo\verify\stage-1\conftest.py:55: 
_ _ _ _ _ _ _ _ _ _ _ _ _ _ _ _ _ _ _ _ _ _ _ _ _ _ _ _ _ _ _ _ _ _ _ _ _ _ _ _
C:\Users\HARIHA~1\AppData\Local\Temp\umbra-1125eee4-rmyw6v3j\repo\verify\stage-1\conftest.py:30: in _reset
    resp = httpx.post(f"{base_url}/_test/reset", json=fixture, timeout=RESET_TIMEOUT)
           ^^^^^^^^^^^^^^^^^^^^^^^^^^^^^^^^^^^^^^^^^^^^^^^^^^^^^^^^^^^^^^^^^^^^^^^^^^
..\..\dark-factory-wearedevs\.venv\Lib\site-packages\httpx\_api.py:304: in post
    return request(
..\..\dark-factory-wearedevs\.venv\Lib\site-packages\httpx\_api.py:109: in request
    return client.request(
..\..\dark-factory-wearedevs\.venv\Lib\site-packages\httpx\_client.py:825: in request
    return self.send(request, auth=auth, follow_redirects=follow_redirects)
           ^^^^^^^^^^^^^^^^^^^^^^^^^^^^^^^^^^^^^^^^^^^^^^^^^^^^^^^^^^^^^^^^
..\..\dark-factory-wearedevs\.venv\Lib\site-packages\httpx\_client.py:914: in send
    response = self._send_handling_auth(
..\..\dark-factory-wearedevs\.venv\Lib\site-packages\httpx\_client.py:942: in _send_handling_auth
    response = self._send_handling_redirects(
..\..\dark-factory-wearedevs\.venv\Lib\site-packages\httpx\_client.py:979: in _send_handling_redirects
    response = self._send_single_request(request)
               ^^^^^^^^^^^^^^^^^^^^^^^^^^^^^^^^^^
..\..\dark-factory-wearedevs\.venv\Lib\site-packages\httpx\_client.py:1014: in _send_single_request
    response = transport.handle_request(request)
               ^^^^^^^^^^^^^^^^^^^^^^^^^^^^^^^^^
..\..\dark-factory-wearedevs\.venv\Lib\site-packages\httpx\_transports\default.py:249: in handle_request
    with map_httpcore_exceptions():
         ^^^^^^^^^^^^^^^^^^^^^^^^^
..\..\..\..\AppData\Local\Programs\Python\Python312\Lib\contextlib.py:158: in __exit__
    self.gen.throw(value)
_ _ _ _ _ _ _ _ _ _ _ _ _ _ _ _ _ _ _ _ _ _ _ _ _ _ _ _ _ _ _ _ _ _ _ _ _ _ _ _

    @contextlib.contextmanager
    def map_httpcore_exceptions() -> typing.Iterator[None]:
        global HTTPCORE_EXC_MAP
        if len(HTTPCORE_EXC_MAP) == 0:
            HTTPCORE_EXC_MAP = _load_httpcore_exceptions()
        try:
            yield
        except Exception as exc:
            mapped_exc = None
    
            for from_exc, to_exc in HTTPCORE_EXC_MAP.items():
                if not isinstance(exc, from_exc):
                    continue
                # We want to map to the most specific exception we can find.
                # Eg if `exc` is an `httpcore.ReadTimeout`, we want to map to
                # `httpx.ReadTimeout`, not just `httpx.TimeoutException`.
                if mapped_exc is None or issubclass(to_exc, mapped_exc):
                    mapped_exc = to_exc
    
            if mapped_exc is None:  # pragma: no cover
                raise
    
            message = str(exc)
>           raise mapped_exc(message) from exc
E           httpx.ConnectError: [WinError 10061] No connection could be made because the target machine actively refused it

..\..\dark-factory-wearedevs\.venv\Lib\site-packages\httpx\_transports\default.py:118: ConnectError
______ ERROR at setup of test_s1_c22_claimed_key_before_field_validation ______

    @contextlib.contextmanager
    def map_httpcore_exceptions() -> typing.Iterator[None]:
        global HTTPCORE_EXC_MAP
        if len(HTTPCORE_EXC_MAP) == 0:
            HTTPCORE_EXC_MAP = _load_httpcore_exceptions()
        try:
>           yield

..\..\dark-factory-wearedevs\.venv\Lib\site-packages\httpx\_transports\default.py:101: 
_ _ _ _ _ _ _ _ _ _ _ _ _ _ _ _ _ _ _ _ _ _ _ _ _ _ _ _ _ _ _ _ _ _ _ _ _ _ _ _
..\..\dark-factory-wearedevs\.venv\Lib\site-packages\httpx\_transports\default.py:250: in handle_request
    resp = self._pool.handle_request(req)
           ^^^^^^^^^^^^^^^^^^^^^^^^^^^^^^
..\..\dark-factory-wearedevs\.venv\Lib\site-packages\httpcore\_sync\connection_pool.py:256: in handle_request
    raise exc from None
..\..\dark-factory-wearedevs\.venv\Lib\site-packages\httpcore\_sync\connection_pool.py:236: in handle_request
    response = connection.handle_request(
..\..\dark-factory-wearedevs\.venv\Lib\site-packages\httpcore\_sync\connection.py:101: in handle_request
    raise exc
..\..\dark-factory-wearedevs\.venv\Lib\site-packages\httpcore\_sync\connection.py:78: in handle_request
    stream = self._connect(request)
             ^^^^^^^^^^^^^^^^^^^^^^
..\..\dark-factory-wearedevs\.venv\Lib\site-packages\httpcore\_sync\connection.py:124: in _connect
    stream = self._network_backend.connect_tcp(**kwargs)
             ^^^^^^^^^^^^^^^^^^^^^^^^^^^^^^^^^^^^^^^^^^^
..\..\dark-factory-wearedevs\.venv\Lib\site-packages\httpcore\_backends\sync.py:207: in connect_tcp
    with map_exceptions(exc_map):
         ^^^^^^^^^^^^^^^^^^^^^^^
..\..\..\..\AppData\Local\Programs\Python\Python312\Lib\contextlib.py:158: in __exit__
    self.gen.throw(value)
_ _ _ _ _ _ _ _ _ _ _ _ _ _ _ _ _ _ _ _ _ _ _ _ _ _ _ _ _ _ _ _ _ _ _ _ _ _ _ _

map = {<class 'TimeoutError'>: <class 'httpcore.ConnectTimeout'>, <class 'OSError'>: <class 'httpcore.ConnectError'>}

    @contextlib.contextmanager
    def map_exceptions(map: ExceptionMapping) -> typing.Iterator[None]:
        try:
            yield
        except Exception as exc:  # noqa: PIE786
            for from_exc, to_exc in map.items():
                if isinstance(exc, from_exc):
>                   raise to_exc(exc) from exc
E                   httpcore.ConnectError: [WinError 10061] No connection could be made because the target machine actively refused it

..\..\dark-factory-wearedevs\.venv\Lib\site-packages\httpcore\_exceptions.py:14: ConnectError

The above exception was the direct cause of the following exception:

reset = <function reset.<locals>._reset at 0x000001DDF8591E40>
api = <function api.<locals>._api at 0x000001DDF8591580>

    @pytest.fixture
    def world(reset, api):
        fixture = fx.fixture()
>       reset(fixture)

C:\Users\HARIHA~1\AppData\Local\Temp\umbra-1125eee4-rmyw6v3j\repo\verify\stage-1\conftest.py:55: 
_ _ _ _ _ _ _ _ _ _ _ _ _ _ _ _ _ _ _ _ _ _ _ _ _ _ _ _ _ _ _ _ _ _ _ _ _ _ _ _
C:\Users\HARIHA~1\AppData\Local\Temp\umbra-1125eee4-rmyw6v3j\repo\verify\stage-1\conftest.py:30: in _reset
    resp = httpx.post(f"{base_url}/_test/reset", json=fixture, timeout=RESET_TIMEOUT)
           ^^^^^^^^^^^^^^^^^^^^^^^^^^^^^^^^^^^^^^^^^^^^^^^^^^^^^^^^^^^^^^^^^^^^^^^^^^
..\..\dark-factory-wearedevs\.venv\Lib\site-packages\httpx\_api.py:304: in post
    return request(
..\..\dark-factory-wearedevs\.venv\Lib\site-packages\httpx\_api.py:109: in request
    return client.request(
..\..\dark-factory-wearedevs\.venv\Lib\site-packages\httpx\_client.py:825: in request
    return self.send(request, auth=auth, follow_redirects=follow_redirects)
           ^^^^^^^^^^^^^^^^^^^^^^^^^^^^^^^^^^^^^^^^^^^^^^^^^^^^^^^^^^^^^^^^
..\..\dark-factory-wearedevs\.venv\Lib\site-packages\httpx\_client.py:914: in send
    response = self._send_handling_auth(
..\..\dark-factory-wearedevs\.venv\Lib\site-packages\httpx\_client.py:942: in _send_handling_auth
    response = self._send_handling_redirects(
..\..\dark-factory-wearedevs\.venv\Lib\site-packages\httpx\_client.py:979: in _send_handling_redirects
    response = self._send_single_request(request)
               ^^^^^^^^^^^^^^^^^^^^^^^^^^^^^^^^^^
..\..\dark-factory-wearedevs\.venv\Lib\site-packages\httpx\_client.py:1014: in _send_single_request
    response = transport.handle_request(request)
               ^^^^^^^^^^^^^^^^^^^^^^^^^^^^^^^^^
..\..\dark-factory-wearedevs\.venv\Lib\site-packages\httpx\_transports\default.py:249: in handle_request
    with map_httpcore_exceptions():
         ^^^^^^^^^^^^^^^^^^^^^^^^^
..\..\..\..\AppData\Local\Programs\Python\Python312\Lib\contextlib.py:158: in __exit__
    self.gen.throw(value)
_ _ _ _ _ _ _ _ _ _ _ _ _ _ _ _ _ _ _ _ _ _ _ _ _ _ _ _ _ _ _ _ _ _ _ _ _ _ _ _

    @contextlib.contextmanager
    def map_httpcore_exceptions() -> typing.Iterator[None]:
        global HTTPCORE_EXC_MAP
        if len(HTTPCORE_EXC_MAP) == 0:
            HTTPCORE_EXC_MAP = _load_httpcore_exceptions()
        try:
            yield
        except Exception as exc:
            mapped_exc = None
    
            for from_exc, to_exc in HTTPCORE_EXC_MAP.items():
                if not isinstance(exc, from_exc):
                    continue
                # We want to map to the most specific exception we can find.
                # Eg if `exc` is an `httpcore.ReadTimeout`, we want to map to
                # `httpx.ReadTimeout`, not just `httpx.TimeoutException`.
                if mapped_exc is None or issubclass(to_exc, mapped_exc):
                    mapped_exc = to_exc
    
            if mapped_exc is None:  # pragma: no cover
                raise
    
            message = str(exc)
>           raise mapped_exc(message) from exc
E           httpx.ConnectError: [WinError 10061] No connection could be made because the target machine actively refused it

..\..\dark-factory-wearedevs\.venv\Lib\site-packages\httpx\_transports\default.py:118: ConnectError
_____ ERROR at setup of test_s1_c14_pay_body_empty_vs_public_are_distinct _____

    @contextlib.contextmanager
    def map_httpcore_exceptions() -> typing.Iterator[None]:
        global HTTPCORE_EXC_MAP
        if len(HTTPCORE_EXC_MAP) == 0:
            HTTPCORE_EXC_MAP = _load_httpcore_exceptions()
        try:
>           yield

..\..\dark-factory-wearedevs\.venv\Lib\site-packages\httpx\_transports\default.py:101: 
_ _ _ _ _ _ _ _ _ _ _ _ _ _ _ _ _ _ _ _ _ _ _ _ _ _ _ _ _ _ _ _ _ _ _ _ _ _ _ _
..\..\dark-factory-wearedevs\.venv\Lib\site-packages\httpx\_transports\default.py:250: in handle_request
    resp = self._pool.handle_request(req)
           ^^^^^^^^^^^^^^^^^^^^^^^^^^^^^^
..\..\dark-factory-wearedevs\.venv\Lib\site-packages\httpcore\_sync\connection_pool.py:256: in handle_request
    raise exc from None
..\..\dark-factory-wearedevs\.venv\Lib\site-packages\httpcore\_sync\connection_pool.py:236: in handle_request
    response = connection.handle_request(
..\..\dark-factory-wearedevs\.venv\Lib\site-packages\httpcore\_sync\connection.py:101: in handle_request
    raise exc
..\..\dark-factory-wearedevs\.venv\Lib\site-packages\httpcore\_sync\connection.py:78: in handle_request
    stream = self._connect(request)
             ^^^^^^^^^^^^^^^^^^^^^^
..\..\dark-factory-wearedevs\.venv\Lib\site-packages\httpcore\_sync\connection.py:124: in _connect
    stream = self._network_backend.connect_tcp(**kwargs)
             ^^^^^^^^^^^^^^^^^^^^^^^^^^^^^^^^^^^^^^^^^^^
..\..\dark-factory-wearedevs\.venv\Lib\site-packages\httpcore\_backends\sync.py:207: in connect_tcp
    with map_exceptions(exc_map):
         ^^^^^^^^^^^^^^^^^^^^^^^
..\..\..\..\AppData\Local\Programs\Python\Python312\Lib\contextlib.py:158: in __exit__
    self.gen.throw(value)
_ _ _ _ _ _ _ _ _ _ _ _ _ _ _ _ _ _ _ _ _ _ _ _ _ _ _ _ _ _ _ _ _ _ _ _ _ _ _ _

map = {<class 'TimeoutError'>: <class 'httpcore.ConnectTimeout'>, <class 'OSError'>: <class 'httpcore.ConnectError'>}

    @contextlib.contextmanager
    def map_exceptions(map: ExceptionMapping) -> typing.Iterator[None]:
        try:
            yield
        except Exception as exc:  # noqa: PIE786
            for from_exc, to_exc in map.items():
                if isinstance(exc, from_exc):
>                   raise to_exc(exc) from exc
E                   httpcore.ConnectError: [WinError 10061] No connection could be made because the target machine actively refused it

..\..\dark-factory-wearedevs\.venv\Lib\site-packages\httpcore\_exceptions.py:14: ConnectError

The above exception was the direct cause of the following exception:

reset = <function reset.<locals>._reset at 0x000001DDF8593560>
api = <function api.<locals>._api at 0x000001DDF85936A0>

    @pytest.fixture
    def world(reset, api):
        fixture = fx.fixture()
>       reset(fixture)

C:\Users\HARIHA~1\AppData\Local\Temp\umbra-1125eee4-rmyw6v3j\repo\verify\stage-1\conftest.py:55: 
_ _ _ _ _ _ _ _ _ _ _ _ _ _ _ _ _ _ _ _ _ _ _ _ _ _ _ _ _ _ _ _ _ _ _ _ _ _ _ _
C:\Users\HARIHA~1\AppData\Local\Temp\umbra-1125eee4-rmyw6v3j\repo\verify\stage-1\conftest.py:30: in _reset
    resp = httpx.post(f"{base_url}/_test/reset", json=fixture, timeout=RESET_TIMEOUT)
           ^^^^^^^^^^^^^^^^^^^^^^^^^^^^^^^^^^^^^^^^^^^^^^^^^^^^^^^^^^^^^^^^^^^^^^^^^^
..\..\dark-factory-wearedevs\.venv\Lib\site-packages\httpx\_api.py:304: in post
    return request(
..\..\dark-factory-wearedevs\.venv\Lib\site-packages\httpx\_api.py:109: in request
    return client.request(
..\..\dark-factory-wearedevs\.venv\Lib\site-packages\httpx\_client.py:825: in request
    return self.send(request, auth=auth, follow_redirects=follow_redirects)
           ^^^^^^^^^^^^^^^^^^^^^^^^^^^^^^^^^^^^^^^^^^^^^^^^^^^^^^^^^^^^^^^^
..\..\dark-factory-wearedevs\.venv\Lib\site-packages\httpx\_client.py:914: in send
    response = self._send_handling_auth(
..\..\dark-factory-wearedevs\.venv\Lib\site-packages\httpx\_client.py:942: in _send_handling_auth
    response = self._send_handling_redirects(
..\..\dark-factory-wearedevs\.venv\Lib\site-packages\httpx\_client.py:979: in _send_handling_redirects
    response = self._send_single_request(request)
               ^^^^^^^^^^^^^^^^^^^^^^^^^^^^^^^^^^
..\..\dark-factory-wearedevs\.venv\Lib\site-packages\httpx\_client.py:1014: in _send_single_request
    response = transport.handle_request(request)
               ^^^^^^^^^^^^^^^^^^^^^^^^^^^^^^^^^
..\..\dark-factory-wearedevs\.venv\Lib\site-packages\httpx\_transports\default.py:249: in handle_request
    with map_httpcore_exceptions():
         ^^^^^^^^^^^^^^^^^^^^^^^^^
..\..\..\..\AppData\Local\Programs\Python\Python312\Lib\contextlib.py:158: in __exit__
    self.gen.throw(value)
_ _ _ _ _ _ _ _ _ _ _ _ _ _ _ _ _ _ _ _ _ _ _ _ _ _ _ _ _ _ _ _ _ _ _ _ _ _ _ _

    @contextlib.contextmanager
    def map_httpcore_exceptions() -> typing.Iterator[None]:
        global HTTPCORE_EXC_MAP
        if len(HTTPCORE_EXC_MAP) == 0:
            HTTPCORE_EXC_MAP = _load_httpcore_exceptions()
        try:
            yield
        except Exception as exc:
            mapped_exc = None
    
            for from_exc, to_exc in HTTPCORE_EXC_MAP.items():
                if not isinstance(exc, from_exc):
                    continue
                # We want to map to the most specific exception we can find.
                # Eg if `exc` is an `httpcore.ReadTimeout`, we want to map to
                # `httpx.ReadTimeout`, not just `httpx.TimeoutException`.
                if mapped_exc is None or issubclass(to_exc, mapped_exc):
                    mapped_exc = to_exc
    
            if mapped_exc is None:  # pragma: no cover
                raise
    
            message = str(exc)
>           raise mapped_exc(message) from exc
E           httpx.ConnectError: [WinError 10061] No connection could be made because the target machine actively refused it

..\..\dark-factory-wearedevs\.venv\Lib\site-packages\httpx\_transports\default.py:118: ConnectError
_ ERROR at setup of test_s1_c22_idempotent_paths_requests_splits_settlements __

    @contextlib.contextmanager
    def map_httpcore_exceptions() -> typing.Iterator[None]:
        global HTTPCORE_EXC_MAP
        if len(HTTPCORE_EXC_MAP) == 0:
            HTTPCORE_EXC_MAP = _load_httpcore_exceptions()
        try:
>           yield

..\..\dark-factory-wearedevs\.venv\Lib\site-packages\httpx\_transports\default.py:101: 
_ _ _ _ _ _ _ _ _ _ _ _ _ _ _ _ _ _ _ _ _ _ _ _ _ _ _ _ _ _ _ _ _ _ _ _ _ _ _ _
..\..\dark-factory-wearedevs\.venv\Lib\site-packages\httpx\_transports\default.py:250: in handle_request
    resp = self._pool.handle_request(req)
           ^^^^^^^^^^^^^^^^^^^^^^^^^^^^^^
..\..\dark-factory-wearedevs\.venv\Lib\site-packages\httpcore\_sync\connection_pool.py:256: in handle_request
    raise exc from None
..\..\dark-factory-wearedevs\.venv\Lib\site-packages\httpcore\_sync\connection_pool.py:236: in handle_request
    response = connection.handle_request(
..\..\dark-factory-wearedevs\.venv\Lib\site-packages\httpcore\_sync\connection.py:101: in handle_request
    raise exc
..\..\dark-factory-wearedevs\.venv\Lib\site-packages\httpcore\_sync\connection.py:78: in handle_request
    stream = self._connect(request)
             ^^^^^^^^^^^^^^^^^^^^^^
..\..\dark-factory-wearedevs\.venv\Lib\site-packages\httpcore\_sync\connection.py:124: in _connect
    stream = self._network_backend.connect_tcp(**kwargs)
             ^^^^^^^^^^^^^^^^^^^^^^^^^^^^^^^^^^^^^^^^^^^
..\..\dark-factory-wearedevs\.venv\Lib\site-packages\httpcore\_backends\sync.py:207: in connect_tcp
    with map_exceptions(exc_map):
         ^^^^^^^^^^^^^^^^^^^^^^^
..\..\..\..\AppData\Local\Programs\Python\Python312\Lib\contextlib.py:158: in __exit__
    self.gen.throw(value)
_ _ _ _ _ _ _ _ _ _ _ _ _ _ _ _ _ _ _ _ _ _ _ _ _ _ _ _ _ _ _ _ _ _ _ _ _ _ _ _

map = {<class 'TimeoutError'>: <class 'httpcore.ConnectTimeout'>, <class 'OSError'>: <class 'httpcore.ConnectError'>}

    @contextlib.contextmanager
    def map_exceptions(map: ExceptionMapping) -> typing.Iterator[None]:
        try:
            yield
        except Exception as exc:  # noqa: PIE786
            for from_exc, to_exc in map.items():
                if isinstance(exc, from_exc):
>                   raise to_exc(exc) from exc
E                   httpcore.ConnectError: [WinError 10061] No connection could be made because the target machine actively refused it

..\..\dark-factory-wearedevs\.venv\Lib\site-packages\httpcore\_exceptions.py:14: ConnectError

The above exception was the direct cause of the following exception:

reset = <function reset.<locals>._reset at 0x000001DDF8593C40>
api = <function api.<locals>._api at 0x000001DDF8593A60>

    @pytest.fixture
    def world(reset, api):
        fixture = fx.fixture()
>       reset(fixture)

C:\Users\HARIHA~1\AppData\Local\Temp\umbra-1125eee4-rmyw6v3j\repo\verify\stage-1\conftest.py:55: 
_ _ _ _ _ _ _ _ _ _ _ _ _ _ _ _ _ _ _ _ _ _ _ _ _ _ _ _ _ _ _ _ _ _ _ _ _ _ _ _
C:\Users\HARIHA~1\AppData\Local\Temp\umbra-1125eee4-rmyw6v3j\repo\verify\stage-1\conftest.py:30: in _reset
    resp = httpx.post(f"{base_url}/_test/reset", json=fixture, timeout=RESET_TIMEOUT)
           ^^^^^^^^^^^^^^^^^^^^^^^^^^^^^^^^^^^^^^^^^^^^^^^^^^^^^^^^^^^^^^^^^^^^^^^^^^
..\..\dark-factory-wearedevs\.venv\Lib\site-packages\httpx\_api.py:304: in post
    return request(
..\..\dark-factory-wearedevs\.venv\Lib\site-packages\httpx\_api.py:109: in request
    return client.request(
..\..\dark-factory-wearedevs\.venv\Lib\site-packages\httpx\_client.py:825: in request
    return self.send(request, auth=auth, follow_redirects=follow_redirects)
           ^^^^^^^^^^^^^^^^^^^^^^^^^^^^^^^^^^^^^^^^^^^^^^^^^^^^^^^^^^^^^^^^
..\..\dark-factory-wearedevs\.venv\Lib\site-packages\httpx\_client.py:914: in send
    response = self._send_handling_auth(
..\..\dark-factory-wearedevs\.venv\Lib\site-packages\httpx\_client.py:942: in _send_handling_auth
    response = self._send_handling_redirects(
..\..\dark-factory-wearedevs\.venv\Lib\site-packages\httpx\_client.py:979: in _send_handling_redirects
    response = self._send_single_request(request)
               ^^^^^^^^^^^^^^^^^^^^^^^^^^^^^^^^^^
..\..\dark-factory-wearedevs\.venv\Lib\site-packages\httpx\_client.py:1014: in _send_single_request
    response = transport.handle_request(request)
               ^^^^^^^^^^^^^^^^^^^^^^^^^^^^^^^^^
..\..\dark-factory-wearedevs\.venv\Lib\site-packages\httpx\_transports\default.py:249: in handle_request
    with map_httpcore_exceptions():
         ^^^^^^^^^^^^^^^^^^^^^^^^^
..\..\..\..\AppData\Local\Programs\Python\Python312\Lib\contextlib.py:158: in __exit__
    self.gen.throw(value)
_ _ _ _ _ _ _ _ _ _ _ _ _ _ _ _ _ _ _ _ _ _ _ _ _ _ _ _ _ _ _ _ _ _ _ _ _ _ _ _

    @contextlib.contextmanager
    def map_httpcore_exceptions() -> typing.Iterator[None]:
        global HTTPCORE_EXC_MAP
        if len(HTTPCORE_EXC_MAP) == 0:
            HTTPCORE_EXC_MAP = _load_httpcore_exceptions()
        try:
            yield
        except Exception as exc:
            mapped_exc = None
    
            for from_exc, to_exc in HTTPCORE_EXC_MAP.items():
                if not isinstance(exc, from_exc):
                    continue
                # We want to map to the most specific exception we can find.
                # Eg if `exc` is an `httpcore.ReadTimeout`, we want to map to
                # `httpx.ReadTimeout`, not just `httpx.TimeoutException`.
                if mapped_exc is None or issubclass(to_exc, mapped_exc):
                    mapped_exc = to_exc
    
            if mapped_exc is None:  # pragma: no cover
                raise
    
            message = str(exc)
>           raise mapped_exc(message) from exc
E           httpx.ConnectError: [WinError 10061] No connection could be made because the target machine actively refused it

..\..\dark-factory-wearedevs\.venv\Lib\site-packages\httpx\_transports\default.py:118: ConnectError
___ ERROR at setup of test_s1_c17_split_caller_only_and_zero_share_request ____

    @contextlib.contextmanager
    def map_httpcore_exceptions() -> typing.Iterator[None]:
        global HTTPCORE_EXC_MAP
        if len(HTTPCORE_EXC_MAP) == 0:
            HTTPCORE_EXC_MAP = _load_httpcore_exceptions()
        try:
>           yield

..\..\dark-factory-wearedevs\.venv\Lib\site-packages\httpx\_transports\default.py:101: 
_ _ _ _ _ _ _ _ _ _ _ _ _ _ _ _ _ _ _ _ _ _ _ _ _ _ _ _ _ _ _ _ _ _ _ _ _ _ _ _
..\..\dark-factory-wearedevs\.venv\Lib\site-packages\httpx\_transports\default.py:250: in handle_request
    resp = self._pool.handle_request(req)
           ^^^^^^^^^^^^^^^^^^^^^^^^^^^^^^
..\..\dark-factory-wearedevs\.venv\Lib\site-packages\httpcore\_sync\connection_pool.py:256: in handle_request
    raise exc from None
..\..\dark-factory-wearedevs\.venv\Lib\site-packages\httpcore\_sync\connection_pool.py:236: in handle_request
    response = connection.handle_request(
..\..\dark-factory-wearedevs\.venv\Lib\site-packages\httpcore\_sync\connection.py:101: in handle_request
    raise exc
..\..\dark-factory-wearedevs\.venv\Lib\site-packages\httpcore\_sync\connection.py:78: in handle_request
    stream = self._connect(request)
             ^^^^^^^^^^^^^^^^^^^^^^
..\..\dark-factory-wearedevs\.venv\Lib\site-packages\httpcore\_sync\connection.py:124: in _connect
    stream = self._network_backend.connect_tcp(**kwargs)
             ^^^^^^^^^^^^^^^^^^^^^^^^^^^^^^^^^^^^^^^^^^^
..\..\dark-factory-wearedevs\.venv\Lib\site-packages\httpcore\_backends\sync.py:207: in connect_tcp
    with map_exceptions(exc_map):
         ^^^^^^^^^^^^^^^^^^^^^^^
..\..\..\..\AppData\Local\Programs\Python\Python312\Lib\contextlib.py:158: in __exit__
    self.gen.throw(value)
_ _ _ _ _ _ _ _ _ _ _ _ _ _ _ _ _ _ _ _ _ _ _ _ _ _ _ _ _ _ _ _ _ _ _ _ _ _ _ _

map = {<class 'TimeoutError'>: <class 'httpcore.ConnectTimeout'>, <class 'OSError'>: <class 'httpcore.ConnectError'>}

    @contextlib.contextmanager
    def map_exceptions(map: ExceptionMapping) -> typing.Iterator[None]:
        try:
            yield
        except Exception as exc:  # noqa: PIE786
            for from_exc, to_exc in map.items():
                if isinstance(exc, from_exc):
>                   raise to_exc(exc) from exc
E                   httpcore.ConnectError: [WinError 10061] No connection could be made because the target machine actively refused it

..\..\dark-factory-wearedevs\.venv\Lib\site-packages\httpcore\_exceptions.py:14: ConnectError

The above exception was the direct cause of the following exception:

reset = <function reset.<locals>._reset at 0x000001DDF8593F60>
api = <function api.<locals>._api at 0x000001DDF8590CC0>

    @pytest.fixture
    def world(reset, api):
        fixture = fx.fixture()
>       reset(fixture)

C:\Users\HARIHA~1\AppData\Local\Temp\umbra-1125eee4-rmyw6v3j\repo\verify\stage-1\conftest.py:55: 
_ _ _ _ _ _ _ _ _ _ _ _ _ _ _ _ _ _ _ _ _ _ _ _ _ _ _ _ _ _ _ _ _ _ _ _ _ _ _ _
C:\Users\HARIHA~1\AppData\Local\Temp\umbra-1125eee4-rmyw6v3j\repo\verify\stage-1\conftest.py:30: in _reset
    resp = httpx.post(f"{base_url}/_test/reset", json=fixture, timeout=RESET_TIMEOUT)
           ^^^^^^^^^^^^^^^^^^^^^^^^^^^^^^^^^^^^^^^^^^^^^^^^^^^^^^^^^^^^^^^^^^^^^^^^^^
..\..\dark-factory-wearedevs\.venv\Lib\site-packages\httpx\_api.py:304: in post
    return request(
..\..\dark-factory-wearedevs\.venv\Lib\site-packages\httpx\_api.py:109: in request
    return client.request(
..\..\dark-factory-wearedevs\.venv\Lib\site-packages\httpx\_client.py:825: in request
    return self.send(request, auth=auth, follow_redirects=follow_redirects)
           ^^^^^^^^^^^^^^^^^^^^^^^^^^^^^^^^^^^^^^^^^^^^^^^^^^^^^^^^^^^^^^^^
..\..\dark-factory-wearedevs\.venv\Lib\site-packages\httpx\_client.py:914: in send
    response = self._send_handling_auth(
..\..\dark-factory-wearedevs\.venv\Lib\site-packages\httpx\_client.py:942: in _send_handling_auth
    response = self._send_handling_redirects(
..\..\dark-factory-wearedevs\.venv\Lib\site-packages\httpx\_client.py:979: in _send_handling_redirects
    response = self._send_single_request(request)
               ^^^^^^^^^^^^^^^^^^^^^^^^^^^^^^^^^^
..\..\dark-factory-wearedevs\.venv\Lib\site-packages\httpx\_client.py:1014: in _send_single_request
    response = transport.handle_request(request)
               ^^^^^^^^^^^^^^^^^^^^^^^^^^^^^^^^^
..\..\dark-factory-wearedevs\.venv\Lib\site-packages\httpx\_transports\default.py:249: in handle_request
    with map_httpcore_exceptions():
         ^^^^^^^^^^^^^^^^^^^^^^^^^
..\..\..\..\AppData\Local\Programs\Python\Python312\Lib\contextlib.py:158: in __exit__
    self.gen.throw(value)
_ _ _ _ _ _ _ _ _ _ _ _ _ _ _ _ _ _ _ _ _ _ _ _ _ _ _ _ _ _ _ _ _ _ _ _ _ _ _ _

    @contextlib.contextmanager
    def map_httpcore_exceptions() -> typing.Iterator[None]:
        global HTTPCORE_EXC_MAP
        if len(HTTPCORE_EXC_MAP) == 0:
            HTTPCORE_EXC_MAP = _load_httpcore_exceptions()
        try:
            yield
        except Exception as exc:
            mapped_exc = None
    
            for from_exc, to_exc in HTTPCORE_EXC_MAP.items():
                if not isinstance(exc, from_exc):
                    continue
                # We want to map to the most specific exception we can find.
                # Eg if `exc` is an `httpcore.ReadTimeout`, we want to map to
                # `httpx.ReadTimeout`, not just `httpx.TimeoutException`.
                if mapped_exc is None or issubclass(to_exc, mapped_exc):
                    mapped_exc = to_exc
    
            if mapped_exc is None:  # pragma: no cover
                raise
    
            message = str(exc)
>           raise mapped_exc(message) from exc
E           httpx.ConnectError: [WinError 10061] No connection could be made because the target machine actively refused it

..\..\dark-factory-wearedevs\.venv\Lib\site-packages\httpx\_transports\default.py:118: ConnectError
________ ERROR at setup of test_s1_c9_multiple_login_tokens_both_valid ________

    @contextlib.contextmanager
    def map_httpcore_exceptions() -> typing.Iterator[None]:
        global HTTPCORE_EXC_MAP
        if len(HTTPCORE_EXC_MAP) == 0:
            HTTPCORE_EXC_MAP = _load_httpcore_exceptions()
        try:
>           yield

..\..\dark-factory-wearedevs\.venv\Lib\site-packages\httpx\_transports\default.py:101: 
_ _ _ _ _ _ _ _ _ _ _ _ _ _ _ _ _ _ _ _ _ _ _ _ _ _ _ _ _ _ _ _ _ _ _ _ _ _ _ _
..\..\dark-factory-wearedevs\.venv\Lib\site-packages\httpx\_transports\default.py:250: in handle_request
    resp = self._pool.handle_request(req)
           ^^^^^^^^^^^^^^^^^^^^^^^^^^^^^^
..\..\dark-factory-wearedevs\.venv\Lib\site-packages\httpcore\_sync\connection_pool.py:256: in handle_request
    raise exc from None
..\..\dark-factory-wearedevs\.venv\Lib\site-packages\httpcore\_sync\connection_pool.py:236: in handle_request
    response = connection.handle_request(
..\..\dark-factory-wearedevs\.venv\Lib\site-packages\httpcore\_sync\connection.py:101: in handle_request
    raise exc
..\..\dark-factory-wearedevs\.venv\Lib\site-packages\httpcore\_sync\connection.py:78: in handle_request
    stream = self._connect(request)
             ^^^^^^^^^^^^^^^^^^^^^^
..\..\dark-factory-wearedevs\.venv\Lib\site-packages\httpcore\_sync\connection.py:124: in _connect
    stream = self._network_backend.connect_tcp(**kwargs)
             ^^^^^^^^^^^^^^^^^^^^^^^^^^^^^^^^^^^^^^^^^^^
..\..\dark-factory-wearedevs\.venv\Lib\site-packages\httpcore\_backends\sync.py:207: in connect_tcp
    with map_exceptions(exc_map):
         ^^^^^^^^^^^^^^^^^^^^^^^
..\..\..\..\AppData\Local\Programs\Python\Python312\Lib\contextlib.py:158: in __exit__
    self.gen.throw(value)
_ _ _ _ _ _ _ _ _ _ _ _ _ _ _ _ _ _ _ _ _ _ _ _ _ _ _ _ _ _ _ _ _ _ _ _ _ _ _ _

map = {<class 'TimeoutError'>: <class 'httpcore.ConnectTimeout'>, <class 'OSError'>: <class 'httpcore.ConnectError'>}

    @contextlib.contextmanager
    def map_exceptions(map: ExceptionMapping) -> typing.Iterator[None]:
        try:
            yield
        except Exception as exc:  # noqa: PIE786
            for from_exc, to_exc in map.items():
                if isinstance(exc, from_exc):
>                   raise to_exc(exc) from exc
E                   httpcore.ConnectError: [WinError 10061] No connection could be made because the target machine actively refused it

..\..\dark-factory-wearedevs\.venv\Lib\site-packages\httpcore\_exceptions.py:14: ConnectError

The above exception was the direct cause of the following exception:

reset = <function reset.<locals>._reset at 0x000001DDF8593F60>
api = <function api.<locals>._api at 0x000001DDF8590680>

    @pytest.fixture
    def world(reset, api):
        fixture = fx.fixture()
>       reset(fixture)

C:\Users\HARIHA~1\AppData\Local\Temp\umbra-1125eee4-rmyw6v3j\repo\verify\stage-1\conftest.py:55: 
_ _ _ _ _ _ _ _ _ _ _ _ _ _ _ _ _ _ _ _ _ _ _ _ _ _ _ _ _ _ _ _ _ _ _ _ _ _ _ _
C:\Users\HARIHA~1\AppData\Local\Temp\umbra-1125eee4-rmyw6v3j\repo\verify\stage-1\conftest.py:30: in _reset
    resp = httpx.post(f"{base_url}/_test/reset", json=fixture, timeout=RESET_TIMEOUT)
           ^^^^^^^^^^^^^^^^^^^^^^^^^^^^^^^^^^^^^^^^^^^^^^^^^^^^^^^^^^^^^^^^^^^^^^^^^^
..\..\dark-factory-wearedevs\.venv\Lib\site-packages\httpx\_api.py:304: in post
    return request(
..\..\dark-factory-wearedevs\.venv\Lib\site-packages\httpx\_api.py:109: in request
    return client.request(
..\..\dark-factory-wearedevs\.venv\Lib\site-packages\httpx\_client.py:825: in request
    return self.send(request, auth=auth, follow_redirects=follow_redirects)
           ^^^^^^^^^^^^^^^^^^^^^^^^^^^^^^^^^^^^^^^^^^^^^^^^^^^^^^^^^^^^^^^^
..\..\dark-factory-wearedevs\.venv\Lib\site-packages\httpx\_client.py:914: in send
    response = self._send_handling_auth(
..\..\dark-factory-wearedevs\.venv\Lib\site-packages\httpx\_client.py:942: in _send_handling_auth
    response = self._send_handling_redirects(
..\..\dark-factory-wearedevs\.venv\Lib\site-packages\httpx\_client.py:979: in _send_handling_redirects
    response = self._send_single_request(request)
               ^^^^^^^^^^^^^^^^^^^^^^^^^^^^^^^^^^
..\..\dark-factory-wearedevs\.venv\Lib\site-packages\httpx\_client.py:1014: in _send_single_request
    response = transport.handle_request(request)
               ^^^^^^^^^^^^^^^^^^^^^^^^^^^^^^^^^
..\..\dark-factory-wearedevs\.venv\Lib\site-packages\httpx\_transports\default.py:249: in handle_request
    with map_httpcore_exceptions():
         ^^^^^^^^^^^^^^^^^^^^^^^^^
..\..\..\..\AppData\Local\Programs\Python\Python312\Lib\contextlib.py:158: in __exit__
    self.gen.throw(value)
_ _ _ _ _ _ _ _ _ _ _ _ _ _ _ _ _ _ _ _ _ _ _ _ _ _ _ _ _ _ _ _ _ _ _ _ _ _ _ _

    @contextlib.contextmanager
    def map_httpcore_exceptions() -> typing.Iterator[None]:
        global HTTPCORE_EXC_MAP
        if len(HTTPCORE_EXC_MAP) == 0:
            HTTPCORE_EXC_MAP = _load_httpcore_exceptions()
        try:
            yield
        except Exception as exc:
            mapped_exc = None
    
            for from_exc, to_exc in HTTPCORE_EXC_MAP.items():
                if not isinstance(exc, from_exc):
                    continue
                # We want to map to the most specific exception we can find.
                # Eg if `exc` is an `httpcore.ReadTimeout`, we want to map to
                # `httpx.ReadTimeout`, not just `httpx.TimeoutException`.
                if mapped_exc is None or issubclass(to_exc, mapped_exc):
                    mapped_exc = to_exc
    
            if mapped_exc is None:  # pragma: no cover
                raise
    
            message = str(exc)
>           raise mapped_exc(message) from exc
E           httpx.ConnectError: [WinError 10061] No connection could be made because the target machine actively refused it

..\..\dark-factory-wearedevs\.venv\Lib\site-packages\httpx\_transports\default.py:118: ConnectError
_ ERROR at setup of test_s1_c25_operator_cannot_see_others_private_activity_or_requests _

    @contextlib.contextmanager
    def map_httpcore_exceptions() -> typing.Iterator[None]:
        global HTTPCORE_EXC_MAP
        if len(HTTPCORE_EXC_MAP) == 0:
            HTTPCORE_EXC_MAP = _load_httpcore_exceptions()
        try:
>           yield

..\..\dark-factory-wearedevs\.venv\Lib\site-packages\httpx\_transports\default.py:101: 
_ _ _ _ _ _ _ _ _ _ _ _ _ _ _ _ _ _ _ _ _ _ _ _ _ _ _ _ _ _ _ _ _ _ _ _ _ _ _ _
..\..\dark-factory-wearedevs\.venv\Lib\site-packages\httpx\_transports\default.py:250: in handle_request
    resp = self._pool.handle_request(req)
           ^^^^^^^^^^^^^^^^^^^^^^^^^^^^^^
..\..\dark-factory-wearedevs\.venv\Lib\site-packages\httpcore\_sync\connection_pool.py:256: in handle_request
    raise exc from None
..\..\dark-factory-wearedevs\.venv\Lib\site-packages\httpcore\_sync\connection_pool.py:236: in handle_request
    response = connection.handle_request(
..\..\dark-factory-wearedevs\.venv\Lib\site-packages\httpcore\_sync\connection.py:101: in handle_request
    raise exc
..\..\dark-factory-wearedevs\.venv\Lib\site-packages\httpcore\_sync\connection.py:78: in handle_request
    stream = self._connect(request)
             ^^^^^^^^^^^^^^^^^^^^^^
..\..\dark-factory-wearedevs\.venv\Lib\site-packages\httpcore\_sync\connection.py:124: in _connect
    stream = self._network_backend.connect_tcp(**kwargs)
             ^^^^^^^^^^^^^^^^^^^^^^^^^^^^^^^^^^^^^^^^^^^
..\..\dark-factory-wearedevs\.venv\Lib\site-packages\httpcore\_backends\sync.py:207: in connect_tcp
    with map_exceptions(exc_map):
         ^^^^^^^^^^^^^^^^^^^^^^^
..\..\..\..\AppData\Local\Programs\Python\Python312\Lib\contextlib.py:158: in __exit__
    self.gen.throw(value)
_ _ _ _ _ _ _ _ _ _ _ _ _ _ _ _ _ _ _ _ _ _ _ _ _ _ _ _ _ _ _ _ _ _ _ _ _ _ _ _

map = {<class 'TimeoutError'>: <class 'httpcore.ConnectTimeout'>, <class 'OSError'>: <class 'httpcore.ConnectError'>}

    @contextlib.contextmanager
    def map_exceptions(map: ExceptionMapping) -> typing.Iterator[None]:
        try:
            yield
        except Exception as exc:  # noqa: PIE786
            for from_exc, to_exc in map.items():
                if isinstance(exc, from_exc):
>                   raise to_exc(exc) from exc
E                   httpcore.ConnectError: [WinError 10061] No connection could be made because the target machine actively refused it

..\..\dark-factory-wearedevs\.venv\Lib\site-packages\httpcore\_exceptions.py:14: ConnectError

The above exception was the direct cause of the following exception:

reset = <function reset.<locals>._reset at 0x000001DDF8592700>
api = <function api.<locals>._api at 0x000001DDF8569300>

    @pytest.fixture
    def world(reset, api):
        fixture = fx.fixture()
>       reset(fixture)

C:\Users\HARIHA~1\AppData\Local\Temp\umbra-1125eee4-rmyw6v3j\repo\verify\stage-1\conftest.py:55: 
_ _ _ _ _ _ _ _ _ _ _ _ _ _ _ _ _ _ _ _ _ _ _ _ _ _ _ _ _ _ _ _ _ _ _ _ _ _ _ _
C:\Users\HARIHA~1\AppData\Local\Temp\umbra-1125eee4-rmyw6v3j\repo\verify\stage-1\conftest.py:30: in _reset
    resp = httpx.post(f"{base_url}/_test/reset", json=fixture, timeout=RESET_TIMEOUT)
           ^^^^^^^^^^^^^^^^^^^^^^^^^^^^^^^^^^^^^^^^^^^^^^^^^^^^^^^^^^^^^^^^^^^^^^^^^^
..\..\dark-factory-wearedevs\.venv\Lib\site-packages\httpx\_api.py:304: in post
    return request(
..\..\dark-factory-wearedevs\.venv\Lib\site-packages\httpx\_api.py:109: in request
    return client.request(
..\..\dark-factory-wearedevs\.venv\Lib\site-packages\httpx\_client.py:825: in request
    return self.send(request, auth=auth, follow_redirects=follow_redirects)
           ^^^^^^^^^^^^^^^^^^^^^^^^^^^^^^^^^^^^^^^^^^^^^^^^^^^^^^^^^^^^^^^^
..\..\dark-factory-wearedevs\.venv\Lib\site-packages\httpx\_client.py:914: in send
    response = self._send_handling_auth(
..\..\dark-factory-wearedevs\.venv\Lib\site-packages\httpx\_client.py:942: in _send_handling_auth
    response = self._send_handling_redirects(
..\..\dark-factory-wearedevs\.venv\Lib\site-packages\httpx\_client.py:979: in _send_handling_redirects
    response = self._send_single_request(request)
               ^^^^^^^^^^^^^^^^^^^^^^^^^^^^^^^^^^
..\..\dark-factory-wearedevs\.venv\Lib\site-packages\httpx\_client.py:1014: in _send_single_request
    response = transport.handle_request(request)
               ^^^^^^^^^^^^^^^^^^^^^^^^^^^^^^^^^
..\..\dark-factory-wearedevs\.venv\Lib\site-packages\httpx\_transports\default.py:249: in handle_request
    with map_httpcore_exceptions():
         ^^^^^^^^^^^^^^^^^^^^^^^^^
..\..\..\..\AppData\Local\Programs\Python\Python312\Lib\contextlib.py:158: in __exit__
    self.gen.throw(value)
_ _ _ _ _ _ _ _ _ _ _ _ _ _ _ _ _ _ _ _ _ _ _ _ _ _ _ _ _ _ _ _ _ _ _ _ _ _ _ _

    @contextlib.contextmanager
    def map_httpcore_exceptions() -> typing.Iterator[None]:
        global HTTPCORE_EXC_MAP
        if len(HTTPCORE_EXC_MAP) == 0:
            HTTPCORE_EXC_MAP = _load_httpcore_exceptions()
        try:
            yield
        except Exception as exc:
            mapped_exc = None
    
            for from_exc, to_exc in HTTPCORE_EXC_MAP.items():
                if not isinstance(exc, from_exc):
                    continue
                # We want to map to the most specific exception we can find.
                # Eg if `exc` is an `httpcore.ReadTimeout`, we want to map to
                # `httpx.ReadTimeout`, not just `httpx.TimeoutException`.
                if mapped_exc is None or issubclass(to_exc, mapped_exc):
                    mapped_exc = to_exc
    
            if mapped_exc is None:  # pragma: no cover
                raise
    
            message = str(exc)
>           raise mapped_exc(message) from exc
E           httpx.ConnectError: [WinError 10061] No connection could be made because the target machine actively refused it

..\..\dark-factory-wearedevs\.venv\Lib\site-packages\httpx\_transports\default.py:118: ConnectError
_________ ERROR at setup of test_s1_c12_note_longer_than_200_rejected _________

    @contextlib.contextmanager
    def map_httpcore_exceptions() -> typing.Iterator[None]:
        global HTTPCORE_EXC_MAP
        if len(HTTPCORE_EXC_MAP) == 0:
            HTTPCORE_EXC_MAP = _load_httpcore_exceptions()
        try:
>           yield

..\..\dark-factory-wearedevs\.venv\Lib\site-packages\httpx\_transports\default.py:101: 
_ _ _ _ _ _ _ _ _ _ _ _ _ _ _ _ _ _ _ _ _ _ _ _ _ _ _ _ _ _ _ _ _ _ _ _ _ _ _ _
..\..\dark-factory-wearedevs\.venv\Lib\site-packages\httpx\_transports\default.py:250: in handle_request
    resp = self._pool.handle_request(req)
           ^^^^^^^^^^^^^^^^^^^^^^^^^^^^^^
..\..\dark-factory-wearedevs\.venv\Lib\site-packages\httpcore\_sync\connection_pool.py:256: in handle_request
    raise exc from None
..\..\dark-factory-wearedevs\.venv\Lib\site-packages\httpcore\_sync\connection_pool.py:236: in handle_request
    response = connection.handle_request(
..\..\dark-factory-wearedevs\.venv\Lib\site-packages\httpcore\_sync\connection.py:101: in handle_request
    raise exc
..\..\dark-factory-wearedevs\.venv\Lib\site-packages\httpcore\_sync\connection.py:78: in handle_request
    stream = self._connect(request)
             ^^^^^^^^^^^^^^^^^^^^^^
..\..\dark-factory-wearedevs\.venv\Lib\site-packages\httpcore\_sync\connection.py:124: in _connect
    stream = self._network_backend.connect_tcp(**kwargs)
             ^^^^^^^^^^^^^^^^^^^^^^^^^^^^^^^^^^^^^^^^^^^
..\..\dark-factory-wearedevs\.venv\Lib\site-packages\httpcore\_backends\sync.py:207: in connect_tcp
    with map_exceptions(exc_map):
         ^^^^^^^^^^^^^^^^^^^^^^^
..\..\..\..\AppData\Local\Programs\Python\Python312\Lib\contextlib.py:158: in __exit__
    self.gen.throw(value)
_ _ _ _ _ _ _ _ _ _ _ _ _ _ _ _ _ _ _ _ _ _ _ _ _ _ _ _ _ _ _ _ _ _ _ _ _ _ _ _

map = {<class 'TimeoutError'>: <class 'httpcore.ConnectTimeout'>, <class 'OSError'>: <class 'httpcore.ConnectError'>}

    @contextlib.contextmanager
    def map_exceptions(map: ExceptionMapping) -> typing.Iterator[None]:
        try:
            yield
        except Exception as exc:  # noqa: PIE786
            for from_exc, to_exc in map.items():
                if isinstance(exc, from_exc):
>                   raise to_exc(exc) from exc
E                   httpcore.ConnectError: [WinError 10061] No connection could be made because the target machine actively refused it

..\..\dark-factory-wearedevs\.venv\Lib\site-packages\httpcore\_exceptions.py:14: ConnectError

The above exception was the direct cause of the following exception:

reset = <function reset.<locals>._reset at 0x000001DDF8569580>
api = <function api.<locals>._api at 0x000001DDF85696C0>

    @pytest.fixture
    def world(reset, api):
        fixture = fx.fixture()
>       reset(fixture)

C:\Users\HARIHA~1\AppData\Local\Temp\umbra-1125eee4-rmyw6v3j\repo\verify\stage-1\conftest.py:55: 
_ _ _ _ _ _ _ _ _ _ _ _ _ _ _ _ _ _ _ _ _ _ _ _ _ _ _ _ _ _ _ _ _ _ _ _ _ _ _ _
C:\Users\HARIHA~1\AppData\Local\Temp\umbra-1125eee4-rmyw6v3j\repo\verify\stage-1\conftest.py:30: in _reset
    resp = httpx.post(f"{base_url}/_test/reset", json=fixture, timeout=RESET_TIMEOUT)
           ^^^^^^^^^^^^^^^^^^^^^^^^^^^^^^^^^^^^^^^^^^^^^^^^^^^^^^^^^^^^^^^^^^^^^^^^^^
..\..\dark-factory-wearedevs\.venv\Lib\site-packages\httpx\_api.py:304: in post
    return request(
..\..\dark-factory-wearedevs\.venv\Lib\site-packages\httpx\_api.py:109: in request
    return client.request(
..\..\dark-factory-wearedevs\.venv\Lib\site-packages\httpx\_client.py:825: in request
    return self.send(request, auth=auth, follow_redirects=follow_redirects)
           ^^^^^^^^^^^^^^^^^^^^^^^^^^^^^^^^^^^^^^^^^^^^^^^^^^^^^^^^^^^^^^^^
..\..\dark-factory-wearedevs\.venv\Lib\site-packages\httpx\_client.py:914: in send
    response = self._send_handling_auth(
..\..\dark-factory-wearedevs\.venv\Lib\site-packages\httpx\_client.py:942: in _send_handling_auth
    response = self._send_handling_redirects(
..\..\dark-factory-wearedevs\.venv\Lib\site-packages\httpx\_client.py:979: in _send_handling_redirects
    response = self._send_single_request(request)
               ^^^^^^^^^^^^^^^^^^^^^^^^^^^^^^^^^^
..\..\dark-factory-wearedevs\.venv\Lib\site-packages\httpx\_client.py:1014: in _send_single_request
    response = transport.handle_request(request)
               ^^^^^^^^^^^^^^^^^^^^^^^^^^^^^^^^^
..\..\dark-factory-wearedevs\.venv\Lib\site-packages\httpx\_transports\default.py:249: in handle_request
    with map_httpcore_exceptions():
         ^^^^^^^^^^^^^^^^^^^^^^^^^
..\..\..\..\AppData\Local\Programs\Python\Python312\Lib\contextlib.py:158: in __exit__
    self.gen.throw(value)
_ _ _ _ _ _ _ _ _ _ _ _ _ _ _ _ _ _ _ _ _ _ _ _ _ _ _ _ _ _ _ _ _ _ _ _ _ _ _ _

    @contextlib.contextmanager
    def map_httpcore_exceptions() -> typing.Iterator[None]:
        global HTTPCORE_EXC_MAP
        if len(HTTPCORE_EXC_MAP) == 0:
            HTTPCORE_EXC_MAP = _load_httpcore_exceptions()
        try:
            yield
        except Exception as exc:
            mapped_exc = None
    
            for from_exc, to_exc in HTTPCORE_EXC_MAP.items():
                if not isinstance(exc, from_exc):
                    continue
                # We want to map to the most specific exception we can find.
                # Eg if `exc` is an `httpcore.ReadTimeout`, we want to map to
                # `httpx.ReadTimeout`, not just `httpx.TimeoutException`.
                if mapped_exc is None or issubclass(to_exc, mapped_exc):
                    mapped_exc = to_exc
    
            if mapped_exc is None:  # pragma: no cover
                raise
    
            message = str(exc)
>           raise mapped_exc(message) from exc
E           httpx.ConnectError: [WinError 10061] No connection could be made because the target machine actively refused it

..\..\dark-factory-wearedevs\.venv\Lib\site-packages\httpx\_transports\default.py:118: ConnectError
________ ERROR at setup of test_s1_c16_unknown_direction_or_status_422 ________

    @contextlib.contextmanager
    def map_httpcore_exceptions() -> typing.Iterator[None]:
        global HTTPCORE_EXC_MAP
        if len(HTTPCORE_EXC_MAP) == 0:
            HTTPCORE_EXC_MAP = _load_httpcore_exceptions()
        try:
>           yield

..\..\dark-factory-wearedevs\.venv\Lib\site-packages\httpx\_transports\default.py:101: 
_ _ _ _ _ _ _ _ _ _ _ _ _ _ _ _ _ _ _ _ _ _ _ _ _ _ _ _ _ _ _ _ _ _ _ _ _ _ _ _
..\..\dark-factory-wearedevs\.venv\Lib\site-packages\httpx\_transports\default.py:250: in handle_request
    resp = self._pool.handle_request(req)
           ^^^^^^^^^^^^^^^^^^^^^^^^^^^^^^
..\..\dark-factory-wearedevs\.venv\Lib\site-packages\httpcore\_sync\connection_pool.py:256: in handle_request
    raise exc from None
..\..\dark-factory-wearedevs\.venv\Lib\site-packages\httpcore\_sync\connection_pool.py:236: in handle_request
    response = connection.handle_request(
..\..\dark-factory-wearedevs\.venv\Lib\site-packages\httpcore\_sync\connection.py:101: in handle_request
    raise exc
..\..\dark-factory-wearedevs\.venv\Lib\site-packages\httpcore\_sync\connection.py:78: in handle_request
    stream = self._connect(request)
             ^^^^^^^^^^^^^^^^^^^^^^
..\..\dark-factory-wearedevs\.venv\Lib\site-packages\httpcore\_sync\connection.py:124: in _connect
    stream = self._network_backend.connect_tcp(**kwargs)
             ^^^^^^^^^^^^^^^^^^^^^^^^^^^^^^^^^^^^^^^^^^^
..\..\dark-factory-wearedevs\.venv\Lib\site-packages\httpcore\_backends\sync.py:207: in connect_tcp
    with map_exceptions(exc_map):
         ^^^^^^^^^^^^^^^^^^^^^^^
..\..\..\..\AppData\Local\Programs\Python\Python312\Lib\contextlib.py:158: in __exit__
    self.gen.throw(value)
_ _ _ _ _ _ _ _ _ _ _ _ _ _ _ _ _ _ _ _ _ _ _ _ _ _ _ _ _ _ _ _ _ _ _ _ _ _ _ _

map = {<class 'TimeoutError'>: <class 'httpcore.ConnectTimeout'>, <class 'OSError'>: <class 'httpcore.ConnectError'>}

    @contextlib.contextmanager
    def map_exceptions(map: ExceptionMapping) -> typing.Iterator[None]:
        try:
            yield
        except Exception as exc:  # noqa: PIE786
            for from_exc, to_exc in map.items():
                if isinstance(exc, from_exc):
>                   raise to_exc(exc) from exc
E                   httpcore.ConnectError: [WinError 10061] No connection could be made because the target machine actively refused it

..\..\dark-factory-wearedevs\.venv\Lib\site-packages\httpcore\_exceptions.py:14: ConnectError

The above exception was the direct cause of the following exception:

reset = <function reset.<locals>._reset at 0x000001DDF9AA9120>
api = <function api.<locals>._api at 0x000001DDF9AAB560>

    @pytest.fixture
    def world(reset, api):
        fixture = fx.fixture()
>       reset(fixture)

C:\Users\HARIHA~1\AppData\Local\Temp\umbra-1125eee4-rmyw6v3j\repo\verify\stage-1\conftest.py:55: 
_ _ _ _ _ _ _ _ _ _ _ _ _ _ _ _ _ _ _ _ _ _ _ _ _ _ _ _ _ _ _ _ _ _ _ _ _ _ _ _
C:\Users\HARIHA~1\AppData\Local\Temp\umbra-1125eee4-rmyw6v3j\repo\verify\stage-1\conftest.py:30: in _reset
    resp = httpx.post(f"{base_url}/_test/reset", json=fixture, timeout=RESET_TIMEOUT)
           ^^^^^^^^^^^^^^^^^^^^^^^^^^^^^^^^^^^^^^^^^^^^^^^^^^^^^^^^^^^^^^^^^^^^^^^^^^
..\..\dark-factory-wearedevs\.venv\Lib\site-packages\httpx\_api.py:304: in post
    return request(
..\..\dark-factory-wearedevs\.venv\Lib\site-packages\httpx\_api.py:109: in request
    return client.request(
..\..\dark-factory-wearedevs\.venv\Lib\site-packages\httpx\_client.py:825: in request
    return self.send(request, auth=auth, follow_redirects=follow_redirects)
           ^^^^^^^^^^^^^^^^^^^^^^^^^^^^^^^^^^^^^^^^^^^^^^^^^^^^^^^^^^^^^^^^
..\..\dark-factory-wearedevs\.venv\Lib\site-packages\httpx\_client.py:914: in send
    response = self._send_handling_auth(
..\..\dark-factory-wearedevs\.venv\Lib\site-packages\httpx\_client.py:942: in _send_handling_auth
    response = self._send_handling_redirects(
..\..\dark-factory-wearedevs\.venv\Lib\site-packages\httpx\_client.py:979: in _send_handling_redirects
    response = self._send_single_request(request)
               ^^^^^^^^^^^^^^^^^^^^^^^^^^^^^^^^^^
..\..\dark-factory-wearedevs\.venv\Lib\site-packages\httpx\_client.py:1014: in _send_single_request
    response = transport.handle_request(request)
               ^^^^^^^^^^^^^^^^^^^^^^^^^^^^^^^^^
..\..\dark-factory-wearedevs\.venv\Lib\site-packages\httpx\_transports\default.py:249: in handle_request
    with map_httpcore_exceptions():
         ^^^^^^^^^^^^^^^^^^^^^^^^^
..\..\..\..\AppData\Local\Programs\Python\Python312\Lib\contextlib.py:158: in __exit__
    self.gen.throw(value)
_ _ _ _ _ _ _ _ _ _ _ _ _ _ _ _ _ _ _ _ _ _ _ _ _ _ _ _ _ _ _ _ _ _ _ _ _ _ _ _

    @contextlib.contextmanager
    def map_httpcore_exceptions() -> typing.Iterator[None]:
        global HTTPCORE_EXC_MAP
        if len(HTTPCORE_EXC_MAP) == 0:
            HTTPCORE_EXC_MAP = _load_httpcore_exceptions()
        try:
            yield
        except Exception as exc:
            mapped_exc = None
    
            for from_exc, to_exc in HTTPCORE_EXC_MAP.items():
                if not isinstance(exc, from_exc):
                    continue
                # We want to map to the most specific exception we can find.
                # Eg if `exc` is an `httpcore.ReadTimeout`, we want to map to
                # `httpx.ReadTimeout`, not just `httpx.TimeoutException`.
                if mapped_exc is None or issubclass(to_exc, mapped_exc):
                    mapped_exc = to_exc
    
            if mapped_exc is None:  # pragma: no cover
                raise
    
            message = str(exc)
>           raise mapped_exc(message) from exc
E           httpx.ConnectError: [WinError 10061] No connection could be made because the target machine actively refused it

..\..\dark-factory-wearedevs\.venv\Lib\site-packages\httpx\_transports\default.py:118: ConnectError
______ ERROR at setup of test_s1_c23_import_preserves_idempotency_replay ______

    @contextlib.contextmanager
    def map_httpcore_exceptions() -> typing.Iterator[None]:
        global HTTPCORE_EXC_MAP
        if len(HTTPCORE_EXC_MAP) == 0:
            HTTPCORE_EXC_MAP = _load_httpcore_exceptions()
        try:
>           yield

..\..\dark-factory-wearedevs\.venv\Lib\site-packages\httpx\_transports\default.py:101: 
_ _ _ _ _ _ _ _ _ _ _ _ _ _ _ _ _ _ _ _ _ _ _ _ _ _ _ _ _ _ _ _ _ _ _ _ _ _ _ _
..\..\dark-factory-wearedevs\.venv\Lib\site-packages\httpx\_transports\default.py:250: in handle_request
    resp = self._pool.handle_request(req)
           ^^^^^^^^^^^^^^^^^^^^^^^^^^^^^^
..\..\dark-factory-wearedevs\.venv\Lib\site-packages\httpcore\_sync\connection_pool.py:256: in handle_request
    raise exc from None
..\..\dark-factory-wearedevs\.venv\Lib\site-packages\httpcore\_sync\connection_pool.py:236: in handle_request
    response = connection.handle_request(
..\..\dark-factory-wearedevs\.venv\Lib\site-packages\httpcore\_sync\connection.py:101: in handle_request
    raise exc
..\..\dark-factory-wearedevs\.venv\Lib\site-packages\httpcore\_sync\connection.py:78: in handle_request
    stream = self._connect(request)
             ^^^^^^^^^^^^^^^^^^^^^^
..\..\dark-factory-wearedevs\.venv\Lib\site-packages\httpcore\_sync\connection.py:124: in _connect
    stream = self._network_backend.connect_tcp(**kwargs)
             ^^^^^^^^^^^^^^^^^^^^^^^^^^^^^^^^^^^^^^^^^^^
..\..\dark-factory-wearedevs\.venv\Lib\site-packages\httpcore\_backends\sync.py:207: in connect_tcp
    with map_exceptions(exc_map):
         ^^^^^^^^^^^^^^^^^^^^^^^
..\..\..\..\AppData\Local\Programs\Python\Python312\Lib\contextlib.py:158: in __exit__
    self.gen.throw(value)
_ _ _ _ _ _ _ _ _ _ _ _ _ _ _ _ _ _ _ _ _ _ _ _ _ _ _ _ _ _ _ _ _ _ _ _ _ _ _ _

map = {<class 'TimeoutError'>: <class 'httpcore.ConnectTimeout'>, <class 'OSError'>: <class 'httpcore.ConnectError'>}

    @contextlib.contextmanager
    def map_exceptions(map: ExceptionMapping) -> typing.Iterator[None]:
        try:
            yield
        except Exception as exc:  # noqa: PIE786
            for from_exc, to_exc in map.items():
                if isinstance(exc, from_exc):
>                   raise to_exc(exc) from exc
E                   httpcore.ConnectError: [WinError 10061] No connection could be made because the target machine actively refused it

..\..\dark-factory-wearedevs\.venv\Lib\site-packages\httpcore\_exceptions.py:14: ConnectError

The above exception was the direct cause of the following exception:

reset = <function reset.<locals>._reset at 0x000001DDF9ADB880>
api = <function api.<locals>._api at 0x000001DDF9AD87C0>

    @pytest.fixture
    def world(reset, api):
        fixture = fx.fixture()
>       reset(fixture)

C:\Users\HARIHA~1\AppData\Local\Temp\umbra-1125eee4-rmyw6v3j\repo\verify\stage-1\conftest.py:55: 
_ _ _ _ _ _ _ _ _ _ _ _ _ _ _ _ _ _ _ _ _ _ _ _ _ _ _ _ _ _ _ _ _ _ _ _ _ _ _ _
C:\Users\HARIHA~1\AppData\Local\Temp\umbra-1125eee4-rmyw6v3j\repo\verify\stage-1\conftest.py:30: in _reset
    resp = httpx.post(f"{base_url}/_test/reset", json=fixture, timeout=RESET_TIMEOUT)
           ^^^^^^^^^^^^^^^^^^^^^^^^^^^^^^^^^^^^^^^^^^^^^^^^^^^^^^^^^^^^^^^^^^^^^^^^^^
..\..\dark-factory-wearedevs\.venv\Lib\site-packages\httpx\_api.py:304: in post
    return request(
..\..\dark-factory-wearedevs\.venv\Lib\site-packages\httpx\_api.py:109: in request
    return client.request(
..\..\dark-factory-wearedevs\.venv\Lib\site-packages\httpx\_client.py:825: in request
    return self.send(request, auth=auth, follow_redirects=follow_redirects)
           ^^^^^^^^^^^^^^^^^^^^^^^^^^^^^^^^^^^^^^^^^^^^^^^^^^^^^^^^^^^^^^^^
..\..\dark-factory-wearedevs\.venv\Lib\site-packages\httpx\_client.py:914: in send
    response = self._send_handling_auth(
..\..\dark-factory-wearedevs\.venv\Lib\site-packages\httpx\_client.py:942: in _send_handling_auth
    response = self._send_handling_redirects(
..\..\dark-factory-wearedevs\.venv\Lib\site-packages\httpx\_client.py:979: in _send_handling_redirects
    response = self._send_single_request(request)
               ^^^^^^^^^^^^^^^^^^^^^^^^^^^^^^^^^^
..\..\dark-factory-wearedevs\.venv\Lib\site-packages\httpx\_client.py:1014: in _send_single_request
    response = transport.handle_request(request)
               ^^^^^^^^^^^^^^^^^^^^^^^^^^^^^^^^^
..\..\dark-factory-wearedevs\.venv\Lib\site-packages\httpx\_transports\default.py:249: in handle_request
    with map_httpcore_exceptions():
         ^^^^^^^^^^^^^^^^^^^^^^^^^
..\..\..\..\AppData\Local\Programs\Python\Python312\Lib\contextlib.py:158: in __exit__
    self.gen.throw(value)
_ _ _ _ _ _ _ _ _ _ _ _ _ _ _ _ _ _ _ _ _ _ _ _ _ _ _ _ _ _ _ _ _ _ _ _ _ _ _ _

    @contextlib.contextmanager
    def map_httpcore_exceptions() -> typing.Iterator[None]:
        global HTTPCORE_EXC_MAP
        if len(HTTPCORE_EXC_MAP) == 0:
            HTTPCORE_EXC_MAP = _load_httpcore_exceptions()
        try:
            yield
        except Exception as exc:
            mapped_exc = None
    
            for from_exc, to_exc in HTTPCORE_EXC_MAP.items():
                if not isinstance(exc, from_exc):
                    continue
                # We want to map to the most specific exception we can find.
                # Eg if `exc` is an `httpcore.ReadTimeout`, we want to map to
                # `httpx.ReadTimeout`, not just `httpx.TimeoutException`.
                if mapped_exc is None or issubclass(to_exc, mapped_exc):
                    mapped_exc = to_exc
    
            if mapped_exc is None:  # pragma: no cover
                raise
    
            message = str(exc)
>           raise mapped_exc(message) from exc
E           httpx.ConnectError: [WinError 10061] No connection could be made because the target machine actively refused it

..\..\dark-factory-wearedevs\.venv\Lib\site-packages\httpx\_transports\default.py:118: ConnectError
___________ ERROR at setup of test_s1_c17_split_shares_and_requests ___________

    @contextlib.contextmanager
    def map_httpcore_exceptions() -> typing.Iterator[None]:
        global HTTPCORE_EXC_MAP
        if len(HTTPCORE_EXC_MAP) == 0:
            HTTPCORE_EXC_MAP = _load_httpcore_exceptions()
        try:
>           yield

..\..\dark-factory-wearedevs\.venv\Lib\site-packages\httpx\_transports\default.py:101: 
_ _ _ _ _ _ _ _ _ _ _ _ _ _ _ _ _ _ _ _ _ _ _ _ _ _ _ _ _ _ _ _ _ _ _ _ _ _ _ _
..\..\dark-factory-wearedevs\.venv\Lib\site-packages\httpx\_transports\default.py:250: in handle_request
    resp = self._pool.handle_request(req)
           ^^^^^^^^^^^^^^^^^^^^^^^^^^^^^^
..\..\dark-factory-wearedevs\.venv\Lib\site-packages\httpcore\_sync\connection_pool.py:256: in handle_request
    raise exc from None
..\..\dark-factory-wearedevs\.venv\Lib\site-packages\httpcore\_sync\connection_pool.py:236: in handle_request
    response = connection.handle_request(
..\..\dark-factory-wearedevs\.venv\Lib\site-packages\httpcore\_sync\connection.py:101: in handle_request
    raise exc
..\..\dark-factory-wearedevs\.venv\Lib\site-packages\httpcore\_sync\connection.py:78: in handle_request
    stream = self._connect(request)
             ^^^^^^^^^^^^^^^^^^^^^^
..\..\dark-factory-wearedevs\.venv\Lib\site-packages\httpcore\_sync\connection.py:124: in _connect
    stream = self._network_backend.connect_tcp(**kwargs)
             ^^^^^^^^^^^^^^^^^^^^^^^^^^^^^^^^^^^^^^^^^^^
..\..\dark-factory-wearedevs\.venv\Lib\site-packages\httpcore\_backends\sync.py:207: in connect_tcp
    with map_exceptions(exc_map):
         ^^^^^^^^^^^^^^^^^^^^^^^
..\..\..\..\AppData\Local\Programs\Python\Python312\Lib\contextlib.py:158: in __exit__
    self.gen.throw(value)
_ _ _ _ _ _ _ _ _ _ _ _ _ _ _ _ _ _ _ _ _ _ _ _ _ _ _ _ _ _ _ _ _ _ _ _ _ _ _ _

map = {<class 'TimeoutError'>: <class 'httpcore.ConnectTimeout'>, <class 'OSError'>: <class 'httpcore.ConnectError'>}

    @contextlib.contextmanager
    def map_exceptions(map: ExceptionMapping) -> typing.Iterator[None]:
        try:
            yield
        except Exception as exc:  # noqa: PIE786
            for from_exc, to_exc in map.items():
                if isinstance(exc, from_exc):
>                   raise to_exc(exc) from exc
E                   httpcore.ConnectError: [WinError 10061] No connection could be made because the target machine actively refused it

..\..\dark-factory-wearedevs\.venv\Lib\site-packages\httpcore\_exceptions.py:14: ConnectError

The above exception was the direct cause of the following exception:

reset = <function reset.<locals>._reset at 0x000001DDF9AD9760>
api = <function api.<locals>._api at 0x000001DDF9ADA340>

    @pytest.fixture
    def world(reset, api):
        fixture = fx.fixture()
>       reset(fixture)

C:\Users\HARIHA~1\AppData\Local\Temp\umbra-1125eee4-rmyw6v3j\repo\verify\stage-1\conftest.py:55: 
_ _ _ _ _ _ _ _ _ _ _ _ _ _ _ _ _ _ _ _ _ _ _ _ _ _ _ _ _ _ _ _ _ _ _ _ _ _ _ _
C:\Users\HARIHA~1\AppData\Local\Temp\umbra-1125eee4-rmyw6v3j\repo\verify\stage-1\conftest.py:30: in _reset
    resp = httpx.post(f"{base_url}/_test/reset", json=fixture, timeout=RESET_TIMEOUT)
           ^^^^^^^^^^^^^^^^^^^^^^^^^^^^^^^^^^^^^^^^^^^^^^^^^^^^^^^^^^^^^^^^^^^^^^^^^^
..\..\dark-factory-wearedevs\.venv\Lib\site-packages\httpx\_api.py:304: in post
    return request(
..\..\dark-factory-wearedevs\.venv\Lib\site-packages\httpx\_api.py:109: in request
    return client.request(
..\..\dark-factory-wearedevs\.venv\Lib\site-packages\httpx\_client.py:825: in request
    return self.send(request, auth=auth, follow_redirects=follow_redirects)
           ^^^^^^^^^^^^^^^^^^^^^^^^^^^^^^^^^^^^^^^^^^^^^^^^^^^^^^^^^^^^^^^^
..\..\dark-factory-wearedevs\.venv\Lib\site-packages\httpx\_client.py:914: in send
    response = self._send_handling_auth(
..\..\dark-factory-wearedevs\.venv\Lib\site-packages\httpx\_client.py:942: in _send_handling_auth
    response = self._send_handling_redirects(
..\..\dark-factory-wearedevs\.venv\Lib\site-packages\httpx\_client.py:979: in _send_handling_redirects
    response = self._send_single_request(request)
               ^^^^^^^^^^^^^^^^^^^^^^^^^^^^^^^^^^
..\..\dark-factory-wearedevs\.venv\Lib\site-packages\httpx\_client.py:1014: in _send_single_request
    response = transport.handle_request(request)
               ^^^^^^^^^^^^^^^^^^^^^^^^^^^^^^^^^
..\..\dark-factory-wearedevs\.venv\Lib\site-packages\httpx\_transports\default.py:249: in handle_request
    with map_httpcore_exceptions():
         ^^^^^^^^^^^^^^^^^^^^^^^^^
..\..\..\..\AppData\Local\Programs\Python\Python312\Lib\contextlib.py:158: in __exit__
    self.gen.throw(value)
_ _ _ _ _ _ _ _ _ _ _ _ _ _ _ _ _ _ _ _ _ _ _ _ _ _ _ _ _ _ _ _ _ _ _ _ _ _ _ _

    @contextlib.contextmanager
    def map_httpcore_exceptions() -> typing.Iterator[None]:
        global HTTPCORE_EXC_MAP
        if len(HTTPCORE_EXC_MAP) == 0:
            HTTPCORE_EXC_MAP = _load_httpcore_exceptions()
        try:
            yield
        except Exception as exc:
            mapped_exc = None
    
            for from_exc, to_exc in HTTPCORE_EXC_MAP.items():
                if not isinstance(exc, from_exc):
                    continue
                # We want to map to the most specific exception we can find.
                # Eg if `exc` is an `httpcore.ReadTimeout`, we want to map to
                # `httpx.ReadTimeout`, not just `httpx.TimeoutException`.
                if mapped_exc is None or issubclass(to_exc, mapped_exc):
                    mapped_exc = to_exc
    
            if mapped_exc is None:  # pragma: no cover
                raise
    
            message = str(exc)
>           raise mapped_exc(message) from exc
E           httpx.ConnectError: [WinError 10061] No connection could be made because the target machine actively refused it

..\..\dark-factory-wearedevs\.venv\Lib\site-packages\httpx\_transports\default.py:118: ConnectError
______________ ERROR at setup of test_s1_c18_activity_visibility ______________

    @contextlib.contextmanager
    def map_httpcore_exceptions() -> typing.Iterator[None]:
        global HTTPCORE_EXC_MAP
        if len(HTTPCORE_EXC_MAP) == 0:
            HTTPCORE_EXC_MAP = _load_httpcore_exceptions()
        try:
>           yield

..\..\dark-factory-wearedevs\.venv\Lib\site-packages\httpx\_transports\default.py:101: 
_ _ _ _ _ _ _ _ _ _ _ _ _ _ _ _ _ _ _ _ _ _ _ _ _ _ _ _ _ _ _ _ _ _ _ _ _ _ _ _
..\..\dark-factory-wearedevs\.venv\Lib\site-packages\httpx\_transports\default.py:250: in handle_request
    resp = self._pool.handle_request(req)
           ^^^^^^^^^^^^^^^^^^^^^^^^^^^^^^
..\..\dark-factory-wearedevs\.venv\Lib\site-packages\httpcore\_sync\connection_pool.py:256: in handle_request
    raise exc from None
..\..\dark-factory-wearedevs\.venv\Lib\site-packages\httpcore\_sync\connection_pool.py:236: in handle_request
    response = connection.handle_request(
..\..\dark-factory-wearedevs\.venv\Lib\site-packages\httpcore\_sync\connection.py:101: in handle_request
    raise exc
..\..\dark-factory-wearedevs\.venv\Lib\site-packages\httpcore\_sync\connection.py:78: in handle_request
    stream = self._connect(request)
             ^^^^^^^^^^^^^^^^^^^^^^
..\..\dark-factory-wearedevs\.venv\Lib\site-packages\httpcore\_sync\connection.py:124: in _connect
    stream = self._network_backend.connect_tcp(**kwargs)
             ^^^^^^^^^^^^^^^^^^^^^^^^^^^^^^^^^^^^^^^^^^^
..\..\dark-factory-wearedevs\.venv\Lib\site-packages\httpcore\_backends\sync.py:207: in connect_tcp
    with map_exceptions(exc_map):
         ^^^^^^^^^^^^^^^^^^^^^^^
..\..\..\..\AppData\Local\Programs\Python\Python312\Lib\contextlib.py:158: in __exit__
    self.gen.throw(value)
_ _ _ _ _ _ _ _ _ _ _ _ _ _ _ _ _ _ _ _ _ _ _ _ _ _ _ _ _ _ _ _ _ _ _ _ _ _ _ _

map = {<class 'TimeoutError'>: <class 'httpcore.ConnectTimeout'>, <class 'OSError'>: <class 'httpcore.ConnectError'>}

    @contextlib.contextmanager
    def map_exceptions(map: ExceptionMapping) -> typing.Iterator[None]:
        try:
            yield
        except Exception as exc:  # noqa: PIE786
            for from_exc, to_exc in map.items():
                if isinstance(exc, from_exc):
>                   raise to_exc(exc) from exc
E                   httpcore.ConnectError: [WinError 10061] No connection could be made because the target machine actively refused it

..\..\dark-factory-wearedevs\.venv\Lib\site-packages\httpcore\_exceptions.py:14: ConnectError

The above exception was the direct cause of the following exception:

reset = <function reset.<locals>._reset at 0x000001DDF8592D40>
api = <function api.<locals>._api at 0x000001DDF8593560>

    @pytest.fixture
    def world(reset, api):
        fixture = fx.fixture()
>       reset(fixture)

C:\Users\HARIHA~1\AppData\Local\Temp\umbra-1125eee4-rmyw6v3j\repo\verify\stage-1\conftest.py:55: 
_ _ _ _ _ _ _ _ _ _ _ _ _ _ _ _ _ _ _ _ _ _ _ _ _ _ _ _ _ _ _ _ _ _ _ _ _ _ _ _
C:\Users\HARIHA~1\AppData\Local\Temp\umbra-1125eee4-rmyw6v3j\repo\verify\stage-1\conftest.py:30: in _reset
    resp = httpx.post(f"{base_url}/_test/reset", json=fixture, timeout=RESET_TIMEOUT)
           ^^^^^^^^^^^^^^^^^^^^^^^^^^^^^^^^^^^^^^^^^^^^^^^^^^^^^^^^^^^^^^^^^^^^^^^^^^
..\..\dark-factory-wearedevs\.venv\Lib\site-packages\httpx\_api.py:304: in post
    return request(
..\..\dark-factory-wearedevs\.venv\Lib\site-packages\httpx\_api.py:109: in request
    return client.request(
..\..\dark-factory-wearedevs\.venv\Lib\site-packages\httpx\_client.py:825: in request
    return self.send(request, auth=auth, follow_redirects=follow_redirects)
           ^^^^^^^^^^^^^^^^^^^^^^^^^^^^^^^^^^^^^^^^^^^^^^^^^^^^^^^^^^^^^^^^
..\..\dark-factory-wearedevs\.venv\Lib\site-packages\httpx\_client.py:914: in send
    response = self._send_handling_auth(
..\..\dark-factory-wearedevs\.venv\Lib\site-packages\httpx\_client.py:942: in _send_handling_auth
    response = self._send_handling_redirects(
..\..\dark-factory-wearedevs\.venv\Lib\site-packages\httpx\_client.py:979: in _send_handling_redirects
    response = self._send_single_request(request)
               ^^^^^^^^^^^^^^^^^^^^^^^^^^^^^^^^^^
..\..\dark-factory-wearedevs\.venv\Lib\site-packages\httpx\_client.py:1014: in _send_single_request
    response = transport.handle_request(request)
               ^^^^^^^^^^^^^^^^^^^^^^^^^^^^^^^^^
..\..\dark-factory-wearedevs\.venv\Lib\site-packages\httpx\_transports\default.py:249: in handle_request
    with map_httpcore_exceptions():
         ^^^^^^^^^^^^^^^^^^^^^^^^^
..\..\..\..\AppData\Local\Programs\Python\Python312\Lib\contextlib.py:158: in __exit__
    self.gen.throw(value)
_ _ _ _ _ _ _ _ _ _ _ _ _ _ _ _ _ _ _ _ _ _ _ _ _ _ _ _ _ _ _ _ _ _ _ _ _ _ _ _

    @contextlib.contextmanager
    def map_httpcore_exceptions() -> typing.Iterator[None]:
        global HTTPCORE_EXC_MAP
        if len(HTTPCORE_EXC_MAP) == 0:
            HTTPCORE_EXC_MAP = _load_httpcore_exceptions()
        try:
            yield
        except Exception as exc:
            mapped_exc = None
    
            for from_exc, to_exc in HTTPCORE_EXC_MAP.items():
                if not isinstance(exc, from_exc):
                    continue
                # We want to map to the most specific exception we can find.
                # Eg if `exc` is an `httpcore.ReadTimeout`, we want to map to
                # `httpx.ReadTimeout`, not just `httpx.TimeoutException`.
                if mapped_exc is None or issubclass(to_exc, mapped_exc):
                    mapped_exc = to_exc
    
            if mapped_exc is None:  # pragma: no cover
                raise
    
            message = str(exc)
>           raise mapped_exc(message) from exc
E           httpx.ConnectError: [WinError 10061] No connection could be made because the target machine actively refused it

..\..\dark-factory-wearedevs\.venv\Lib\site-packages\httpx\_transports\default.py:118: ConnectError
_____ ERROR at setup of test_s1_c18_public_payment_visible_to_third_party _____

    @contextlib.contextmanager
    def map_httpcore_exceptions() -> typing.Iterator[None]:
        global HTTPCORE_EXC_MAP
        if len(HTTPCORE_EXC_MAP) == 0:
            HTTPCORE_EXC_MAP = _load_httpcore_exceptions()
        try:
>           yield

..\..\dark-factory-wearedevs\.venv\Lib\site-packages\httpx\_transports\default.py:101: 
_ _ _ _ _ _ _ _ _ _ _ _ _ _ _ _ _ _ _ _ _ _ _ _ _ _ _ _ _ _ _ _ _ _ _ _ _ _ _ _
..\..\dark-factory-wearedevs\.venv\Lib\site-packages\httpx\_transports\default.py:250: in handle_request
    resp = self._pool.handle_request(req)
           ^^^^^^^^^^^^^^^^^^^^^^^^^^^^^^
..\..\dark-factory-wearedevs\.venv\Lib\site-packages\httpcore\_sync\connection_pool.py:256: in handle_request
    raise exc from None
..\..\dark-factory-wearedevs\.venv\Lib\site-packages\httpcore\_sync\connection_pool.py:236: in handle_request
    response = connection.handle_request(
..\..\dark-factory-wearedevs\.venv\Lib\site-packages\httpcore\_sync\connection.py:101: in handle_request
    raise exc
..\..\dark-factory-wearedevs\.venv\Lib\site-packages\httpcore\_sync\connection.py:78: in handle_request
    stream = self._connect(request)
             ^^^^^^^^^^^^^^^^^^^^^^
..\..\dark-factory-wearedevs\.venv\Lib\site-packages\httpcore\_sync\connection.py:124: in _connect
    stream = self._network_backend.connect_tcp(**kwargs)
             ^^^^^^^^^^^^^^^^^^^^^^^^^^^^^^^^^^^^^^^^^^^
..\..\dark-factory-wearedevs\.venv\Lib\site-packages\httpcore\_backends\sync.py:207: in connect_tcp
    with map_exceptions(exc_map):
         ^^^^^^^^^^^^^^^^^^^^^^^
..\..\..\..\AppData\Local\Programs\Python\Python312\Lib\contextlib.py:158: in __exit__
    self.gen.throw(value)
_ _ _ _ _ _ _ _ _ _ _ _ _ _ _ _ _ _ _ _ _ _ _ _ _ _ _ _ _ _ _ _ _ _ _ _ _ _ _ _

map = {<class 'TimeoutError'>: <class 'httpcore.ConnectTimeout'>, <class 'OSError'>: <class 'httpcore.ConnectError'>}

    @contextlib.contextmanager
    def map_exceptions(map: ExceptionMapping) -> typing.Iterator[None]:
        try:
            yield
        except Exception as exc:  # noqa: PIE786
            for from_exc, to_exc in map.items():
                if isinstance(exc, from_exc):
>                   raise to_exc(exc) from exc
E                   httpcore.ConnectError: [WinError 10061] No connection could be made because the target machine actively refused it

..\..\dark-factory-wearedevs\.venv\Lib\site-packages\httpcore\_exceptions.py:14: ConnectError

The above exception was the direct cause of the following exception:

reset = <function reset.<locals>._reset at 0x000001DDF8593EC0>
api = <function api.<locals>._api at 0x000001DDF85913A0>

    @pytest.fixture
    def world(reset, api):
        fixture = fx.fixture()
>       reset(fixture)

C:\Users\HARIHA~1\AppData\Local\Temp\umbra-1125eee4-rmyw6v3j\repo\verify\stage-1\conftest.py:55: 
_ _ _ _ _ _ _ _ _ _ _ _ _ _ _ _ _ _ _ _ _ _ _ _ _ _ _ _ _ _ _ _ _ _ _ _ _ _ _ _
C:\Users\HARIHA~1\AppData\Local\Temp\umbra-1125eee4-rmyw6v3j\repo\verify\stage-1\conftest.py:30: in _reset
    resp = httpx.post(f"{base_url}/_test/reset", json=fixture, timeout=RESET_TIMEOUT)
           ^^^^^^^^^^^^^^^^^^^^^^^^^^^^^^^^^^^^^^^^^^^^^^^^^^^^^^^^^^^^^^^^^^^^^^^^^^
..\..\dark-factory-wearedevs\.venv\Lib\site-packages\httpx\_api.py:304: in post
    return request(
..\..\dark-factory-wearedevs\.venv\Lib\site-packages\httpx\_api.py:109: in request
    return client.request(
..\..\dark-factory-wearedevs\.venv\Lib\site-packages\httpx\_client.py:825: in request
    return self.send(request, auth=auth, follow_redirects=follow_redirects)
           ^^^^^^^^^^^^^^^^^^^^^^^^^^^^^^^^^^^^^^^^^^^^^^^^^^^^^^^^^^^^^^^^
..\..\dark-factory-wearedevs\.venv\Lib\site-packages\httpx\_client.py:914: in send
    response = self._send_handling_auth(
..\..\dark-factory-wearedevs\.venv\Lib\site-packages\httpx\_client.py:942: in _send_handling_auth
    response = self._send_handling_redirects(
..\..\dark-factory-wearedevs\.venv\Lib\site-packages\httpx\_client.py:979: in _send_handling_redirects
    response = self._send_single_request(request)
               ^^^^^^^^^^^^^^^^^^^^^^^^^^^^^^^^^^
..\..\dark-factory-wearedevs\.venv\Lib\site-packages\httpx\_client.py:1014: in _send_single_request
    response = transport.handle_request(request)
               ^^^^^^^^^^^^^^^^^^^^^^^^^^^^^^^^^
..\..\dark-factory-wearedevs\.venv\Lib\site-packages\httpx\_transports\default.py:249: in handle_request
    with map_httpcore_exceptions():
         ^^^^^^^^^^^^^^^^^^^^^^^^^
..\..\..\..\AppData\Local\Programs\Python\Python312\Lib\contextlib.py:158: in __exit__
    self.gen.throw(value)
_ _ _ _ _ _ _ _ _ _ _ _ _ _ _ _ _ _ _ _ _ _ _ _ _ _ _ _ _ _ _ _ _ _ _ _ _ _ _ _

    @contextlib.contextmanager
    def map_httpcore_exceptions() -> typing.Iterator[None]:
        global HTTPCORE_EXC_MAP
        if len(HTTPCORE_EXC_MAP) == 0:
            HTTPCORE_EXC_MAP = _load_httpcore_exceptions()
        try:
            yield
        except Exception as exc:
            mapped_exc = None
    
            for from_exc, to_exc in HTTPCORE_EXC_MAP.items():
                if not isinstance(exc, from_exc):
                    continue
                # We want to map to the most specific exception we can find.
                # Eg if `exc` is an `httpcore.ReadTimeout`, we want to map to
                # `httpx.ReadTimeout`, not just `httpx.TimeoutException`.
                if mapped_exc is None or issubclass(to_exc, mapped_exc):
                    mapped_exc = to_exc
    
            if mapped_exc is None:  # pragma: no cover
                raise
    
            message = str(exc)
>           raise mapped_exc(message) from exc
E           httpx.ConnectError: [WinError 10061] No connection could be made because the target machine actively refused it

..\..\dark-factory-wearedevs\.venv\Lib\site-packages\httpx\_transports\default.py:118: ConnectError
__________ ERROR at setup of test_s1_c18_requests_never_in_activity ___________

    @contextlib.contextmanager
    def map_httpcore_exceptions() -> typing.Iterator[None]:
        global HTTPCORE_EXC_MAP
        if len(HTTPCORE_EXC_MAP) == 0:
            HTTPCORE_EXC_MAP = _load_httpcore_exceptions()
        try:
>           yield

..\..\dark-factory-wearedevs\.venv\Lib\site-packages\httpx\_transports\default.py:101: 
_ _ _ _ _ _ _ _ _ _ _ _ _ _ _ _ _ _ _ _ _ _ _ _ _ _ _ _ _ _ _ _ _ _ _ _ _ _ _ _
..\..\dark-factory-wearedevs\.venv\Lib\site-packages\httpx\_transports\default.py:250: in handle_request
    resp = self._pool.handle_request(req)
           ^^^^^^^^^^^^^^^^^^^^^^^^^^^^^^
..\..\dark-factory-wearedevs\.venv\Lib\site-packages\httpcore\_sync\connection_pool.py:256: in handle_request
    raise exc from None
..\..\dark-factory-wearedevs\.venv\Lib\site-packages\httpcore\_sync\connection_pool.py:236: in handle_request
    response = connection.handle_request(
..\..\dark-factory-wearedevs\.venv\Lib\site-packages\httpcore\_sync\connection.py:101: in handle_request
    raise exc
..\..\dark-factory-wearedevs\.venv\Lib\site-packages\httpcore\_sync\connection.py:78: in handle_request
    stream = self._connect(request)
             ^^^^^^^^^^^^^^^^^^^^^^
..\..\dark-factory-wearedevs\.venv\Lib\site-packages\httpcore\_sync\connection.py:124: in _connect
    stream = self._network_backend.connect_tcp(**kwargs)
             ^^^^^^^^^^^^^^^^^^^^^^^^^^^^^^^^^^^^^^^^^^^
..\..\dark-factory-wearedevs\.venv\Lib\site-packages\httpcore\_backends\sync.py:207: in connect_tcp
    with map_exceptions(exc_map):
         ^^^^^^^^^^^^^^^^^^^^^^^
..\..\..\..\AppData\Local\Programs\Python\Python312\Lib\contextlib.py:158: in __exit__
    self.gen.throw(value)
_ _ _ _ _ _ _ _ _ _ _ _ _ _ _ _ _ _ _ _ _ _ _ _ _ _ _ _ _ _ _ _ _ _ _ _ _ _ _ _

map = {<class 'TimeoutError'>: <class 'httpcore.ConnectTimeout'>, <class 'OSError'>: <class 'httpcore.ConnectError'>}

    @contextlib.contextmanager
    def map_exceptions(map: ExceptionMapping) -> typing.Iterator[None]:
        try:
            yield
        except Exception as exc:  # noqa: PIE786
            for from_exc, to_exc in map.items():
                if isinstance(exc, from_exc):
>                   raise to_exc(exc) from exc
E                   httpcore.ConnectError: [WinError 10061] No connection could be made because the target machine actively refused it

..\..\dark-factory-wearedevs\.venv\Lib\site-packages\httpcore\_exceptions.py:14: ConnectError

The above exception was the direct cause of the following exception:

reset = <function reset.<locals>._reset at 0x000001DDF8592CA0>
api = <function api.<locals>._api at 0x000001DDF8592AC0>

    @pytest.fixture
    def world(reset, api):
        fixture = fx.fixture()
>       reset(fixture)

C:\Users\HARIHA~1\AppData\Local\Temp\umbra-1125eee4-rmyw6v3j\repo\verify\stage-1\conftest.py:55: 
_ _ _ _ _ _ _ _ _ _ _ _ _ _ _ _ _ _ _ _ _ _ _ _ _ _ _ _ _ _ _ _ _ _ _ _ _ _ _ _
C:\Users\HARIHA~1\AppData\Local\Temp\umbra-1125eee4-rmyw6v3j\repo\verify\stage-1\conftest.py:30: in _reset
    resp = httpx.post(f"{base_url}/_test/reset", json=fixture, timeout=RESET_TIMEOUT)
           ^^^^^^^^^^^^^^^^^^^^^^^^^^^^^^^^^^^^^^^^^^^^^^^^^^^^^^^^^^^^^^^^^^^^^^^^^^
..\..\dark-factory-wearedevs\.venv\Lib\site-packages\httpx\_api.py:304: in post
    return request(
..\..\dark-factory-wearedevs\.venv\Lib\site-packages\httpx\_api.py:109: in request
    return client.request(
..\..\dark-factory-wearedevs\.venv\Lib\site-packages\httpx\_client.py:825: in request
    return self.send(request, auth=auth, follow_redirects=follow_redirects)
           ^^^^^^^^^^^^^^^^^^^^^^^^^^^^^^^^^^^^^^^^^^^^^^^^^^^^^^^^^^^^^^^^
..\..\dark-factory-wearedevs\.venv\Lib\site-packages\httpx\_client.py:914: in send
    response = self._send_handling_auth(
..\..\dark-factory-wearedevs\.venv\Lib\site-packages\httpx\_client.py:942: in _send_handling_auth
    response = self._send_handling_redirects(
..\..\dark-factory-wearedevs\.venv\Lib\site-packages\httpx\_client.py:979: in _send_handling_redirects
    response = self._send_single_request(request)
               ^^^^^^^^^^^^^^^^^^^^^^^^^^^^^^^^^^
..\..\dark-factory-wearedevs\.venv\Lib\site-packages\httpx\_client.py:1014: in _send_single_request
    response = transport.handle_request(request)
               ^^^^^^^^^^^^^^^^^^^^^^^^^^^^^^^^^
..\..\dark-factory-wearedevs\.venv\Lib\site-packages\httpx\_transports\default.py:249: in handle_request
    with map_httpcore_exceptions():
         ^^^^^^^^^^^^^^^^^^^^^^^^^
..\..\..\..\AppData\Local\Programs\Python\Python312\Lib\contextlib.py:158: in __exit__
    self.gen.throw(value)
_ _ _ _ _ _ _ _ _ _ _ _ _ _ _ _ _ _ _ _ _ _ _ _ _ _ _ _ _ _ _ _ _ _ _ _ _ _ _ _

    @contextlib.contextmanager
    def map_httpcore_exceptions() -> typing.Iterator[None]:
        global HTTPCORE_EXC_MAP
        if len(HTTPCORE_EXC_MAP) == 0:
            HTTPCORE_EXC_MAP = _load_httpcore_exceptions()
        try:
            yield
        except Exception as exc:
            mapped_exc = None
    
            for from_exc, to_exc in HTTPCORE_EXC_MAP.items():
                if not isinstance(exc, from_exc):
                    continue
                # We want to map to the most specific exception we can find.
                # Eg if `exc` is an `httpcore.ReadTimeout`, we want to map to
                # `httpx.ReadTimeout`, not just `httpx.TimeoutException`.
                if mapped_exc is None or issubclass(to_exc, mapped_exc):
                    mapped_exc = to_exc
    
            if mapped_exc is None:  # pragma: no cover
                raise
    
            message = str(exc)
>           raise mapped_exc(message) from exc
E           httpx.ConnectError: [WinError 10061] No connection could be made because the target machine actively refused it

..\..\dark-factory-wearedevs\.venv\Lib\site-packages\httpx\_transports\default.py:118: ConnectError
______________ ERROR at setup of test_s1_c18_activity_pagination ______________

    @contextlib.contextmanager
    def map_httpcore_exceptions() -> typing.Iterator[None]:
        global HTTPCORE_EXC_MAP
        if len(HTTPCORE_EXC_MAP) == 0:
            HTTPCORE_EXC_MAP = _load_httpcore_exceptions()
        try:
>           yield

..\..\dark-factory-wearedevs\.venv\Lib\site-packages\httpx\_transports\default.py:101: 
_ _ _ _ _ _ _ _ _ _ _ _ _ _ _ _ _ _ _ _ _ _ _ _ _ _ _ _ _ _ _ _ _ _ _ _ _ _ _ _
..\..\dark-factory-wearedevs\.venv\Lib\site-packages\httpx\_transports\default.py:250: in handle_request
    resp = self._pool.handle_request(req)
           ^^^^^^^^^^^^^^^^^^^^^^^^^^^^^^
..\..\dark-factory-wearedevs\.venv\Lib\site-packages\httpcore\_sync\connection_pool.py:256: in handle_request
    raise exc from None
..\..\dark-factory-wearedevs\.venv\Lib\site-packages\httpcore\_sync\connection_pool.py:236: in handle_request
    response = connection.handle_request(
..\..\dark-factory-wearedevs\.venv\Lib\site-packages\httpcore\_sync\connection.py:101: in handle_request
    raise exc
..\..\dark-factory-wearedevs\.venv\Lib\site-packages\httpcore\_sync\connection.py:78: in handle_request
    stream = self._connect(request)
             ^^^^^^^^^^^^^^^^^^^^^^
..\..\dark-factory-wearedevs\.venv\Lib\site-packages\httpcore\_sync\connection.py:124: in _connect
    stream = self._network_backend.connect_tcp(**kwargs)
             ^^^^^^^^^^^^^^^^^^^^^^^^^^^^^^^^^^^^^^^^^^^
..\..\dark-factory-wearedevs\.venv\Lib\site-packages\httpcore\_backends\sync.py:207: in connect_tcp
    with map_exceptions(exc_map):
         ^^^^^^^^^^^^^^^^^^^^^^^
..\..\..\..\AppData\Local\Programs\Python\Python312\Lib\contextlib.py:158: in __exit__
    self.gen.throw(value)
_ _ _ _ _ _ _ _ _ _ _ _ _ _ _ _ _ _ _ _ _ _ _ _ _ _ _ _ _ _ _ _ _ _ _ _ _ _ _ _

map = {<class 'TimeoutError'>: <class 'httpcore.ConnectTimeout'>, <class 'OSError'>: <class 'httpcore.ConnectError'>}

    @contextlib.contextmanager
    def map_exceptions(map: ExceptionMapping) -> typing.Iterator[None]:
        try:
            yield
        except Exception as exc:  # noqa: PIE786
            for from_exc, to_exc in map.items():
                if isinstance(exc, from_exc):
>                   raise to_exc(exc) from exc
E                   httpcore.ConnectError: [WinError 10061] No connection could be made because the target machine actively refused it

..\..\dark-factory-wearedevs\.venv\Lib\site-packages\httpcore\_exceptions.py:14: ConnectError

The above exception was the direct cause of the following exception:

reset = <function reset.<locals>._reset at 0x000001DDF8592520>
api = <function api.<locals>._api at 0x000001DDF85913A0>

    @pytest.fixture
    def world(reset, api):
        fixture = fx.fixture()
>       reset(fixture)

C:\Users\HARIHA~1\AppData\Local\Temp\umbra-1125eee4-rmyw6v3j\repo\verify\stage-1\conftest.py:55: 
_ _ _ _ _ _ _ _ _ _ _ _ _ _ _ _ _ _ _ _ _ _ _ _ _ _ _ _ _ _ _ _ _ _ _ _ _ _ _ _
C:\Users\HARIHA~1\AppData\Local\Temp\umbra-1125eee4-rmyw6v3j\repo\verify\stage-1\conftest.py:30: in _reset
    resp = httpx.post(f"{base_url}/_test/reset", json=fixture, timeout=RESET_TIMEOUT)
           ^^^^^^^^^^^^^^^^^^^^^^^^^^^^^^^^^^^^^^^^^^^^^^^^^^^^^^^^^^^^^^^^^^^^^^^^^^
..\..\dark-factory-wearedevs\.venv\Lib\site-packages\httpx\_api.py:304: in post
    return request(
..\..\dark-factory-wearedevs\.venv\Lib\site-packages\httpx\_api.py:109: in request
    return client.request(
..\..\dark-factory-wearedevs\.venv\Lib\site-packages\httpx\_client.py:825: in request
    return self.send(request, auth=auth, follow_redirects=follow_redirects)
           ^^^^^^^^^^^^^^^^^^^^^^^^^^^^^^^^^^^^^^^^^^^^^^^^^^^^^^^^^^^^^^^^
..\..\dark-factory-wearedevs\.venv\Lib\site-packages\httpx\_client.py:914: in send
    response = self._send_handling_auth(
..\..\dark-factory-wearedevs\.venv\Lib\site-packages\httpx\_client.py:942: in _send_handling_auth
    response = self._send_handling_redirects(
..\..\dark-factory-wearedevs\.venv\Lib\site-packages\httpx\_client.py:979: in _send_handling_redirects
    response = self._send_single_request(request)
               ^^^^^^^^^^^^^^^^^^^^^^^^^^^^^^^^^^
..\..\dark-factory-wearedevs\.venv\Lib\site-packages\httpx\_client.py:1014: in _send_single_request
    response = transport.handle_request(request)
               ^^^^^^^^^^^^^^^^^^^^^^^^^^^^^^^^^
..\..\dark-factory-wearedevs\.venv\Lib\site-packages\httpx\_transports\default.py:249: in handle_request
    with map_httpcore_exceptions():
         ^^^^^^^^^^^^^^^^^^^^^^^^^
..\..\..\..\AppData\Local\Programs\Python\Python312\Lib\contextlib.py:158: in __exit__
    self.gen.throw(value)
_ _ _ _ _ _ _ _ _ _ _ _ _ _ _ _ _ _ _ _ _ _ _ _ _ _ _ _ _ _ _ _ _ _ _ _ _ _ _ _

    @contextlib.contextmanager
    def map_httpcore_exceptions() -> typing.Iterator[None]:
        global HTTPCORE_EXC_MAP
        if len(HTTPCORE_EXC_MAP) == 0:
            HTTPCORE_EXC_MAP = _load_httpcore_exceptions()
        try:
            yield
        except Exception as exc:
            mapped_exc = None
    
            for from_exc, to_exc in HTTPCORE_EXC_MAP.items():
                if not isinstance(exc, from_exc):
                    continue
                # We want to map to the most specific exception we can find.
                # Eg if `exc` is an `httpcore.ReadTimeout`, we want to map to
                # `httpx.ReadTimeout`, not just `httpx.TimeoutException`.
                if mapped_exc is None or issubclass(to_exc, mapped_exc):
                    mapped_exc = to_exc
    
            if mapped_exc is None:  # pragma: no cover
                raise
    
            message = str(exc)
>           raise mapped_exc(message) from exc
E           httpx.ConnectError: [WinError 10061] No connection could be made because the target machine actively refused it

..\..\dark-factory-wearedevs\.venv\Lib\site-packages\httpx\_transports\default.py:118: ConnectError
_____________ ERROR at setup of test_s1_c28_scope_endpoints_exist _____________

    @contextlib.contextmanager
    def map_httpcore_exceptions() -> typing.Iterator[None]:
        global HTTPCORE_EXC_MAP
        if len(HTTPCORE_EXC_MAP) == 0:
            HTTPCORE_EXC_MAP = _load_httpcore_exceptions()
        try:
>           yield

..\..\dark-factory-wearedevs\.venv\Lib\site-packages\httpx\_transports\default.py:101: 
_ _ _ _ _ _ _ _ _ _ _ _ _ _ _ _ _ _ _ _ _ _ _ _ _ _ _ _ _ _ _ _ _ _ _ _ _ _ _ _
..\..\dark-factory-wearedevs\.venv\Lib\site-packages\httpx\_transports\default.py:250: in handle_request
    resp = self._pool.handle_request(req)
           ^^^^^^^^^^^^^^^^^^^^^^^^^^^^^^
..\..\dark-factory-wearedevs\.venv\Lib\site-packages\httpcore\_sync\connection_pool.py:256: in handle_request
    raise exc from None
..\..\dark-factory-wearedevs\.venv\Lib\site-packages\httpcore\_sync\connection_pool.py:236: in handle_request
    response = connection.handle_request(
..\..\dark-factory-wearedevs\.venv\Lib\site-packages\httpcore\_sync\connection.py:101: in handle_request
    raise exc
..\..\dark-factory-wearedevs\.venv\Lib\site-packages\httpcore\_sync\connection.py:78: in handle_request
    stream = self._connect(request)
             ^^^^^^^^^^^^^^^^^^^^^^
..\..\dark-factory-wearedevs\.venv\Lib\site-packages\httpcore\_sync\connection.py:124: in _connect
    stream = self._network_backend.connect_tcp(**kwargs)
             ^^^^^^^^^^^^^^^^^^^^^^^^^^^^^^^^^^^^^^^^^^^
..\..\dark-factory-wearedevs\.venv\Lib\site-packages\httpcore\_backends\sync.py:207: in connect_tcp
    with map_exceptions(exc_map):
         ^^^^^^^^^^^^^^^^^^^^^^^
..\..\..\..\AppData\Local\Programs\Python\Python312\Lib\contextlib.py:158: in __exit__
    self.gen.throw(value)
_ _ _ _ _ _ _ _ _ _ _ _ _ _ _ _ _ _ _ _ _ _ _ _ _ _ _ _ _ _ _ _ _ _ _ _ _ _ _ _

map = {<class 'TimeoutError'>: <class 'httpcore.ConnectTimeout'>, <class 'OSError'>: <class 'httpcore.ConnectError'>}

    @contextlib.contextmanager
    def map_exceptions(map: ExceptionMapping) -> typing.Iterator[None]:
        try:
            yield
        except Exception as exc:  # noqa: PIE786
            for from_exc, to_exc in map.items():
                if isinstance(exc, from_exc):
>                   raise to_exc(exc) from exc
E                   httpcore.ConnectError: [WinError 10061] No connection could be made because the target machine actively refused it

..\..\dark-factory-wearedevs\.venv\Lib\site-packages\httpcore\_exceptions.py:14: ConnectError

The above exception was the direct cause of the following exception:

reset = <function reset.<locals>._reset at 0x000001DDF856A660>
api = <function api.<locals>._api at 0x000001DDF856A340>

    @pytest.fixture
    def world(reset, api):
        fixture = fx.fixture()
>       reset(fixture)

C:\Users\HARIHA~1\AppData\Local\Temp\umbra-1125eee4-rmyw6v3j\repo\verify\stage-1\conftest.py:55: 
_ _ _ _ _ _ _ _ _ _ _ _ _ _ _ _ _ _ _ _ _ _ _ _ _ _ _ _ _ _ _ _ _ _ _ _ _ _ _ _
C:\Users\HARIHA~1\AppData\Local\Temp\umbra-1125eee4-rmyw6v3j\repo\verify\stage-1\conftest.py:30: in _reset
    resp = httpx.post(f"{base_url}/_test/reset", json=fixture, timeout=RESET_TIMEOUT)
           ^^^^^^^^^^^^^^^^^^^^^^^^^^^^^^^^^^^^^^^^^^^^^^^^^^^^^^^^^^^^^^^^^^^^^^^^^^
..\..\dark-factory-wearedevs\.venv\Lib\site-packages\httpx\_api.py:304: in post
    return request(
..\..\dark-factory-wearedevs\.venv\Lib\site-packages\httpx\_api.py:109: in request
    return client.request(
..\..\dark-factory-wearedevs\.venv\Lib\site-packages\httpx\_client.py:825: in request
    return self.send(request, auth=auth, follow_redirects=follow_redirects)
           ^^^^^^^^^^^^^^^^^^^^^^^^^^^^^^^^^^^^^^^^^^^^^^^^^^^^^^^^^^^^^^^^
..\..\dark-factory-wearedevs\.venv\Lib\site-packages\httpx\_client.py:914: in send
    response = self._send_handling_auth(
..\..\dark-factory-wearedevs\.venv\Lib\site-packages\httpx\_client.py:942: in _send_handling_auth
    response = self._send_handling_redirects(
..\..\dark-factory-wearedevs\.venv\Lib\site-packages\httpx\_client.py:979: in _send_handling_redirects
    response = self._send_single_request(request)
               ^^^^^^^^^^^^^^^^^^^^^^^^^^^^^^^^^^
..\..\dark-factory-wearedevs\.venv\Lib\site-packages\httpx\_client.py:1014: in _send_single_request
    response = transport.handle_request(request)
               ^^^^^^^^^^^^^^^^^^^^^^^^^^^^^^^^^
..\..\dark-factory-wearedevs\.venv\Lib\site-packages\httpx\_transports\default.py:249: in handle_request
    with map_httpcore_exceptions():
         ^^^^^^^^^^^^^^^^^^^^^^^^^
..\..\..\..\AppData\Local\Programs\Python\Python312\Lib\contextlib.py:158: in __exit__
    self.gen.throw(value)
_ _ _ _ _ _ _ _ _ _ _ _ _ _ _ _ _ _ _ _ _ _ _ _ _ _ _ _ _ _ _ _ _ _ _ _ _ _ _ _

    @contextlib.contextmanager
    def map_httpcore_exceptions() -> typing.Iterator[None]:
        global HTTPCORE_EXC_MAP
        if len(HTTPCORE_EXC_MAP) == 0:
            HTTPCORE_EXC_MAP = _load_httpcore_exceptions()
        try:
            yield
        except Exception as exc:
            mapped_exc = None
    
            for from_exc, to_exc in HTTPCORE_EXC_MAP.items():
                if not isinstance(exc, from_exc):
                    continue
                # We want to map to the most specific exception we can find.
                # Eg if `exc` is an `httpcore.ReadTimeout`, we want to map to
                # `httpx.ReadTimeout`, not just `httpx.TimeoutException`.
                if mapped_exc is None or issubclass(to_exc, mapped_exc):
                    mapped_exc = to_exc
    
            if mapped_exc is None:  # pragma: no cover
                raise
    
            message = str(exc)
>           raise mapped_exc(message) from exc
E           httpx.ConnectError: [WinError 10061] No connection could be made because the target machine actively refused it

..\..\dark-factory-wearedevs\.venv\Lib\site-packages\httpx\_transports\default.py:118: ConnectError
================================== FAILURES ===================================
_________ test_s1_c10_export_state_does_not_store_plaintext_password __________

    @contextlib.contextmanager
    def map_httpcore_exceptions() -> typing.Iterator[None]:
        global HTTPCORE_EXC_MAP
        if len(HTTPCORE_EXC_MAP) == 0:
            HTTPCORE_EXC_MAP = _load_httpcore_exceptions()
        try:
>           yield

..\..\dark-factory-wearedevs\.venv\Lib\site-packages\httpx\_transports\default.py:101: 
_ _ _ _ _ _ _ _ _ _ _ _ _ _ _ _ _ _ _ _ _ _ _ _ _ _ _ _ _ _ _ _ _ _ _ _ _ _ _ _
..\..\dark-factory-wearedevs\.venv\Lib\site-packages\httpx\_transports\default.py:250: in handle_request
    resp = self._pool.handle_request(req)
           ^^^^^^^^^^^^^^^^^^^^^^^^^^^^^^
..\..\dark-factory-wearedevs\.venv\Lib\site-packages\httpcore\_sync\connection_pool.py:256: in handle_request
    raise exc from None
..\..\dark-factory-wearedevs\.venv\Lib\site-packages\httpcore\_sync\connection_pool.py:236: in handle_request
    response = connection.handle_request(
..\..\dark-factory-wearedevs\.venv\Lib\site-packages\httpcore\_sync\connection.py:101: in handle_request
    raise exc
..\..\dark-factory-wearedevs\.venv\Lib\site-packages\httpcore\_sync\connection.py:78: in handle_request
    stream = self._connect(request)
             ^^^^^^^^^^^^^^^^^^^^^^
..\..\dark-factory-wearedevs\.venv\Lib\site-packages\httpcore\_sync\connection.py:124: in _connect
    stream = self._network_backend.connect_tcp(**kwargs)
             ^^^^^^^^^^^^^^^^^^^^^^^^^^^^^^^^^^^^^^^^^^^
..\..\dark-factory-wearedevs\.venv\Lib\site-packages\httpcore\_backends\sync.py:207: in connect_tcp
    with map_exceptions(exc_map):
         ^^^^^^^^^^^^^^^^^^^^^^^
..\..\..\..\AppData\Local\Programs\Python\Python312\Lib\contextlib.py:158: in __exit__
    self.gen.throw(value)
_ _ _ _ _ _ _ _ _ _ _ _ _ _ _ _ _ _ _ _ _ _ _ _ _ _ _ _ _ _ _ _ _ _ _ _ _ _ _ _

map = {<class 'TimeoutError'>: <class 'httpcore.ConnectTimeout'>, <class 'OSError'>: <class 'httpcore.ConnectError'>}

    @contextlib.contextmanager
    def map_exceptions(map: ExceptionMapping) -> typing.Iterator[None]:
        try:
            yield
        except Exception as exc:  # noqa: PIE786
            for from_exc, to_exc in map.items():
                if isinstance(exc, from_exc):
>                   raise to_exc(exc) from exc
E                   httpcore.ConnectError: [WinError 10061] No connection could be made because the target machine actively refused it

..\..\dark-factory-wearedevs\.venv\Lib\site-packages\httpcore\_exceptions.py:14: ConnectError

The above exception was the direct cause of the following exception:

reset = <function reset.<locals>._reset at 0x000001DDF9AA9C60>
api = <function api.<locals>._api at 0x000001DDF9AA9DA0>

    def test_s1_c10_export_state_does_not_store_plaintext_password(reset, api):
        secret = "unique-secret-horse-99"
        fx_body = fx.fixture(users=[fx.user("zee", 0, email="zee@example.com", password=secret)])
>       reset(fx_body)

..\..\..\..\AppData\Local\Temp\umbra-1125eee4-rmyw6v3j\repo\verify\stage-1\test_s1_auth.py:55: 
_ _ _ _ _ _ _ _ _ _ _ _ _ _ _ _ _ _ _ _ _ _ _ _ _ _ _ _ _ _ _ _ _ _ _ _ _ _ _ _
C:\Users\HARIHA~1\AppData\Local\Temp\umbra-1125eee4-rmyw6v3j\repo\verify\stage-1\conftest.py:30: in _reset
    resp = httpx.post(f"{base_url}/_test/reset", json=fixture, timeout=RESET_TIMEOUT)
           ^^^^^^^^^^^^^^^^^^^^^^^^^^^^^^^^^^^^^^^^^^^^^^^^^^^^^^^^^^^^^^^^^^^^^^^^^^
..\..\dark-factory-wearedevs\.venv\Lib\site-packages\httpx\_api.py:304: in post
    return request(
..\..\dark-factory-wearedevs\.venv\Lib\site-packages\httpx\_api.py:109: in request
    return client.request(
..\..\dark-factory-wearedevs\.venv\Lib\site-packages\httpx\_client.py:825: in request
    return self.send(request, auth=auth, follow_redirects=follow_redirects)
           ^^^^^^^^^^^^^^^^^^^^^^^^^^^^^^^^^^^^^^^^^^^^^^^^^^^^^^^^^^^^^^^^
..\..\dark-factory-wearedevs\.venv\Lib\site-packages\httpx\_client.py:914: in send
    response = self._send_handling_auth(
..\..\dark-factory-wearedevs\.venv\Lib\site-packages\httpx\_client.py:942: in _send_handling_auth
    response = self._send_handling_redirects(
..\..\dark-factory-wearedevs\.venv\Lib\site-packages\httpx\_client.py:979: in _send_handling_redirects
    response = self._send_single_request(request)
               ^^^^^^^^^^^^^^^^^^^^^^^^^^^^^^^^^^
..\..\dark-factory-wearedevs\.venv\Lib\site-packages\httpx\_client.py:1014: in _send_single_request
    response = transport.handle_request(request)
               ^^^^^^^^^^^^^^^^^^^^^^^^^^^^^^^^^
..\..\dark-factory-wearedevs\.venv\Lib\site-packages\httpx\_transports\default.py:249: in handle_request
    with map_httpcore_exceptions():
         ^^^^^^^^^^^^^^^^^^^^^^^^^
..\..\..\..\AppData\Local\Programs\Python\Python312\Lib\contextlib.py:158: in __exit__
    self.gen.throw(value)
_ _ _ _ _ _ _ _ _ _ _ _ _ _ _ _ _ _ _ _ _ _ _ _ _ _ _ _ _ _ _ _ _ _ _ _ _ _ _ _

    @contextlib.contextmanager
    def map_httpcore_exceptions() -> typing.Iterator[None]:
        global HTTPCORE_EXC_MAP
        if len(HTTPCORE_EXC_MAP) == 0:
            HTTPCORE_EXC_MAP = _load_httpcore_exceptions()
        try:
            yield
        except Exception as exc:
            mapped_exc = None
    
            for from_exc, to_exc in HTTPCORE_EXC_MAP.items():
                if not isinstance(exc, from_exc):
                    continue
                # We want to map to the most specific exception we can find.
                # Eg if `exc` is an `httpcore.ReadTimeout`, we want to map to
                # `httpx.ReadTimeout`, not just `httpx.TimeoutException`.
                if mapped_exc is None or issubclass(to_exc, mapped_exc):
                    mapped_exc = to_exc
    
            if mapped_exc is None:  # pragma: no cover
                raise
    
            message = str(exc)
>           raise mapped_exc(message) from exc
E           httpx.ConnectError: [WinError 10061] No connection could be made because the target machine actively refused it

..\..\dark-factory-wearedevs\.venv\Lib\site-packages\httpx\_transports\default.py:118: ConnectError
______________________ test_s1_c27_burst_payments_no_5xx ______________________

    @contextlib.contextmanager
    def map_httpcore_exceptions() -> typing.Iterator[None]:
        global HTTPCORE_EXC_MAP
        if len(HTTPCORE_EXC_MAP) == 0:
            HTTPCORE_EXC_MAP = _load_httpcore_exceptions()
        try:
>           yield

..\..\dark-factory-wearedevs\.venv\Lib\site-packages\httpx\_transports\default.py:101: 
_ _ _ _ _ _ _ _ _ _ _ _ _ _ _ _ _ _ _ _ _ _ _ _ _ _ _ _ _ _ _ _ _ _ _ _ _ _ _ _
..\..\dark-factory-wearedevs\.venv\Lib\site-packages\httpx\_transports\default.py:250: in handle_request
    resp = self._pool.handle_request(req)
           ^^^^^^^^^^^^^^^^^^^^^^^^^^^^^^
..\..\dark-factory-wearedevs\.venv\Lib\site-packages\httpcore\_sync\connection_pool.py:256: in handle_request
    raise exc from None
..\..\dark-factory-wearedevs\.venv\Lib\site-packages\httpcore\_sync\connection_pool.py:236: in handle_request
    response = connection.handle_request(
..\..\dark-factory-wearedevs\.venv\Lib\site-packages\httpcore\_sync\connection.py:101: in handle_request
    raise exc
..\..\dark-factory-wearedevs\.venv\Lib\site-packages\httpcore\_sync\connection.py:78: in handle_request
    stream = self._connect(request)
             ^^^^^^^^^^^^^^^^^^^^^^
..\..\dark-factory-wearedevs\.venv\Lib\site-packages\httpcore\_sync\connection.py:124: in _connect
    stream = self._network_backend.connect_tcp(**kwargs)
             ^^^^^^^^^^^^^^^^^^^^^^^^^^^^^^^^^^^^^^^^^^^
..\..\dark-factory-wearedevs\.venv\Lib\site-packages\httpcore\_backends\sync.py:207: in connect_tcp
    with map_exceptions(exc_map):
         ^^^^^^^^^^^^^^^^^^^^^^^
..\..\..\..\AppData\Local\Programs\Python\Python312\Lib\contextlib.py:158: in __exit__
    self.gen.throw(value)
_ _ _ _ _ _ _ _ _ _ _ _ _ _ _ _ _ _ _ _ _ _ _ _ _ _ _ _ _ _ _ _ _ _ _ _ _ _ _ _

map = {<class 'TimeoutError'>: <class 'httpcore.ConnectTimeout'>, <class 'OSError'>: <class 'httpcore.ConnectError'>}

    @contextlib.contextmanager
    def map_exceptions(map: ExceptionMapping) -> typing.Iterator[None]:
        try:
            yield
        except Exception as exc:  # noqa: PIE786
            for from_exc, to_exc in map.items():
                if isinstance(exc, from_exc):
>                   raise to_exc(exc) from exc
E                   httpcore.ConnectError: [WinError 10061] No connection could be made because the target machine actively refused it

..\..\dark-factory-wearedevs\.venv\Lib\site-packages\httpcore\_exceptions.py:14: ConnectError

The above exception was the direct cause of the following exception:

reset = <function reset.<locals>._reset at 0x000001DDF9AAA7A0>
base_url = 'http://127.0.0.1:57189'

    def test_s1_c27_burst_payments_no_5xx(reset, base_url):
>       reset(fx.fixture(users=[fx.user("ada", 1000), fx.user("bob", 0)]))

..\..\..\..\AppData\Local\Temp\umbra-1125eee4-rmyw6v3j\repo\verify\stage-1\test_s1_errors_load.py:24: 
_ _ _ _ _ _ _ _ _ _ _ _ _ _ _ _ _ _ _ _ _ _ _ _ _ _ _ _ _ _ _ _ _ _ _ _ _ _ _ _
C:\Users\HARIHA~1\AppData\Local\Temp\umbra-1125eee4-rmyw6v3j\repo\verify\stage-1\conftest.py:30: in _reset
    resp = httpx.post(f"{base_url}/_test/reset", json=fixture, timeout=RESET_TIMEOUT)
           ^^^^^^^^^^^^^^^^^^^^^^^^^^^^^^^^^^^^^^^^^^^^^^^^^^^^^^^^^^^^^^^^^^^^^^^^^^
..\..\dark-factory-wearedevs\.venv\Lib\site-packages\httpx\_api.py:304: in post
    return request(
..\..\dark-factory-wearedevs\.venv\Lib\site-packages\httpx\_api.py:109: in request
    return client.request(
..\..\dark-factory-wearedevs\.venv\Lib\site-packages\httpx\_client.py:825: in request
    return self.send(request, auth=auth, follow_redirects=follow_redirects)
           ^^^^^^^^^^^^^^^^^^^^^^^^^^^^^^^^^^^^^^^^^^^^^^^^^^^^^^^^^^^^^^^^
..\..\dark-factory-wearedevs\.venv\Lib\site-packages\httpx\_client.py:914: in send
    response = self._send_handling_auth(
..\..\dark-factory-wearedevs\.venv\Lib\site-packages\httpx\_client.py:942: in _send_handling_auth
    response = self._send_handling_redirects(
..\..\dark-factory-wearedevs\.venv\Lib\site-packages\httpx\_client.py:979: in _send_handling_redirects
    response = self._send_single_request(request)
               ^^^^^^^^^^^^^^^^^^^^^^^^^^^^^^^^^^
..\..\dark-factory-wearedevs\.venv\Lib\site-packages\httpx\_client.py:1014: in _send_single_request
    response = transport.handle_request(request)
               ^^^^^^^^^^^^^^^^^^^^^^^^^^^^^^^^^
..\..\dark-factory-wearedevs\.venv\Lib\site-packages\httpx\_transports\default.py:249: in handle_request
    with map_httpcore_exceptions():
         ^^^^^^^^^^^^^^^^^^^^^^^^^
..\..\..\..\AppData\Local\Programs\Python\Python312\Lib\contextlib.py:158: in __exit__
    self.gen.throw(value)
_ _ _ _ _ _ _ _ _ _ _ _ _ _ _ _ _ _ _ _ _ _ _ _ _ _ _ _ _ _ _ _ _ _ _ _ _ _ _ _

    @contextlib.contextmanager
    def map_httpcore_exceptions() -> typing.Iterator[None]:
        global HTTPCORE_EXC_MAP
        if len(HTTPCORE_EXC_MAP) == 0:
            HTTPCORE_EXC_MAP = _load_httpcore_exceptions()
        try:
            yield
        except Exception as exc:
            mapped_exc = None
    
            for from_exc, to_exc in HTTPCORE_EXC_MAP.items():
                if not isinstance(exc, from_exc):
                    continue
                # We want to map to the most specific exception we can find.
                # Eg if `exc` is an `httpcore.ReadTimeout`, we want to map to
                # `httpx.ReadTimeout`, not just `httpx.TimeoutException`.
                if mapped_exc is None or issubclass(to_exc, mapped_exc):
                    mapped_exc = to_exc
    
            if mapped_exc is None:  # pragma: no cover
                raise
    
            message = str(exc)
>           raise mapped_exc(message) from exc
E           httpx.ConnectError: [WinError 10061] No connection could be made because the target machine actively refused it

..\..\dark-factory-wearedevs\.venv\Lib\site-packages\httpx\_transports\default.py:118: ConnectError
_______________ test_s1_c26_non_negative_under_competing_debits _______________

    @contextlib.contextmanager
    def map_httpcore_exceptions() -> typing.Iterator[None]:
        global HTTPCORE_EXC_MAP
        if len(HTTPCORE_EXC_MAP) == 0:
            HTTPCORE_EXC_MAP = _load_httpcore_exceptions()
        try:
>           yield

..\..\dark-factory-wearedevs\.venv\Lib\site-packages\httpx\_transports\default.py:101: 
_ _ _ _ _ _ _ _ _ _ _ _ _ _ _ _ _ _ _ _ _ _ _ _ _ _ _ _ _ _ _ _ _ _ _ _ _ _ _ _
..\..\dark-factory-wearedevs\.venv\Lib\site-packages\httpx\_transports\default.py:250: in handle_request
    resp = self._pool.handle_request(req)
           ^^^^^^^^^^^^^^^^^^^^^^^^^^^^^^
..\..\dark-factory-wearedevs\.venv\Lib\site-packages\httpcore\_sync\connection_pool.py:256: in handle_request
    raise exc from None
..\..\dark-factory-wearedevs\.venv\Lib\site-packages\httpcore\_sync\connection_pool.py:236: in handle_request
    response = connection.handle_request(
..\..\dark-factory-wearedevs\.venv\Lib\site-packages\httpcore\_sync\connection.py:101: in handle_request
    raise exc
..\..\dark-factory-wearedevs\.venv\Lib\site-packages\httpcore\_sync\connection.py:78: in handle_request
    stream = self._connect(request)
             ^^^^^^^^^^^^^^^^^^^^^^
..\..\dark-factory-wearedevs\.venv\Lib\site-packages\httpcore\_sync\connection.py:124: in _connect
    stream = self._network_backend.connect_tcp(**kwargs)
             ^^^^^^^^^^^^^^^^^^^^^^^^^^^^^^^^^^^^^^^^^^^
..\..\dark-factory-wearedevs\.venv\Lib\site-packages\httpcore\_backends\sync.py:207: in connect_tcp
    with map_exceptions(exc_map):
         ^^^^^^^^^^^^^^^^^^^^^^^
..\..\..\..\AppData\Local\Programs\Python\Python312\Lib\contextlib.py:158: in __exit__
    self.gen.throw(value)
_ _ _ _ _ _ _ _ _ _ _ _ _ _ _ _ _ _ _ _ _ _ _ _ _ _ _ _ _ _ _ _ _ _ _ _ _ _ _ _

map = {<class 'TimeoutError'>: <class 'httpcore.ConnectTimeout'>, <class 'OSError'>: <class 'httpcore.ConnectError'>}

    @contextlib.contextmanager
    def map_exceptions(map: ExceptionMapping) -> typing.Iterator[None]:
        try:
            yield
        except Exception as exc:  # noqa: PIE786
            for from_exc, to_exc in map.items():
                if isinstance(exc, from_exc):
>                   raise to_exc(exc) from exc
E                   httpcore.ConnectError: [WinError 10061] No connection could be made because the target machine actively refused it

..\..\dark-factory-wearedevs\.venv\Lib\site-packages\httpcore\_exceptions.py:14: ConnectError

The above exception was the direct cause of the following exception:

reset = <function reset.<locals>._reset at 0x000001DDF9AA98A0>
base_url = 'http://127.0.0.1:57189'
balance = <function balance.<locals>._balance at 0x000001DDF9AA9F80>

    def test_s1_c26_non_negative_under_competing_debits(reset, base_url, balance):
>       reset(fx.fixture(users=[fx.user("ada", 500), fx.user("bob", 0), fx.user("cy", 0)]))

..\..\..\..\AppData\Local\Temp\umbra-1125eee4-rmyw6v3j\repo\verify\stage-1\test_s1_invariants.py:28: 
_ _ _ _ _ _ _ _ _ _ _ _ _ _ _ _ _ _ _ _ _ _ _ _ _ _ _ _ _ _ _ _ _ _ _ _ _ _ _ _
C:\Users\HARIHA~1\AppData\Local\Temp\umbra-1125eee4-rmyw6v3j\repo\verify\stage-1\conftest.py:30: in _reset
    resp = httpx.post(f"{base_url}/_test/reset", json=fixture, timeout=RESET_TIMEOUT)
           ^^^^^^^^^^^^^^^^^^^^^^^^^^^^^^^^^^^^^^^^^^^^^^^^^^^^^^^^^^^^^^^^^^^^^^^^^^
..\..\dark-factory-wearedevs\.venv\Lib\site-packages\httpx\_api.py:304: in post
    return request(
..\..\dark-factory-wearedevs\.venv\Lib\site-packages\httpx\_api.py:109: in request
    return client.request(
..\..\dark-factory-wearedevs\.venv\Lib\site-packages\httpx\_client.py:825: in request
    return self.send(request, auth=auth, follow_redirects=follow_redirects)
           ^^^^^^^^^^^^^^^^^^^^^^^^^^^^^^^^^^^^^^^^^^^^^^^^^^^^^^^^^^^^^^^^
..\..\dark-factory-wearedevs\.venv\Lib\site-packages\httpx\_client.py:914: in send
    response = self._send_handling_auth(
..\..\dark-factory-wearedevs\.venv\Lib\site-packages\httpx\_client.py:942: in _send_handling_auth
    response = self._send_handling_redirects(
..\..\dark-factory-wearedevs\.venv\Lib\site-packages\httpx\_client.py:979: in _send_handling_redirects
    response = self._send_single_request(request)
               ^^^^^^^^^^^^^^^^^^^^^^^^^^^^^^^^^^
..\..\dark-factory-wearedevs\.venv\Lib\site-packages\httpx\_client.py:1014: in _send_single_request
    response = transport.handle_request(request)
               ^^^^^^^^^^^^^^^^^^^^^^^^^^^^^^^^^
..\..\dark-factory-wearedevs\.venv\Lib\site-packages\httpx\_transports\default.py:249: in handle_request
    with map_httpcore_exceptions():
         ^^^^^^^^^^^^^^^^^^^^^^^^^
..\..\..\..\AppData\Local\Programs\Python\Python312\Lib\contextlib.py:158: in __exit__
    self.gen.throw(value)
_ _ _ _ _ _ _ _ _ _ _ _ _ _ _ _ _ _ _ _ _ _ _ _ _ _ _ _ _ _ _ _ _ _ _ _ _ _ _ _

    @contextlib.contextmanager
    def map_httpcore_exceptions() -> typing.Iterator[None]:
        global HTTPCORE_EXC_MAP
        if len(HTTPCORE_EXC_MAP) == 0:
            HTTPCORE_EXC_MAP = _load_httpcore_exceptions()
        try:
            yield
        except Exception as exc:
            mapped_exc = None
    
            for from_exc, to_exc in HTTPCORE_EXC_MAP.items():
                if not isinstance(exc, from_exc):
                    continue
                # We want to map to the most specific exception we can find.
                # Eg if `exc` is an `httpcore.ReadTimeout`, we want to map to
                # `httpx.ReadTimeout`, not just `httpx.TimeoutException`.
                if mapped_exc is None or issubclass(to_exc, mapped_exc):
                    mapped_exc = to_exc
    
            if mapped_exc is None:  # pragma: no cover
                raise
    
            message = str(exc)
>           raise mapped_exc(message) from exc
E           httpx.ConnectError: [WinError 10061] No connection could be made because the target machine actively refused it

..\..\dark-factory-wearedevs\.venv\Lib\site-packages\httpx\_transports\default.py:118: ConnectError
________________ test_s1_c29_currency_minor_units_from_fixture ________________

    @contextlib.contextmanager
    def map_httpcore_exceptions() -> typing.Iterator[None]:
        global HTTPCORE_EXC_MAP
        if len(HTTPCORE_EXC_MAP) == 0:
            HTTPCORE_EXC_MAP = _load_httpcore_exceptions()
        try:
>           yield

..\..\dark-factory-wearedevs\.venv\Lib\site-packages\httpx\_transports\default.py:101: 
_ _ _ _ _ _ _ _ _ _ _ _ _ _ _ _ _ _ _ _ _ _ _ _ _ _ _ _ _ _ _ _ _ _ _ _ _ _ _ _
..\..\dark-factory-wearedevs\.venv\Lib\site-packages\httpx\_transports\default.py:250: in handle_request
    resp = self._pool.handle_request(req)
           ^^^^^^^^^^^^^^^^^^^^^^^^^^^^^^
..\..\dark-factory-wearedevs\.venv\Lib\site-packages\httpcore\_sync\connection_pool.py:256: in handle_request
    raise exc from None
..\..\dark-factory-wearedevs\.venv\Lib\site-packages\httpcore\_sync\connection_pool.py:236: in handle_request
    response = connection.handle_request(
..\..\dark-factory-wearedevs\.venv\Lib\site-packages\httpcore\_sync\connection.py:101: in handle_request
    raise exc
..\..\dark-factory-wearedevs\.venv\Lib\site-packages\httpcore\_sync\connection.py:78: in handle_request
    stream = self._connect(request)
             ^^^^^^^^^^^^^^^^^^^^^^
..\..\dark-factory-wearedevs\.venv\Lib\site-packages\httpcore\_sync\connection.py:124: in _connect
    stream = self._network_backend.connect_tcp(**kwargs)
             ^^^^^^^^^^^^^^^^^^^^^^^^^^^^^^^^^^^^^^^^^^^
..\..\dark-factory-wearedevs\.venv\Lib\site-packages\httpcore\_backends\sync.py:207: in connect_tcp
    with map_exceptions(exc_map):
         ^^^^^^^^^^^^^^^^^^^^^^^
..\..\..\..\AppData\Local\Programs\Python\Python312\Lib\contextlib.py:158: in __exit__
    self.gen.throw(value)
_ _ _ _ _ _ _ _ _ _ _ _ _ _ _ _ _ _ _ _ _ _ _ _ _ _ _ _ _ _ _ _ _ _ _ _ _ _ _ _

map = {<class 'TimeoutError'>: <class 'httpcore.ConnectTimeout'>, <class 'OSError'>: <class 'httpcore.ConnectError'>}

    @contextlib.contextmanager
    def map_exceptions(map: ExceptionMapping) -> typing.Iterator[None]:
        try:
            yield
        except Exception as exc:  # noqa: PIE786
            for from_exc, to_exc in map.items():
                if isinstance(exc, from_exc):
>                   raise to_exc(exc) from exc
E                   httpcore.ConnectError: [WinError 10061] No connection could be made because the target machine actively refused it

..\..\dark-factory-wearedevs\.venv\Lib\site-packages\httpcore\_exceptions.py:14: ConnectError

The above exception was the direct cause of the following exception:

reset = <function reset.<locals>._reset at 0x000001DDF9AA9DA0>
api = <function api.<locals>._api at 0x000001DDF9AAA480>

    def test_s1_c29_currency_minor_units_from_fixture(reset, api):
        for currency, minor in (("JPY", 0), ("BHD", 3)):
>           reset(fx.fixture(currency=currency, minor_units=minor))

..\..\..\..\AppData\Local\Temp\umbra-1125eee4-rmyw6v3j\repo\verify\stage-1\test_s1_invariants.py:48: 
_ _ _ _ _ _ _ _ _ _ _ _ _ _ _ _ _ _ _ _ _ _ _ _ _ _ _ _ _ _ _ _ _ _ _ _ _ _ _ _
C:\Users\HARIHA~1\AppData\Local\Temp\umbra-1125eee4-rmyw6v3j\repo\verify\stage-1\conftest.py:30: in _reset
    resp = httpx.post(f"{base_url}/_test/reset", json=fixture, timeout=RESET_TIMEOUT)
           ^^^^^^^^^^^^^^^^^^^^^^^^^^^^^^^^^^^^^^^^^^^^^^^^^^^^^^^^^^^^^^^^^^^^^^^^^^
..\..\dark-factory-wearedevs\.venv\Lib\site-packages\httpx\_api.py:304: in post
    return request(
..\..\dark-factory-wearedevs\.venv\Lib\site-packages\httpx\_api.py:109: in request
    return client.request(
..\..\dark-factory-wearedevs\.venv\Lib\site-packages\httpx\_client.py:825: in request
    return self.send(request, auth=auth, follow_redirects=follow_redirects)
           ^^^^^^^^^^^^^^^^^^^^^^^^^^^^^^^^^^^^^^^^^^^^^^^^^^^^^^^^^^^^^^^^
..\..\dark-factory-wearedevs\.venv\Lib\site-packages\httpx\_client.py:914: in send
    response = self._send_handling_auth(
..\..\dark-factory-wearedevs\.venv\Lib\site-packages\httpx\_client.py:942: in _send_handling_auth
    response = self._send_handling_redirects(
..\..\dark-factory-wearedevs\.venv\Lib\site-packages\httpx\_client.py:979: in _send_handling_redirects
    response = self._send_single_request(request)
               ^^^^^^^^^^^^^^^^^^^^^^^^^^^^^^^^^^
..\..\dark-factory-wearedevs\.venv\Lib\site-packages\httpx\_client.py:1014: in _send_single_request
    response = transport.handle_request(request)
               ^^^^^^^^^^^^^^^^^^^^^^^^^^^^^^^^^
..\..\dark-factory-wearedevs\.venv\Lib\site-packages\httpx\_transports\default.py:249: in handle_request
    with map_httpcore_exceptions():
         ^^^^^^^^^^^^^^^^^^^^^^^^^
..\..\..\..\AppData\Local\Programs\Python\Python312\Lib\contextlib.py:158: in __exit__
    self.gen.throw(value)
_ _ _ _ _ _ _ _ _ _ _ _ _ _ _ _ _ _ _ _ _ _ _ _ _ _ _ _ _ _ _ _ _ _ _ _ _ _ _ _

    @contextlib.contextmanager
    def map_httpcore_exceptions() -> typing.Iterator[None]:
        global HTTPCORE_EXC_MAP
        if len(HTTPCORE_EXC_MAP) == 0:
            HTTPCORE_EXC_MAP = _load_httpcore_exceptions()
        try:
            yield
        except Exception as exc:
            mapped_exc = None
    
            for from_exc, to_exc in HTTPCORE_EXC_MAP.items():
                if not isinstance(exc, from_exc):
                    continue
                # We want to map to the most specific exception we can find.
                # Eg if `exc` is an `httpcore.ReadTimeout`, we want to map to
                # `httpx.ReadTimeout`, not just `httpx.TimeoutException`.
                if mapped_exc is None or issubclass(to_exc, mapped_exc):
                    mapped_exc = to_exc
    
            if mapped_exc is None:  # pragma: no cover
                raise
    
            message = str(exc)
>           raise mapped_exc(message) from exc
E           httpx.ConnectError: [WinError 10061] No connection could be made because the target machine actively refused it

..\..\dark-factory-wearedevs\.venv\Lib\site-packages\httpx\_transports\default.py:118: ConnectError
______________________ test_s1_c4_health_returns_ok_json ______________________

    @contextlib.contextmanager
    def map_httpcore_exceptions() -> typing.Iterator[None]:
        global HTTPCORE_EXC_MAP
        if len(HTTPCORE_EXC_MAP) == 0:
            HTTPCORE_EXC_MAP = _load_httpcore_exceptions()
        try:
>           yield

..\..\dark-factory-wearedevs\.venv\Lib\site-packages\httpx\_transports\default.py:101: 
_ _ _ _ _ _ _ _ _ _ _ _ _ _ _ _ _ _ _ _ _ _ _ _ _ _ _ _ _ _ _ _ _ _ _ _ _ _ _ _
..\..\dark-factory-wearedevs\.venv\Lib\site-packages\httpx\_transports\default.py:250: in handle_request
    resp = self._pool.handle_request(req)
           ^^^^^^^^^^^^^^^^^^^^^^^^^^^^^^
..\..\dark-factory-wearedevs\.venv\Lib\site-packages\httpcore\_sync\connection_pool.py:256: in handle_request
    raise exc from None
..\..\dark-factory-wearedevs\.venv\Lib\site-packages\httpcore\_sync\connection_pool.py:236: in handle_request
    response = connection.handle_request(
..\..\dark-factory-wearedevs\.venv\Lib\site-packages\httpcore\_sync\connection.py:101: in handle_request
    raise exc
..\..\dark-factory-wearedevs\.venv\Lib\site-packages\httpcore\_sync\connection.py:78: in handle_request
    stream = self._connect(request)
             ^^^^^^^^^^^^^^^^^^^^^^
..\..\dark-factory-wearedevs\.venv\Lib\site-packages\httpcore\_sync\connection.py:124: in _connect
    stream = self._network_backend.connect_tcp(**kwargs)
             ^^^^^^^^^^^^^^^^^^^^^^^^^^^^^^^^^^^^^^^^^^^
..\..\dark-factory-wearedevs\.venv\Lib\site-packages\httpcore\_backends\sync.py:207: in connect_tcp
    with map_exceptions(exc_map):
         ^^^^^^^^^^^^^^^^^^^^^^^
..\..\..\..\AppData\Local\Programs\Python\Python312\Lib\contextlib.py:158: in __exit__
    self.gen.throw(value)
_ _ _ _ _ _ _ _ _ _ _ _ _ _ _ _ _ _ _ _ _ _ _ _ _ _ _ _ _ _ _ _ _ _ _ _ _ _ _ _

map = {<class 'TimeoutError'>: <class 'httpcore.ConnectTimeout'>, <class 'OSError'>: <class 'httpcore.ConnectError'>}

    @contextlib.contextmanager
    def map_exceptions(map: ExceptionMapping) -> typing.Iterator[None]:
        try:
            yield
        except Exception as exc:  # noqa: PIE786
            for from_exc, to_exc in map.items():
                if isinstance(exc, from_exc):
>                   raise to_exc(exc) from exc
E                   httpcore.ConnectError: [WinError 10061] No connection could be made because the target machine actively refused it

..\..\dark-factory-wearedevs\.venv\Lib\site-packages\httpcore\_exceptions.py:14: ConnectError

The above exception was the direct cause of the following exception:

base_url = 'http://127.0.0.1:57189'

    def test_s1_c4_health_returns_ok_json(base_url):
>       resp = httpx.get(f"{base_url}/health", timeout=5.0)
               ^^^^^^^^^^^^^^^^^^^^^^^^^^^^^^^^^^^^^^^^^^^^

..\..\..\..\AppData\Local\Temp\umbra-1125eee4-rmyw6v3j\repo\verify\stage-1\test_s1_runtime.py:17: 
_ _ _ _ _ _ _ _ _ _ _ _ _ _ _ _ _ _ _ _ _ _ _ _ _ _ _ _ _ _ _ _ _ _ _ _ _ _ _ _
..\..\dark-factory-wearedevs\.venv\Lib\site-packages\httpx\_api.py:195: in get
    return request(
..\..\dark-factory-wearedevs\.venv\Lib\site-packages\httpx\_api.py:109: in request
    return client.request(
..\..\dark-factory-wearedevs\.venv\Lib\site-packages\httpx\_client.py:825: in request
    return self.send(request, auth=auth, follow_redirects=follow_redirects)
           ^^^^^^^^^^^^^^^^^^^^^^^^^^^^^^^^^^^^^^^^^^^^^^^^^^^^^^^^^^^^^^^^
..\..\dark-factory-wearedevs\.venv\Lib\site-packages\httpx\_client.py:914: in send
    response = self._send_handling_auth(
..\..\dark-factory-wearedevs\.venv\Lib\site-packages\httpx\_client.py:942: in _send_handling_auth
    response = self._send_handling_redirects(
..\..\dark-factory-wearedevs\.venv\Lib\site-packages\httpx\_client.py:979: in _send_handling_redirects
    response = self._send_single_request(request)
               ^^^^^^^^^^^^^^^^^^^^^^^^^^^^^^^^^^
..\..\dark-factory-wearedevs\.venv\Lib\site-packages\httpx\_client.py:1014: in _send_single_request
    response = transport.handle_request(request)
               ^^^^^^^^^^^^^^^^^^^^^^^^^^^^^^^^^
..\..\dark-factory-wearedevs\.venv\Lib\site-packages\httpx\_transports\default.py:249: in handle_request
    with map_httpcore_exceptions():
         ^^^^^^^^^^^^^^^^^^^^^^^^^
..\..\..\..\AppData\Local\Programs\Python\Python312\Lib\contextlib.py:158: in __exit__
    self.gen.throw(value)
_ _ _ _ _ _ _ _ _ _ _ _ _ _ _ _ _ _ _ _ _ _ _ _ _ _ _ _ _ _ _ _ _ _ _ _ _ _ _ _

    @contextlib.contextmanager
    def map_httpcore_exceptions() -> typing.Iterator[None]:
        global HTTPCORE_EXC_MAP
        if len(HTTPCORE_EXC_MAP) == 0:
            HTTPCORE_EXC_MAP = _load_httpcore_exceptions()
        try:
            yield
        except Exception as exc:
            mapped_exc = None
    
            for from_exc, to_exc in HTTPCORE_EXC_MAP.items():
                if not isinstance(exc, from_exc):
                    continue
                # We want to map to the most specific exception we can find.
                # Eg if `exc` is an `httpcore.ReadTimeout`, we want to map to
                # `httpx.ReadTimeout`, not just `httpx.TimeoutException`.
                if mapped_exc is None or issubclass(to_exc, mapped_exc):
                    mapped_exc = to_exc
    
            if mapped_exc is None:  # pragma: no cover
                raise
    
            message = str(exc)
>           raise mapped_exc(message) from exc
E           httpx.ConnectError: [WinError 10061] No connection could be made because the target machine actively refused it

..\..\dark-factory-wearedevs\.venv\Lib\site-packages\httpx\_transports\default.py:118: ConnectError
_____________ test_s1_c5_reset_replaces_state_and_supports_repeat _____________

    @contextlib.contextmanager
    def map_httpcore_exceptions() -> typing.Iterator[None]:
        global HTTPCORE_EXC_MAP
        if len(HTTPCORE_EXC_MAP) == 0:
            HTTPCORE_EXC_MAP = _load_httpcore_exceptions()
        try:
>           yield

..\..\dark-factory-wearedevs\.venv\Lib\site-packages\httpx\_transports\default.py:101: 
_ _ _ _ _ _ _ _ _ _ _ _ _ _ _ _ _ _ _ _ _ _ _ _ _ _ _ _ _ _ _ _ _ _ _ _ _ _ _ _
..\..\dark-factory-wearedevs\.venv\Lib\site-packages\httpx\_transports\default.py:250: in handle_request
    resp = self._pool.handle_request(req)
           ^^^^^^^^^^^^^^^^^^^^^^^^^^^^^^
..\..\dark-factory-wearedevs\.venv\Lib\site-packages\httpcore\_sync\connection_pool.py:256: in handle_request
    raise exc from None
..\..\dark-factory-wearedevs\.venv\Lib\site-packages\httpcore\_sync\connection_pool.py:236: in handle_request
    response = connection.handle_request(
..\..\dark-factory-wearedevs\.venv\Lib\site-packages\httpcore\_sync\connection.py:101: in handle_request
    raise exc
..\..\dark-factory-wearedevs\.venv\Lib\site-packages\httpcore\_sync\connection.py:78: in handle_request
    stream = self._connect(request)
             ^^^^^^^^^^^^^^^^^^^^^^
..\..\dark-factory-wearedevs\.venv\Lib\site-packages\httpcore\_sync\connection.py:124: in _connect
    stream = self._network_backend.connect_tcp(**kwargs)
             ^^^^^^^^^^^^^^^^^^^^^^^^^^^^^^^^^^^^^^^^^^^
..\..\dark-factory-wearedevs\.venv\Lib\site-packages\httpcore\_backends\sync.py:207: in connect_tcp
    with map_exceptions(exc_map):
         ^^^^^^^^^^^^^^^^^^^^^^^
..\..\..\..\AppData\Local\Programs\Python\Python312\Lib\contextlib.py:158: in __exit__
    self.gen.throw(value)
_ _ _ _ _ _ _ _ _ _ _ _ _ _ _ _ _ _ _ _ _ _ _ _ _ _ _ _ _ _ _ _ _ _ _ _ _ _ _ _

map = {<class 'TimeoutError'>: <class 'httpcore.ConnectTimeout'>, <class 'OSError'>: <class 'httpcore.ConnectError'>}

    @contextlib.contextmanager
    def map_exceptions(map: ExceptionMapping) -> typing.Iterator[None]:
        try:
            yield
        except Exception as exc:  # noqa: PIE786
            for from_exc, to_exc in map.items():
                if isinstance(exc, from_exc):
>                   raise to_exc(exc) from exc
E                   httpcore.ConnectError: [WinError 10061] No connection could be made because the target machine actively refused it

..\..\dark-factory-wearedevs\.venv\Lib\site-packages\httpcore\_exceptions.py:14: ConnectError

The above exception was the direct cause of the following exception:

reset = <function reset.<locals>._reset at 0x000001DDF85907C0>
api = <function api.<locals>._api at 0x000001DDF85904A0>

    def test_s1_c5_reset_replaces_state_and_supports_repeat(reset, api):
>       reset(fx.fixture())

..\..\..\..\AppData\Local\Temp\umbra-1125eee4-rmyw6v3j\repo\verify\stage-1\test_s1_runtime.py:25: 
_ _ _ _ _ _ _ _ _ _ _ _ _ _ _ _ _ _ _ _ _ _ _ _ _ _ _ _ _ _ _ _ _ _ _ _ _ _ _ _
C:\Users\HARIHA~1\AppData\Local\Temp\umbra-1125eee4-rmyw6v3j\repo\verify\stage-1\conftest.py:30: in _reset
    resp = httpx.post(f"{base_url}/_test/reset", json=fixture, timeout=RESET_TIMEOUT)
           ^^^^^^^^^^^^^^^^^^^^^^^^^^^^^^^^^^^^^^^^^^^^^^^^^^^^^^^^^^^^^^^^^^^^^^^^^^
..\..\dark-factory-wearedevs\.venv\Lib\site-packages\httpx\_api.py:304: in post
    return request(
..\..\dark-factory-wearedevs\.venv\Lib\site-packages\httpx\_api.py:109: in request
    return client.request(
..\..\dark-factory-wearedevs\.venv\Lib\site-packages\httpx\_client.py:825: in request
    return self.send(request, auth=auth, follow_redirects=follow_redirects)
           ^^^^^^^^^^^^^^^^^^^^^^^^^^^^^^^^^^^^^^^^^^^^^^^^^^^^^^^^^^^^^^^^
..\..\dark-factory-wearedevs\.venv\Lib\site-packages\httpx\_client.py:914: in send
    response = self._send_handling_auth(
..\..\dark-factory-wearedevs\.venv\Lib\site-packages\httpx\_client.py:942: in _send_handling_auth
    response = self._send_handling_redirects(
..\..\dark-factory-wearedevs\.venv\Lib\site-packages\httpx\_client.py:979: in _send_handling_redirects
    response = self._send_single_request(request)
               ^^^^^^^^^^^^^^^^^^^^^^^^^^^^^^^^^^
..\..\dark-factory-wearedevs\.venv\Lib\site-packages\httpx\_client.py:1014: in _send_single_request
    response = transport.handle_request(request)
               ^^^^^^^^^^^^^^^^^^^^^^^^^^^^^^^^^
..\..\dark-factory-wearedevs\.venv\Lib\site-packages\httpx\_transports\default.py:249: in handle_request
    with map_httpcore_exceptions():
         ^^^^^^^^^^^^^^^^^^^^^^^^^
..\..\..\..\AppData\Local\Programs\Python\Python312\Lib\contextlib.py:158: in __exit__
    self.gen.throw(value)
_ _ _ _ _ _ _ _ _ _ _ _ _ _ _ _ _ _ _ _ _ _ _ _ _ _ _ _ _ _ _ _ _ _ _ _ _ _ _ _

    @contextlib.contextmanager
    def map_httpcore_exceptions() -> typing.Iterator[None]:
        global HTTPCORE_EXC_MAP
        if len(HTTPCORE_EXC_MAP) == 0:
            HTTPCORE_EXC_MAP = _load_httpcore_exceptions()
        try:
            yield
        except Exception as exc:
            mapped_exc = None
    
            for from_exc, to_exc in HTTPCORE_EXC_MAP.items():
                if not isinstance(exc, from_exc):
                    continue
                # We want to map to the most specific exception we can find.
                # Eg if `exc` is an `httpcore.ReadTimeout`, we want to map to
                # `httpx.ReadTimeout`, not just `httpx.TimeoutException`.
                if mapped_exc is None or issubclass(to_exc, mapped_exc):
                    mapped_exc = to_exc
    
            if mapped_exc is None:  # pragma: no cover
                raise
    
            message = str(exc)
>           raise mapped_exc(message) from exc
E           httpx.ConnectError: [WinError 10061] No connection could be made because the target machine actively refused it

..\..\dark-factory-wearedevs\.venv\Lib\site-packages\httpx\_transports\default.py:118: ConnectError
______________________ test_s1_c5_reset_requires_no_auth ______________________

    @contextlib.contextmanager
    def map_httpcore_exceptions() -> typing.Iterator[None]:
        global HTTPCORE_EXC_MAP
        if len(HTTPCORE_EXC_MAP) == 0:
            HTTPCORE_EXC_MAP = _load_httpcore_exceptions()
        try:
>           yield

..\..\dark-factory-wearedevs\.venv\Lib\site-packages\httpx\_transports\default.py:101: 
_ _ _ _ _ _ _ _ _ _ _ _ _ _ _ _ _ _ _ _ _ _ _ _ _ _ _ _ _ _ _ _ _ _ _ _ _ _ _ _
..\..\dark-factory-wearedevs\.venv\Lib\site-packages\httpx\_transports\default.py:250: in handle_request
    resp = self._pool.handle_request(req)
           ^^^^^^^^^^^^^^^^^^^^^^^^^^^^^^
..\..\dark-factory-wearedevs\.venv\Lib\site-packages\httpcore\_sync\connection_pool.py:256: in handle_request
    raise exc from None
..\..\dark-factory-wearedevs\.venv\Lib\site-packages\httpcore\_sync\connection_pool.py:236: in handle_request
    response = connection.handle_request(
..\..\dark-factory-wearedevs\.venv\Lib\site-packages\httpcore\_sync\connection.py:101: in handle_request
    raise exc
..\..\dark-factory-wearedevs\.venv\Lib\site-packages\httpcore\_sync\connection.py:78: in handle_request
    stream = self._connect(request)
             ^^^^^^^^^^^^^^^^^^^^^^
..\..\dark-factory-wearedevs\.venv\Lib\site-packages\httpcore\_sync\connection.py:124: in _connect
    stream = self._network_backend.connect_tcp(**kwargs)
             ^^^^^^^^^^^^^^^^^^^^^^^^^^^^^^^^^^^^^^^^^^^
..\..\dark-factory-wearedevs\.venv\Lib\site-packages\httpcore\_backends\sync.py:207: in connect_tcp
    with map_exceptions(exc_map):
         ^^^^^^^^^^^^^^^^^^^^^^^
..\..\..\..\AppData\Local\Programs\Python\Python312\Lib\contextlib.py:158: in __exit__
    self.gen.throw(value)
_ _ _ _ _ _ _ _ _ _ _ _ _ _ _ _ _ _ _ _ _ _ _ _ _ _ _ _ _ _ _ _ _ _ _ _ _ _ _ _

map = {<class 'TimeoutError'>: <class 'httpcore.ConnectTimeout'>, <class 'OSError'>: <class 'httpcore.ConnectError'>}

    @contextlib.contextmanager
    def map_exceptions(map: ExceptionMapping) -> typing.Iterator[None]:
        try:
            yield
        except Exception as exc:  # noqa: PIE786
            for from_exc, to_exc in map.items():
                if isinstance(exc, from_exc):
>                   raise to_exc(exc) from exc
E                   httpcore.ConnectError: [WinError 10061] No connection could be made because the target machine actively refused it

..\..\dark-factory-wearedevs\.venv\Lib\site-packages\httpcore\_exceptions.py:14: ConnectError

The above exception was the direct cause of the following exception:

api = <function api.<locals>._api at 0x000001DDF85922A0>

    def test_s1_c5_reset_requires_no_auth(api):
>       resp = api().post("/_test/reset", json=fx.fixture(), token=None, timeout=10.0)
               ^^^^^^^^^^^^^^^^^^^^^^^^^^^^^^^^^^^^^^^^^^^^^^^^^^^^^^^^^^^^^^^^^^^^^^^

..\..\..\..\AppData\Local\Temp\umbra-1125eee4-rmyw6v3j\repo\verify\stage-1\test_s1_runtime.py:38: 
_ _ _ _ _ _ _ _ _ _ _ _ _ _ _ _ _ _ _ _ _ _ _ _ _ _ _ _ _ _ _ _ _ _ _ _ _ _ _ _
C:\Users\HARIHA~1\AppData\Local\Temp\umbra-1125eee4-rmyw6v3j\repo\verify\stage-1\lib\http.py:68: in post
    return self.request("POST", path, **kw)
           ^^^^^^^^^^^^^^^^^^^^^^^^^^^^^^^^
C:\Users\HARIHA~1\AppData\Local\Temp\umbra-1125eee4-rmyw6v3j\repo\verify\stage-1\lib\http.py:62: in request
    return self._client.request(method, path, **kwargs)
           ^^^^^^^^^^^^^^^^^^^^^^^^^^^^^^^^^^^^^^^^^^^^
..\..\dark-factory-wearedevs\.venv\Lib\site-packages\httpx\_client.py:825: in request
    return self.send(request, auth=auth, follow_redirects=follow_redirects)
           ^^^^^^^^^^^^^^^^^^^^^^^^^^^^^^^^^^^^^^^^^^^^^^^^^^^^^^^^^^^^^^^^
..\..\dark-factory-wearedevs\.venv\Lib\site-packages\httpx\_client.py:914: in send
    response = self._send_handling_auth(
..\..\dark-factory-wearedevs\.venv\Lib\site-packages\httpx\_client.py:942: in _send_handling_auth
    response = self._send_handling_redirects(
..\..\dark-factory-wearedevs\.venv\Lib\site-packages\httpx\_client.py:979: in _send_handling_redirects
    response = self._send_single_request(request)
               ^^^^^^^^^^^^^^^^^^^^^^^^^^^^^^^^^^
..\..\dark-factory-wearedevs\.venv\Lib\site-packages\httpx\_client.py:1014: in _send_single_request
    response = transport.handle_request(request)
               ^^^^^^^^^^^^^^^^^^^^^^^^^^^^^^^^^
..\..\dark-factory-wearedevs\.venv\Lib\site-packages\httpx\_transports\default.py:249: in handle_request
    with map_httpcore_exceptions():
         ^^^^^^^^^^^^^^^^^^^^^^^^^
..\..\..\..\AppData\Local\Programs\Python\Python312\Lib\contextlib.py:158: in __exit__
    self.gen.throw(value)
_ _ _ _ _ _ _ _ _ _ _ _ _ _ _ _ _ _ _ _ _ _ _ _ _ _ _ _ _ _ _ _ _ _ _ _ _ _ _ _

    @contextlib.contextmanager
    def map_httpcore_exceptions() -> typing.Iterator[None]:
        global HTTPCORE_EXC_MAP
        if len(HTTPCORE_EXC_MAP) == 0:
            HTTPCORE_EXC_MAP = _load_httpcore_exceptions()
        try:
            yield
        except Exception as exc:
            mapped_exc = None
    
            for from_exc, to_exc in HTTPCORE_EXC_MAP.items():
                if not isinstance(exc, from_exc):
                    continue
                # We want to map to the most specific exception we can find.
                # Eg if `exc` is an `httpcore.ReadTimeout`, we want to map to
                # `httpx.ReadTimeout`, not just `httpx.TimeoutException`.
                if mapped_exc is None or issubclass(to_exc, mapped_exc):
                    mapped_exc = to_exc
    
            if mapped_exc is None:  # pragma: no cover
                raise
    
            message = str(exc)
>           raise mapped_exc(message) from exc
E           httpx.ConnectError: [WinError 10061] No connection could be made because the target machine actively refused it

..\..\dark-factory-wearedevs\.venv\Lib\site-packages\httpx\_transports\default.py:118: ConnectError
____________________ test_s1_c8_negative_fixture_rejected _____________________

    @contextlib.contextmanager
    def map_httpcore_exceptions() -> typing.Iterator[None]:
        global HTTPCORE_EXC_MAP
        if len(HTTPCORE_EXC_MAP) == 0:
            HTTPCORE_EXC_MAP = _load_httpcore_exceptions()
        try:
>           yield

..\..\dark-factory-wearedevs\.venv\Lib\site-packages\httpx\_transports\default.py:101: 
_ _ _ _ _ _ _ _ _ _ _ _ _ _ _ _ _ _ _ _ _ _ _ _ _ _ _ _ _ _ _ _ _ _ _ _ _ _ _ _
..\..\dark-factory-wearedevs\.venv\Lib\site-packages\httpx\_transports\default.py:250: in handle_request
    resp = self._pool.handle_request(req)
           ^^^^^^^^^^^^^^^^^^^^^^^^^^^^^^
..\..\dark-factory-wearedevs\.venv\Lib\site-packages\httpcore\_sync\connection_pool.py:256: in handle_request
    raise exc from None
..\..\dark-factory-wearedevs\.venv\Lib\site-packages\httpcore\_sync\connection_pool.py:236: in handle_request
    response = connection.handle_request(
..\..\dark-factory-wearedevs\.venv\Lib\site-packages\httpcore\_sync\connection.py:101: in handle_request
    raise exc
..\..\dark-factory-wearedevs\.venv\Lib\site-packages\httpcore\_sync\connection.py:78: in handle_request
    stream = self._connect(request)
             ^^^^^^^^^^^^^^^^^^^^^^
..\..\dark-factory-wearedevs\.venv\Lib\site-packages\httpcore\_sync\connection.py:124: in _connect
    stream = self._network_backend.connect_tcp(**kwargs)
             ^^^^^^^^^^^^^^^^^^^^^^^^^^^^^^^^^^^^^^^^^^^
..\..\dark-factory-wearedevs\.venv\Lib\site-packages\httpcore\_backends\sync.py:207: in connect_tcp
    with map_exceptions(exc_map):
         ^^^^^^^^^^^^^^^^^^^^^^^
..\..\..\..\AppData\Local\Programs\Python\Python312\Lib\contextlib.py:158: in __exit__
    self.gen.throw(value)
_ _ _ _ _ _ _ _ _ _ _ _ _ _ _ _ _ _ _ _ _ _ _ _ _ _ _ _ _ _ _ _ _ _ _ _ _ _ _ _

map = {<class 'TimeoutError'>: <class 'httpcore.ConnectTimeout'>, <class 'OSError'>: <class 'httpcore.ConnectError'>}

    @contextlib.contextmanager
    def map_exceptions(map: ExceptionMapping) -> typing.Iterator[None]:
        try:
            yield
        except Exception as exc:  # noqa: PIE786
            for from_exc, to_exc in map.items():
                if isinstance(exc, from_exc):
>                   raise to_exc(exc) from exc
E                   httpcore.ConnectError: [WinError 10061] No connection could be made because the target machine actively refused it

..\..\dark-factory-wearedevs\.venv\Lib\site-packages\httpcore\_exceptions.py:14: ConnectError

The above exception was the direct cause of the following exception:

reset = <function reset.<locals>._reset at 0x000001DDF871BE20>
api = <function api.<locals>._api at 0x000001DDF871B7E0>

    def test_s1_c8_negative_fixture_rejected(reset, api):
>       reset(fx.fixture())

..\..\..\..\AppData\Local\Temp\umbra-1125eee4-rmyw6v3j\repo\verify\stage-1\test_s1_runtime.py:65: 
_ _ _ _ _ _ _ _ _ _ _ _ _ _ _ _ _ _ _ _ _ _ _ _ _ _ _ _ _ _ _ _ _ _ _ _ _ _ _ _
C:\Users\HARIHA~1\AppData\Local\Temp\umbra-1125eee4-rmyw6v3j\repo\verify\stage-1\conftest.py:30: in _reset
    resp = httpx.post(f"{base_url}/_test/reset", json=fixture, timeout=RESET_TIMEOUT)
           ^^^^^^^^^^^^^^^^^^^^^^^^^^^^^^^^^^^^^^^^^^^^^^^^^^^^^^^^^^^^^^^^^^^^^^^^^^
..\..\dark-factory-wearedevs\.venv\Lib\site-packages\httpx\_api.py:304: in post
    return request(
..\..\dark-factory-wearedevs\.venv\Lib\site-packages\httpx\_api.py:109: in request
    return client.request(
..\..\dark-factory-wearedevs\.venv\Lib\site-packages\httpx\_client.py:825: in request
    return self.send(request, auth=auth, follow_redirects=follow_redirects)
           ^^^^^^^^^^^^^^^^^^^^^^^^^^^^^^^^^^^^^^^^^^^^^^^^^^^^^^^^^^^^^^^^
..\..\dark-factory-wearedevs\.venv\Lib\site-packages\httpx\_client.py:914: in send
    response = self._send_handling_auth(
..\..\dark-factory-wearedevs\.venv\Lib\site-packages\httpx\_client.py:942: in _send_handling_auth
    response = self._send_handling_redirects(
..\..\dark-factory-wearedevs\.venv\Lib\site-packages\httpx\_client.py:979: in _send_handling_redirects
    response = self._send_single_request(request)
               ^^^^^^^^^^^^^^^^^^^^^^^^^^^^^^^^^^
..\..\dark-factory-wearedevs\.venv\Lib\site-packages\httpx\_client.py:1014: in _send_single_request
    response = transport.handle_request(request)
               ^^^^^^^^^^^^^^^^^^^^^^^^^^^^^^^^^
..\..\dark-factory-wearedevs\.venv\Lib\site-packages\httpx\_transports\default.py:249: in handle_request
    with map_httpcore_exceptions():
         ^^^^^^^^^^^^^^^^^^^^^^^^^
..\..\..\..\AppData\Local\Programs\Python\Python312\Lib\contextlib.py:158: in __exit__
    self.gen.throw(value)
_ _ _ _ _ _ _ _ _ _ _ _ _ _ _ _ _ _ _ _ _ _ _ _ _ _ _ _ _ _ _ _ _ _ _ _ _ _ _ _

    @contextlib.contextmanager
    def map_httpcore_exceptions() -> typing.Iterator[None]:
        global HTTPCORE_EXC_MAP
        if len(HTTPCORE_EXC_MAP) == 0:
            HTTPCORE_EXC_MAP = _load_httpcore_exceptions()
        try:
            yield
        except Exception as exc:
            mapped_exc = None
    
            for from_exc, to_exc in HTTPCORE_EXC_MAP.items():
                if not isinstance(exc, from_exc):
                    continue
                # We want to map to the most specific exception we can find.
                # Eg if `exc` is an `httpcore.ReadTimeout`, we want to map to
                # `httpx.ReadTimeout`, not just `httpx.TimeoutException`.
                if mapped_exc is None or issubclass(to_exc, mapped_exc):
                    mapped_exc = to_exc
    
            if mapped_exc is None:  # pragma: no cover
                raise
    
            message = str(exc)
>           raise mapped_exc(message) from exc
E           httpx.ConnectError: [WinError 10061] No connection could be made because the target machine actively refused it

..\..\dark-factory-wearedevs\.venv\Lib\site-packages\httpx\_transports\default.py:118: ConnectError
___________________ test_s1_c24_operator_settlement_atomic ____________________

    @contextlib.contextmanager
    def map_httpcore_exceptions() -> typing.Iterator[None]:
        global HTTPCORE_EXC_MAP
        if len(HTTPCORE_EXC_MAP) == 0:
            HTTPCORE_EXC_MAP = _load_httpcore_exceptions()
        try:
>           yield

..\..\dark-factory-wearedevs\.venv\Lib\site-packages\httpx\_transports\default.py:101: 
_ _ _ _ _ _ _ _ _ _ _ _ _ _ _ _ _ _ _ _ _ _ _ _ _ _ _ _ _ _ _ _ _ _ _ _ _ _ _ _
..\..\dark-factory-wearedevs\.venv\Lib\site-packages\httpx\_transports\default.py:250: in handle_request
    resp = self._pool.handle_request(req)
           ^^^^^^^^^^^^^^^^^^^^^^^^^^^^^^
..\..\dark-factory-wearedevs\.venv\Lib\site-packages\httpcore\_sync\connection_pool.py:256: in handle_request
    raise exc from None
..\..\dark-factory-wearedevs\.venv\Lib\site-packages\httpcore\_sync\connection_pool.py:236: in handle_request
    response = connection.handle_request(
..\..\dark-factory-wearedevs\.venv\Lib\site-packages\httpcore\_sync\connection.py:101: in handle_request
    raise exc
..\..\dark-factory-wearedevs\.venv\Lib\site-packages\httpcore\_sync\connection.py:78: in handle_request
    stream = self._connect(request)
             ^^^^^^^^^^^^^^^^^^^^^^
..\..\dark-factory-wearedevs\.venv\Lib\site-packages\httpcore\_sync\connection.py:124: in _connect
    stream = self._network_backend.connect_tcp(**kwargs)
             ^^^^^^^^^^^^^^^^^^^^^^^^^^^^^^^^^^^^^^^^^^^
..\..\dark-factory-wearedevs\.venv\Lib\site-packages\httpcore\_backends\sync.py:207: in connect_tcp
    with map_exceptions(exc_map):
         ^^^^^^^^^^^^^^^^^^^^^^^
..\..\..\..\AppData\Local\Programs\Python\Python312\Lib\contextlib.py:158: in __exit__
    self.gen.throw(value)
_ _ _ _ _ _ _ _ _ _ _ _ _ _ _ _ _ _ _ _ _ _ _ _ _ _ _ _ _ _ _ _ _ _ _ _ _ _ _ _

map = {<class 'TimeoutError'>: <class 'httpcore.ConnectTimeout'>, <class 'OSError'>: <class 'httpcore.ConnectError'>}

    @contextlib.contextmanager
    def map_exceptions(map: ExceptionMapping) -> typing.Iterator[None]:
        try:
            yield
        except Exception as exc:  # noqa: PIE786
            for from_exc, to_exc in map.items():
                if isinstance(exc, from_exc):
>                   raise to_exc(exc) from exc
E                   httpcore.ConnectError: [WinError 10061] No connection could be made because the target machine actively refused it

..\..\dark-factory-wearedevs\.venv\Lib\site-packages\httpcore\_exceptions.py:14: ConnectError

The above exception was the direct cause of the following exception:

reset = <function reset.<locals>._reset at 0x000001DDF9ADB100>
api = <function api.<locals>._api at 0x000001DDF9ADA520>
conservation = <function conservation.<locals>._check at 0x000001DDF9AD87C0>

    def test_s1_c24_operator_settlement_atomic(reset, api, conservation):
        fixture = fx.fixture(settlement_operator_ids=[fx.ADA["id"]])
>       reset(fixture)

..\..\..\..\AppData\Local\Temp\umbra-1125eee4-rmyw6v3j\repo\verify\stage-1\test_s1_settlements.py:14: 
_ _ _ _ _ _ _ _ _ _ _ _ _ _ _ _ _ _ _ _ _ _ _ _ _ _ _ _ _ _ _ _ _ _ _ _ _ _ _ _
C:\Users\HARIHA~1\AppData\Local\Temp\umbra-1125eee4-rmyw6v3j\repo\verify\stage-1\conftest.py:30: in _reset
    resp = httpx.post(f"{base_url}/_test/reset", json=fixture, timeout=RESET_TIMEOUT)
           ^^^^^^^^^^^^^^^^^^^^^^^^^^^^^^^^^^^^^^^^^^^^^^^^^^^^^^^^^^^^^^^^^^^^^^^^^^
..\..\dark-factory-wearedevs\.venv\Lib\site-packages\httpx\_api.py:304: in post
    return request(
..\..\dark-factory-wearedevs\.venv\Lib\site-packages\httpx\_api.py:109: in request
    return client.request(
..\..\dark-factory-wearedevs\.venv\Lib\site-packages\httpx\_client.py:825: in request
    return self.send(request, auth=auth, follow_redirects=follow_redirects)
           ^^^^^^^^^^^^^^^^^^^^^^^^^^^^^^^^^^^^^^^^^^^^^^^^^^^^^^^^^^^^^^^^
..\..\dark-factory-wearedevs\.venv\Lib\site-packages\httpx\_client.py:914: in send
    response = self._send_handling_auth(
..\..\dark-factory-wearedevs\.venv\Lib\site-packages\httpx\_client.py:942: in _send_handling_auth
    response = self._send_handling_redirects(
..\..\dark-factory-wearedevs\.venv\Lib\site-packages\httpx\_client.py:979: in _send_handling_redirects
    response = self._send_single_request(request)
               ^^^^^^^^^^^^^^^^^^^^^^^^^^^^^^^^^^
..\..\dark-factory-wearedevs\.venv\Lib\site-packages\httpx\_client.py:1014: in _send_single_request
    response = transport.handle_request(request)
               ^^^^^^^^^^^^^^^^^^^^^^^^^^^^^^^^^
..\..\dark-factory-wearedevs\.venv\Lib\site-packages\httpx\_transports\default.py:249: in handle_request
    with map_httpcore_exceptions():
         ^^^^^^^^^^^^^^^^^^^^^^^^^
..\..\..\..\AppData\Local\Programs\Python\Python312\Lib\contextlib.py:158: in __exit__
    self.gen.throw(value)
_ _ _ _ _ _ _ _ _ _ _ _ _ _ _ _ _ _ _ _ _ _ _ _ _ _ _ _ _ _ _ _ _ _ _ _ _ _ _ _

    @contextlib.contextmanager
    def map_httpcore_exceptions() -> typing.Iterator[None]:
        global HTTPCORE_EXC_MAP
        if len(HTTPCORE_EXC_MAP) == 0:
            HTTPCORE_EXC_MAP = _load_httpcore_exceptions()
        try:
            yield
        except Exception as exc:
            mapped_exc = None
    
            for from_exc, to_exc in HTTPCORE_EXC_MAP.items():
                if not isinstance(exc, from_exc):
                    continue
                # We want to map to the most specific exception we can find.
                # Eg if `exc` is an `httpcore.ReadTimeout`, we want to map to
                # `httpx.ReadTimeout`, not just `httpx.TimeoutException`.
                if mapped_exc is None or issubclass(to_exc, mapped_exc):
                    mapped_exc = to_exc
    
            if mapped_exc is None:  # pragma: no cover
                raise
    
            message = str(exc)
>           raise mapped_exc(message) from exc
E           httpx.ConnectError: [WinError 10061] No connection could be made because the target machine actively refused it

..\..\dark-factory-wearedevs\.venv\Lib\site-packages\httpx\_transports\default.py:118: ConnectError
________________________ test_s1_c24_settlement_errors ________________________

    @contextlib.contextmanager
    def map_httpcore_exceptions() -> typing.Iterator[None]:
        global HTTPCORE_EXC_MAP
        if len(HTTPCORE_EXC_MAP) == 0:
            HTTPCORE_EXC_MAP = _load_httpcore_exceptions()
        try:
>           yield

..\..\dark-factory-wearedevs\.venv\Lib\site-packages\httpx\_transports\default.py:101: 
_ _ _ _ _ _ _ _ _ _ _ _ _ _ _ _ _ _ _ _ _ _ _ _ _ _ _ _ _ _ _ _ _ _ _ _ _ _ _ _
..\..\dark-factory-wearedevs\.venv\Lib\site-packages\httpx\_transports\default.py:250: in handle_request
    resp = self._pool.handle_request(req)
           ^^^^^^^^^^^^^^^^^^^^^^^^^^^^^^
..\..\dark-factory-wearedevs\.venv\Lib\site-packages\httpcore\_sync\connection_pool.py:256: in handle_request
    raise exc from None
..\..\dark-factory-wearedevs\.venv\Lib\site-packages\httpcore\_sync\connection_pool.py:236: in handle_request
    response = connection.handle_request(
..\..\dark-factory-wearedevs\.venv\Lib\site-packages\httpcore\_sync\connection.py:101: in handle_request
    raise exc
..\..\dark-factory-wearedevs\.venv\Lib\site-packages\httpcore\_sync\connection.py:78: in handle_request
    stream = self._connect(request)
             ^^^^^^^^^^^^^^^^^^^^^^
..\..\dark-factory-wearedevs\.venv\Lib\site-packages\httpcore\_sync\connection.py:124: in _connect
    stream = self._network_backend.connect_tcp(**kwargs)
             ^^^^^^^^^^^^^^^^^^^^^^^^^^^^^^^^^^^^^^^^^^^
..\..\dark-factory-wearedevs\.venv\Lib\site-packages\httpcore\_backends\sync.py:207: in connect_tcp
    with map_exceptions(exc_map):
         ^^^^^^^^^^^^^^^^^^^^^^^
..\..\..\..\AppData\Local\Programs\Python\Python312\Lib\contextlib.py:158: in __exit__
    self.gen.throw(value)
_ _ _ _ _ _ _ _ _ _ _ _ _ _ _ _ _ _ _ _ _ _ _ _ _ _ _ _ _ _ _ _ _ _ _ _ _ _ _ _

map = {<class 'TimeoutError'>: <class 'httpcore.ConnectTimeout'>, <class 'OSError'>: <class 'httpcore.ConnectError'>}

    @contextlib.contextmanager
    def map_exceptions(map: ExceptionMapping) -> typing.Iterator[None]:
        try:
            yield
        except Exception as exc:  # noqa: PIE786
            for from_exc, to_exc in map.items():
                if isinstance(exc, from_exc):
>                   raise to_exc(exc) from exc
E                   httpcore.ConnectError: [WinError 10061] No connection could be made because the target machine actively refused it

..\..\dark-factory-wearedevs\.venv\Lib\site-packages\httpcore\_exceptions.py:14: ConnectError

The above exception was the direct cause of the following exception:

reset = <function reset.<locals>._reset at 0x000001DDF9AA9C60>
api = <function api.<locals>._api at 0x000001DDF9AABEC0>

    def test_s1_c24_settlement_errors(reset, api):
        fixture = fx.fixture(settlement_operator_ids=[fx.ADA["id"]])
>       reset(fixture)

..\..\..\..\AppData\Local\Temp\umbra-1125eee4-rmyw6v3j\repo\verify\stage-1\test_s1_settlements.py:40: 
_ _ _ _ _ _ _ _ _ _ _ _ _ _ _ _ _ _ _ _ _ _ _ _ _ _ _ _ _ _ _ _ _ _ _ _ _ _ _ _
C:\Users\HARIHA~1\AppData\Local\Temp\umbra-1125eee4-rmyw6v3j\repo\verify\stage-1\conftest.py:30: in _reset
    resp = httpx.post(f"{base_url}/_test/reset", json=fixture, timeout=RESET_TIMEOUT)
           ^^^^^^^^^^^^^^^^^^^^^^^^^^^^^^^^^^^^^^^^^^^^^^^^^^^^^^^^^^^^^^^^^^^^^^^^^^
..\..\dark-factory-wearedevs\.venv\Lib\site-packages\httpx\_api.py:304: in post
    return request(
..\..\dark-factory-wearedevs\.venv\Lib\site-packages\httpx\_api.py:109: in request
    return client.request(
..\..\dark-factory-wearedevs\.venv\Lib\site-packages\httpx\_client.py:825: in request
    return self.send(request, auth=auth, follow_redirects=follow_redirects)
           ^^^^^^^^^^^^^^^^^^^^^^^^^^^^^^^^^^^^^^^^^^^^^^^^^^^^^^^^^^^^^^^^
..\..\dark-factory-wearedevs\.venv\Lib\site-packages\httpx\_client.py:914: in send
    response = self._send_handling_auth(
..\..\dark-factory-wearedevs\.venv\Lib\site-packages\httpx\_client.py:942: in _send_handling_auth
    response = self._send_handling_redirects(
..\..\dark-factory-wearedevs\.venv\Lib\site-packages\httpx\_client.py:979: in _send_handling_redirects
    response = self._send_single_request(request)
               ^^^^^^^^^^^^^^^^^^^^^^^^^^^^^^^^^^
..\..\dark-factory-wearedevs\.venv\Lib\site-packages\httpx\_client.py:1014: in _send_single_request
    response = transport.handle_request(request)
               ^^^^^^^^^^^^^^^^^^^^^^^^^^^^^^^^^
..\..\dark-factory-wearedevs\.venv\Lib\site-packages\httpx\_transports\default.py:249: in handle_request
    with map_httpcore_exceptions():
         ^^^^^^^^^^^^^^^^^^^^^^^^^
..\..\..\..\AppData\Local\Programs\Python\Python312\Lib\contextlib.py:158: in __exit__
    self.gen.throw(value)
_ _ _ _ _ _ _ _ _ _ _ _ _ _ _ _ _ _ _ _ _ _ _ _ _ _ _ _ _ _ _ _ _ _ _ _ _ _ _ _

    @contextlib.contextmanager
    def map_httpcore_exceptions() -> typing.Iterator[None]:
        global HTTPCORE_EXC_MAP
        if len(HTTPCORE_EXC_MAP) == 0:
            HTTPCORE_EXC_MAP = _load_httpcore_exceptions()
        try:
            yield
        except Exception as exc:
            mapped_exc = None
    
            for from_exc, to_exc in HTTPCORE_EXC_MAP.items():
                if not isinstance(exc, from_exc):
                    continue
                # We want to map to the most specific exception we can find.
                # Eg if `exc` is an `httpcore.ReadTimeout`, we want to map to
                # `httpx.ReadTimeout`, not just `httpx.TimeoutException`.
                if mapped_exc is None or issubclass(to_exc, mapped_exc):
                    mapped_exc = to_exc
    
            if mapped_exc is None:  # pragma: no cover
                raise
    
            message = str(exc)
>           raise mapped_exc(message) from exc
E           httpx.ConnectError: [WinError 10061] No connection could be made because the target machine actively refused it

..\..\dark-factory-wearedevs\.venv\Lib\site-packages\httpx\_transports\default.py:118: ConnectError
_______ test_s1_c24_settlement_collective_insufficient_funds_unchanged ________

    @contextlib.contextmanager
    def map_httpcore_exceptions() -> typing.Iterator[None]:
        global HTTPCORE_EXC_MAP
        if len(HTTPCORE_EXC_MAP) == 0:
            HTTPCORE_EXC_MAP = _load_httpcore_exceptions()
        try:
>           yield

..\..\dark-factory-wearedevs\.venv\Lib\site-packages\httpx\_transports\default.py:101: 
_ _ _ _ _ _ _ _ _ _ _ _ _ _ _ _ _ _ _ _ _ _ _ _ _ _ _ _ _ _ _ _ _ _ _ _ _ _ _ _
..\..\dark-factory-wearedevs\.venv\Lib\site-packages\httpx\_transports\default.py:250: in handle_request
    resp = self._pool.handle_request(req)
           ^^^^^^^^^^^^^^^^^^^^^^^^^^^^^^
..\..\dark-factory-wearedevs\.venv\Lib\site-packages\httpcore\_sync\connection_pool.py:256: in handle_request
    raise exc from None
..\..\dark-factory-wearedevs\.venv\Lib\site-packages\httpcore\_sync\connection_pool.py:236: in handle_request
    response = connection.handle_request(
..\..\dark-factory-wearedevs\.venv\Lib\site-packages\httpcore\_sync\connection.py:101: in handle_request
    raise exc
..\..\dark-factory-wearedevs\.venv\Lib\site-packages\httpcore\_sync\connection.py:78: in handle_request
    stream = self._connect(request)
             ^^^^^^^^^^^^^^^^^^^^^^
..\..\dark-factory-wearedevs\.venv\Lib\site-packages\httpcore\_sync\connection.py:124: in _connect
    stream = self._network_backend.connect_tcp(**kwargs)
             ^^^^^^^^^^^^^^^^^^^^^^^^^^^^^^^^^^^^^^^^^^^
..\..\dark-factory-wearedevs\.venv\Lib\site-packages\httpcore\_backends\sync.py:207: in connect_tcp
    with map_exceptions(exc_map):
         ^^^^^^^^^^^^^^^^^^^^^^^
..\..\..\..\AppData\Local\Programs\Python\Python312\Lib\contextlib.py:158: in __exit__
    self.gen.throw(value)
_ _ _ _ _ _ _ _ _ _ _ _ _ _ _ _ _ _ _ _ _ _ _ _ _ _ _ _ _ _ _ _ _ _ _ _ _ _ _ _

map = {<class 'TimeoutError'>: <class 'httpcore.ConnectTimeout'>, <class 'OSError'>: <class 'httpcore.ConnectError'>}

    @contextlib.contextmanager
    def map_exceptions(map: ExceptionMapping) -> typing.Iterator[None]:
        try:
            yield
        except Exception as exc:  # noqa: PIE786
            for from_exc, to_exc in map.items():
                if isinstance(exc, from_exc):
>                   raise to_exc(exc) from exc
E                   httpcore.ConnectError: [WinError 10061] No connection could be made because the target machine actively refused it

..\..\dark-factory-wearedevs\.venv\Lib\site-packages\httpcore\_exceptions.py:14: ConnectError

The above exception was the direct cause of the following exception:

reset = <function reset.<locals>._reset at 0x000001DDF85911C0>
api = <function api.<locals>._api at 0x000001DDF8590A40>

    def test_s1_c24_settlement_collective_insufficient_funds_unchanged(reset, api):
        fixture = fx.fixture(settlement_operator_ids=[fx.ADA["id"]])
>       reset(fixture)

..\..\..\..\AppData\Local\Temp\umbra-1125eee4-rmyw6v3j\repo\verify\stage-1\test_s1_spec_edges.py:127: 
_ _ _ _ _ _ _ _ _ _ _ _ _ _ _ _ _ _ _ _ _ _ _ _ _ _ _ _ _ _ _ _ _ _ _ _ _ _ _ _
C:\Users\HARIHA~1\AppData\Local\Temp\umbra-1125eee4-rmyw6v3j\repo\verify\stage-1\conftest.py:30: in _reset
    resp = httpx.post(f"{base_url}/_test/reset", json=fixture, timeout=RESET_TIMEOUT)
           ^^^^^^^^^^^^^^^^^^^^^^^^^^^^^^^^^^^^^^^^^^^^^^^^^^^^^^^^^^^^^^^^^^^^^^^^^^
..\..\dark-factory-wearedevs\.venv\Lib\site-packages\httpx\_api.py:304: in post
    return request(
..\..\dark-factory-wearedevs\.venv\Lib\site-packages\httpx\_api.py:109: in request
    return client.request(
..\..\dark-factory-wearedevs\.venv\Lib\site-packages\httpx\_client.py:825: in request
    return self.send(request, auth=auth, follow_redirects=follow_redirects)
           ^^^^^^^^^^^^^^^^^^^^^^^^^^^^^^^^^^^^^^^^^^^^^^^^^^^^^^^^^^^^^^^^
..\..\dark-factory-wearedevs\.venv\Lib\site-packages\httpx\_client.py:914: in send
    response = self._send_handling_auth(
..\..\dark-factory-wearedevs\.venv\Lib\site-packages\httpx\_client.py:942: in _send_handling_auth
    response = self._send_handling_redirects(
..\..\dark-factory-wearedevs\.venv\Lib\site-packages\httpx\_client.py:979: in _send_handling_redirects
    response = self._send_single_request(request)
               ^^^^^^^^^^^^^^^^^^^^^^^^^^^^^^^^^^
..\..\dark-factory-wearedevs\.venv\Lib\site-packages\httpx\_client.py:1014: in _send_single_request
    response = transport.handle_request(request)
               ^^^^^^^^^^^^^^^^^^^^^^^^^^^^^^^^^
..\..\dark-factory-wearedevs\.venv\Lib\site-packages\httpx\_transports\default.py:249: in handle_request
    with map_httpcore_exceptions():
         ^^^^^^^^^^^^^^^^^^^^^^^^^
..\..\..\..\AppData\Local\Programs\Python\Python312\Lib\contextlib.py:158: in __exit__
    self.gen.throw(value)
_ _ _ _ _ _ _ _ _ _ _ _ _ _ _ _ _ _ _ _ _ _ _ _ _ _ _ _ _ _ _ _ _ _ _ _ _ _ _ _

    @contextlib.contextmanager
    def map_httpcore_exceptions() -> typing.Iterator[None]:
        global HTTPCORE_EXC_MAP
        if len(HTTPCORE_EXC_MAP) == 0:
            HTTPCORE_EXC_MAP = _load_httpcore_exceptions()
        try:
            yield
        except Exception as exc:
            mapped_exc = None
    
            for from_exc, to_exc in HTTPCORE_EXC_MAP.items():
                if not isinstance(exc, from_exc):
                    continue
                # We want to map to the most specific exception we can find.
                # Eg if `exc` is an `httpcore.ReadTimeout`, we want to map to
                # `httpx.ReadTimeout`, not just `httpx.TimeoutException`.
                if mapped_exc is None or issubclass(to_exc, mapped_exc):
                    mapped_exc = to_exc
    
            if mapped_exc is None:  # pragma: no cover
                raise
    
            message = str(exc)
>           raise mapped_exc(message) from exc
E           httpx.ConnectError: [WinError 10061] No connection could be made because the target machine actively refused it

..\..\dark-factory-wearedevs\.venv\Lib\site-packages\httpx\_transports\default.py:118: ConnectError
_____________ test_s1_c17_split_rounding_table[1000-3-expected0] ______________

    @contextlib.contextmanager
    def map_httpcore_exceptions() -> typing.Iterator[None]:
        global HTTPCORE_EXC_MAP
        if len(HTTPCORE_EXC_MAP) == 0:
            HTTPCORE_EXC_MAP = _load_httpcore_exceptions()
        try:
>           yield

..\..\dark-factory-wearedevs\.venv\Lib\site-packages\httpx\_transports\default.py:101: 
_ _ _ _ _ _ _ _ _ _ _ _ _ _ _ _ _ _ _ _ _ _ _ _ _ _ _ _ _ _ _ _ _ _ _ _ _ _ _ _
..\..\dark-factory-wearedevs\.venv\Lib\site-packages\httpx\_transports\default.py:250: in handle_request
    resp = self._pool.handle_request(req)
           ^^^^^^^^^^^^^^^^^^^^^^^^^^^^^^
..\..\dark-factory-wearedevs\.venv\Lib\site-packages\httpcore\_sync\connection_pool.py:256: in handle_request
    raise exc from None
..\..\dark-factory-wearedevs\.venv\Lib\site-packages\httpcore\_sync\connection_pool.py:236: in handle_request
    response = connection.handle_request(
..\..\dark-factory-wearedevs\.venv\Lib\site-packages\httpcore\_sync\connection.py:101: in handle_request
    raise exc
..\..\dark-factory-wearedevs\.venv\Lib\site-packages\httpcore\_sync\connection.py:78: in handle_request
    stream = self._connect(request)
             ^^^^^^^^^^^^^^^^^^^^^^
..\..\dark-factory-wearedevs\.venv\Lib\site-packages\httpcore\_sync\connection.py:124: in _connect
    stream = self._network_backend.connect_tcp(**kwargs)
             ^^^^^^^^^^^^^^^^^^^^^^^^^^^^^^^^^^^^^^^^^^^
..\..\dark-factory-wearedevs\.venv\Lib\site-packages\httpcore\_backends\sync.py:207: in connect_tcp
    with map_exceptions(exc_map):
         ^^^^^^^^^^^^^^^^^^^^^^^
..\..\..\..\AppData\Local\Programs\Python\Python312\Lib\contextlib.py:158: in __exit__
    self.gen.throw(value)
_ _ _ _ _ _ _ _ _ _ _ _ _ _ _ _ _ _ _ _ _ _ _ _ _ _ _ _ _ _ _ _ _ _ _ _ _ _ _ _

map = {<class 'TimeoutError'>: <class 'httpcore.ConnectTimeout'>, <class 'OSError'>: <class 'httpcore.ConnectError'>}

    @contextlib.contextmanager
    def map_exceptions(map: ExceptionMapping) -> typing.Iterator[None]:
        try:
            yield
        except Exception as exc:  # noqa: PIE786
            for from_exc, to_exc in map.items():
                if isinstance(exc, from_exc):
>                   raise to_exc(exc) from exc
E                   httpcore.ConnectError: [WinError 10061] No connection could be made because the target machine actively refused it

..\..\dark-factory-wearedevs\.venv\Lib\site-packages\httpcore\_exceptions.py:14: ConnectError

The above exception was the direct cause of the following exception:

reset = <function reset.<locals>._reset at 0x000001DDF9AD8860>
api = <function api.<locals>._api at 0x000001DDF9ADB880>, amount = 1000, n = 3
expected = [334, 333, 333]

    @pytest.mark.parametrize(
        "amount,n,expected",
        [(1000, 3, [334, 333, 333]), (1, 3, [1, 0, 0]), (10, 3, [4, 3, 3])],
    )
    def test_s1_c17_split_rounding_table(reset, api, amount, n, expected):
        handles = ["a", "b", "c"][:n]
        users = [fx.user(h, 1000, uid=f"u_{h}") for h in handles]
>       reset(fx.fixture(users=users))

..\..\..\..\AppData\Local\Temp\umbra-1125eee4-rmyw6v3j\repo\verify\stage-1\test_s1_splits_activity.py:33: 
_ _ _ _ _ _ _ _ _ _ _ _ _ _ _ _ _ _ _ _ _ _ _ _ _ _ _ _ _ _ _ _ _ _ _ _ _ _ _ _
C:\Users\HARIHA~1\AppData\Local\Temp\umbra-1125eee4-rmyw6v3j\repo\verify\stage-1\conftest.py:30: in _reset
    resp = httpx.post(f"{base_url}/_test/reset", json=fixture, timeout=RESET_TIMEOUT)
           ^^^^^^^^^^^^^^^^^^^^^^^^^^^^^^^^^^^^^^^^^^^^^^^^^^^^^^^^^^^^^^^^^^^^^^^^^^
..\..\dark-factory-wearedevs\.venv\Lib\site-packages\httpx\_api.py:304: in post
    return request(
..\..\dark-factory-wearedevs\.venv\Lib\site-packages\httpx\_api.py:109: in request
    return client.request(
..\..\dark-factory-wearedevs\.venv\Lib\site-packages\httpx\_client.py:825: in request
    return self.send(request, auth=auth, follow_redirects=follow_redirects)
           ^^^^^^^^^^^^^^^^^^^^^^^^^^^^^^^^^^^^^^^^^^^^^^^^^^^^^^^^^^^^^^^^
..\..\dark-factory-wearedevs\.venv\Lib\site-packages\httpx\_client.py:914: in send
    response = self._send_handling_auth(
..\..\dark-factory-wearedevs\.venv\Lib\site-packages\httpx\_client.py:942: in _send_handling_auth
    response = self._send_handling_redirects(
..\..\dark-factory-wearedevs\.venv\Lib\site-packages\httpx\_client.py:979: in _send_handling_redirects
    response = self._send_single_request(request)
               ^^^^^^^^^^^^^^^^^^^^^^^^^^^^^^^^^^
..\..\dark-factory-wearedevs\.venv\Lib\site-packages\httpx\_client.py:1014: in _send_single_request
    response = transport.handle_request(request)
               ^^^^^^^^^^^^^^^^^^^^^^^^^^^^^^^^^
..\..\dark-factory-wearedevs\.venv\Lib\site-packages\httpx\_transports\default.py:249: in handle_request
    with map_httpcore_exceptions():
         ^^^^^^^^^^^^^^^^^^^^^^^^^
..\..\..\..\AppData\Local\Programs\Python\Python312\Lib\contextlib.py:158: in __exit__
    self.gen.throw(value)
_ _ _ _ _ _ _ _ _ _ _ _ _ _ _ _ _ _ _ _ _ _ _ _ _ _ _ _ _ _ _ _ _ _ _ _ _ _ _ _

    @contextlib.contextmanager
    def map_httpcore_exceptions() -> typing.Iterator[None]:
        global HTTPCORE_EXC_MAP
        if len(HTTPCORE_EXC_MAP) == 0:
            HTTPCORE_EXC_MAP = _load_httpcore_exceptions()
        try:
            yield
        except Exception as exc:
            mapped_exc = None
    
            for from_exc, to_exc in HTTPCORE_EXC_MAP.items():
                if not isinstance(exc, from_exc):
                    continue
                # We want to map to the most specific exception we can find.
                # Eg if `exc` is an `httpcore.ReadTimeout`, we want to map to
                # `httpx.ReadTimeout`, not just `httpx.TimeoutException`.
                if mapped_exc is None or issubclass(to_exc, mapped_exc):
                    mapped_exc = to_exc
    
            if mapped_exc is None:  # pragma: no cover
                raise
    
            message = str(exc)
>           raise mapped_exc(message) from exc
E           httpx.ConnectError: [WinError 10061] No connection could be made because the target machine actively refused it

..\..\dark-factory-wearedevs\.venv\Lib\site-packages\httpx\_transports\default.py:118: ConnectError
_______________ test_s1_c17_split_rounding_table[1-3-expected1] _______________

    @contextlib.contextmanager
    def map_httpcore_exceptions() -> typing.Iterator[None]:
        global HTTPCORE_EXC_MAP
        if len(HTTPCORE_EXC_MAP) == 0:
            HTTPCORE_EXC_MAP = _load_httpcore_exceptions()
        try:
>           yield

..\..\dark-factory-wearedevs\.venv\Lib\site-packages\httpx\_transports\default.py:101: 
_ _ _ _ _ _ _ _ _ _ _ _ _ _ _ _ _ _ _ _ _ _ _ _ _ _ _ _ _ _ _ _ _ _ _ _ _ _ _ _
..\..\dark-factory-wearedevs\.venv\Lib\site-packages\httpx\_transports\default.py:250: in handle_request
    resp = self._pool.handle_request(req)
           ^^^^^^^^^^^^^^^^^^^^^^^^^^^^^^
..\..\dark-factory-wearedevs\.venv\Lib\site-packages\httpcore\_sync\connection_pool.py:256: in handle_request
    raise exc from None
..\..\dark-factory-wearedevs\.venv\Lib\site-packages\httpcore\_sync\connection_pool.py:236: in handle_request
    response = connection.handle_request(
..\..\dark-factory-wearedevs\.venv\Lib\site-packages\httpcore\_sync\connection.py:101: in handle_request
    raise exc
..\..\dark-factory-wearedevs\.venv\Lib\site-packages\httpcore\_sync\connection.py:78: in handle_request
    stream = self._connect(request)
             ^^^^^^^^^^^^^^^^^^^^^^
..\..\dark-factory-wearedevs\.venv\Lib\site-packages\httpcore\_sync\connection.py:124: in _connect
    stream = self._network_backend.connect_tcp(**kwargs)
             ^^^^^^^^^^^^^^^^^^^^^^^^^^^^^^^^^^^^^^^^^^^
..\..\dark-factory-wearedevs\.venv\Lib\site-packages\httpcore\_backends\sync.py:207: in connect_tcp
    with map_exceptions(exc_map):
         ^^^^^^^^^^^^^^^^^^^^^^^
..\..\..\..\AppData\Local\Programs\Python\Python312\Lib\contextlib.py:158: in __exit__
    self.gen.throw(value)
_ _ _ _ _ _ _ _ _ _ _ _ _ _ _ _ _ _ _ _ _ _ _ _ _ _ _ _ _ _ _ _ _ _ _ _ _ _ _ _

map = {<class 'TimeoutError'>: <class 'httpcore.ConnectTimeout'>, <class 'OSError'>: <class 'httpcore.ConnectError'>}

    @contextlib.contextmanager
    def map_exceptions(map: ExceptionMapping) -> typing.Iterator[None]:
        try:
            yield
        except Exception as exc:  # noqa: PIE786
            for from_exc, to_exc in map.items():
                if isinstance(exc, from_exc):
>                   raise to_exc(exc) from exc
E                   httpcore.ConnectError: [WinError 10061] No connection could be made because the target machine actively refused it

..\..\dark-factory-wearedevs\.venv\Lib\site-packages\httpcore\_exceptions.py:14: ConnectError

The above exception was the direct cause of the following exception:

reset = <function reset.<locals>._reset at 0x000001DDF9ADA480>
api = <function api.<locals>._api at 0x000001DDF85922A0>, amount = 1, n = 3
expected = [1, 0, 0]

    @pytest.mark.parametrize(
        "amount,n,expected",
        [(1000, 3, [334, 333, 333]), (1, 3, [1, 0, 0]), (10, 3, [4, 3, 3])],
    )
    def test_s1_c17_split_rounding_table(reset, api, amount, n, expected):
        handles = ["a", "b", "c"][:n]
        users = [fx.user(h, 1000, uid=f"u_{h}") for h in handles]
>       reset(fx.fixture(users=users))

..\..\..\..\AppData\Local\Temp\umbra-1125eee4-rmyw6v3j\repo\verify\stage-1\test_s1_splits_activity.py:33: 
_ _ _ _ _ _ _ _ _ _ _ _ _ _ _ _ _ _ _ _ _ _ _ _ _ _ _ _ _ _ _ _ _ _ _ _ _ _ _ _
C:\Users\HARIHA~1\AppData\Local\Temp\umbra-1125eee4-rmyw6v3j\repo\verify\stage-1\conftest.py:30: in _reset
    resp = httpx.post(f"{base_url}/_test/reset", json=fixture, timeout=RESET_TIMEOUT)
           ^^^^^^^^^^^^^^^^^^^^^^^^^^^^^^^^^^^^^^^^^^^^^^^^^^^^^^^^^^^^^^^^^^^^^^^^^^
..\..\dark-factory-wearedevs\.venv\Lib\site-packages\httpx\_api.py:304: in post
    return request(
..\..\dark-factory-wearedevs\.venv\Lib\site-packages\httpx\_api.py:109: in request
    return client.request(
..\..\dark-factory-wearedevs\.venv\Lib\site-packages\httpx\_client.py:825: in request
    return self.send(request, auth=auth, follow_redirects=follow_redirects)
           ^^^^^^^^^^^^^^^^^^^^^^^^^^^^^^^^^^^^^^^^^^^^^^^^^^^^^^^^^^^^^^^^
..\..\dark-factory-wearedevs\.venv\Lib\site-packages\httpx\_client.py:914: in send
    response = self._send_handling_auth(
..\..\dark-factory-wearedevs\.venv\Lib\site-packages\httpx\_client.py:942: in _send_handling_auth
    response = self._send_handling_redirects(
..\..\dark-factory-wearedevs\.venv\Lib\site-packages\httpx\_client.py:979: in _send_handling_redirects
    response = self._send_single_request(request)
               ^^^^^^^^^^^^^^^^^^^^^^^^^^^^^^^^^^
..\..\dark-factory-wearedevs\.venv\Lib\site-packages\httpx\_client.py:1014: in _send_single_request
    response = transport.handle_request(request)
               ^^^^^^^^^^^^^^^^^^^^^^^^^^^^^^^^^
..\..\dark-factory-wearedevs\.venv\Lib\site-packages\httpx\_transports\default.py:249: in handle_request
    with map_httpcore_exceptions():
         ^^^^^^^^^^^^^^^^^^^^^^^^^
..\..\..\..\AppData\Local\Programs\Python\Python312\Lib\contextlib.py:158: in __exit__
    self.gen.throw(value)
_ _ _ _ _ _ _ _ _ _ _ _ _ _ _ _ _ _ _ _ _ _ _ _ _ _ _ _ _ _ _ _ _ _ _ _ _ _ _ _

    @contextlib.contextmanager
    def map_httpcore_exceptions() -> typing.Iterator[None]:
        global HTTPCORE_EXC_MAP
        if len(HTTPCORE_EXC_MAP) == 0:
            HTTPCORE_EXC_MAP = _load_httpcore_exceptions()
        try:
            yield
        except Exception as exc:
            mapped_exc = None
    
            for from_exc, to_exc in HTTPCORE_EXC_MAP.items():
                if not isinstance(exc, from_exc):
                    continue
                # We want to map to the most specific exception we can find.
                # Eg if `exc` is an `httpcore.ReadTimeout`, we want to map to
                # `httpx.ReadTimeout`, not just `httpx.TimeoutException`.
                if mapped_exc is None or issubclass(to_exc, mapped_exc):
                    mapped_exc = to_exc
    
            if mapped_exc is None:  # pragma: no cover
                raise
    
            message = str(exc)
>           raise mapped_exc(message) from exc
E           httpx.ConnectError: [WinError 10061] No connection could be made because the target machine actively refused it

..\..\dark-factory-wearedevs\.venv\Lib\site-packages\httpx\_transports\default.py:118: ConnectError
______________ test_s1_c17_split_rounding_table[10-3-expected2] _______________

    @contextlib.contextmanager
    def map_httpcore_exceptions() -> typing.Iterator[None]:
        global HTTPCORE_EXC_MAP
        if len(HTTPCORE_EXC_MAP) == 0:
            HTTPCORE_EXC_MAP = _load_httpcore_exceptions()
        try:
>           yield

..\..\dark-factory-wearedevs\.venv\Lib\site-packages\httpx\_transports\default.py:101: 
_ _ _ _ _ _ _ _ _ _ _ _ _ _ _ _ _ _ _ _ _ _ _ _ _ _ _ _ _ _ _ _ _ _ _ _ _ _ _ _
..\..\dark-factory-wearedevs\.venv\Lib\site-packages\httpx\_transports\default.py:250: in handle_request
    resp = self._pool.handle_request(req)
           ^^^^^^^^^^^^^^^^^^^^^^^^^^^^^^
..\..\dark-factory-wearedevs\.venv\Lib\site-packages\httpcore\_sync\connection_pool.py:256: in handle_request
    raise exc from None
..\..\dark-factory-wearedevs\.venv\Lib\site-packages\httpcore\_sync\connection_pool.py:236: in handle_request
    response = connection.handle_request(
..\..\dark-factory-wearedevs\.venv\Lib\site-packages\httpcore\_sync\connection.py:101: in handle_request
    raise exc
..\..\dark-factory-wearedevs\.venv\Lib\site-packages\httpcore\_sync\connection.py:78: in handle_request
    stream = self._connect(request)
             ^^^^^^^^^^^^^^^^^^^^^^
..\..\dark-factory-wearedevs\.venv\Lib\site-packages\httpcore\_sync\connection.py:124: in _connect
    stream = self._network_backend.connect_tcp(**kwargs)
             ^^^^^^^^^^^^^^^^^^^^^^^^^^^^^^^^^^^^^^^^^^^
..\..\dark-factory-wearedevs\.venv\Lib\site-packages\httpcore\_backends\sync.py:207: in connect_tcp
    with map_exceptions(exc_map):
         ^^^^^^^^^^^^^^^^^^^^^^^
..\..\..\..\AppData\Local\Programs\Python\Python312\Lib\contextlib.py:158: in __exit__
    self.gen.throw(value)
_ _ _ _ _ _ _ _ _ _ _ _ _ _ _ _ _ _ _ _ _ _ _ _ _ _ _ _ _ _ _ _ _ _ _ _ _ _ _ _

map = {<class 'TimeoutError'>: <class 'httpcore.ConnectTimeout'>, <class 'OSError'>: <class 'httpcore.ConnectError'>}

    @contextlib.contextmanager
    def map_exceptions(map: ExceptionMapping) -> typing.Iterator[None]:
        try:
            yield
        except Exception as exc:  # noqa: PIE786
            for from_exc, to_exc in map.items():
                if isinstance(exc, from_exc):
>                   raise to_exc(exc) from exc
E                   httpcore.ConnectError: [WinError 10061] No connection could be made because the target machine actively refused it

..\..\dark-factory-wearedevs\.venv\Lib\site-packages\httpcore\_exceptions.py:14: ConnectError

The above exception was the direct cause of the following exception:

reset = <function reset.<locals>._reset at 0x000001DDF85920C0>
api = <function api.<locals>._api at 0x000001DDF8591DA0>, amount = 10, n = 3
expected = [4, 3, 3]

    @pytest.mark.parametrize(
        "amount,n,expected",
        [(1000, 3, [334, 333, 333]), (1, 3, [1, 0, 0]), (10, 3, [4, 3, 3])],
    )
    def test_s1_c17_split_rounding_table(reset, api, amount, n, expected):
        handles = ["a", "b", "c"][:n]
        users = [fx.user(h, 1000, uid=f"u_{h}") for h in handles]
>       reset(fx.fixture(users=users))

..\..\..\..\AppData\Local\Temp\umbra-1125eee4-rmyw6v3j\repo\verify\stage-1\test_s1_splits_activity.py:33: 
_ _ _ _ _ _ _ _ _ _ _ _ _ _ _ _ _ _ _ _ _ _ _ _ _ _ _ _ _ _ _ _ _ _ _ _ _ _ _ _
C:\Users\HARIHA~1\AppData\Local\Temp\umbra-1125eee4-rmyw6v3j\repo\verify\stage-1\conftest.py:30: in _reset
    resp = httpx.post(f"{base_url}/_test/reset", json=fixture, timeout=RESET_TIMEOUT)
           ^^^^^^^^^^^^^^^^^^^^^^^^^^^^^^^^^^^^^^^^^^^^^^^^^^^^^^^^^^^^^^^^^^^^^^^^^^
..\..\dark-factory-wearedevs\.venv\Lib\site-packages\httpx\_api.py:304: in post
    return request(
..\..\dark-factory-wearedevs\.venv\Lib\site-packages\httpx\_api.py:109: in request
    return client.request(
..\..\dark-factory-wearedevs\.venv\Lib\site-packages\httpx\_client.py:825: in request
    return self.send(request, auth=auth, follow_redirects=follow_redirects)
           ^^^^^^^^^^^^^^^^^^^^^^^^^^^^^^^^^^^^^^^^^^^^^^^^^^^^^^^^^^^^^^^^
..\..\dark-factory-wearedevs\.venv\Lib\site-packages\httpx\_client.py:914: in send
    response = self._send_handling_auth(
..\..\dark-factory-wearedevs\.venv\Lib\site-packages\httpx\_client.py:942: in _send_handling_auth
    response = self._send_handling_redirects(
..\..\dark-factory-wearedevs\.venv\Lib\site-packages\httpx\_client.py:979: in _send_handling_redirects
    response = self._send_single_request(request)
               ^^^^^^^^^^^^^^^^^^^^^^^^^^^^^^^^^^
..\..\dark-factory-wearedevs\.venv\Lib\site-packages\httpx\_client.py:1014: in _send_single_request
    response = transport.handle_request(request)
               ^^^^^^^^^^^^^^^^^^^^^^^^^^^^^^^^^
..\..\dark-factory-wearedevs\.venv\Lib\site-packages\httpx\_transports\default.py:249: in handle_request
    with map_httpcore_exceptions():
         ^^^^^^^^^^^^^^^^^^^^^^^^^
..\..\..\..\AppData\Local\Programs\Python\Python312\Lib\contextlib.py:158: in __exit__
    self.gen.throw(value)
_ _ _ _ _ _ _ _ _ _ _ _ _ _ _ _ _ _ _ _ _ _ _ _ _ _ _ _ _ _ _ _ _ _ _ _ _ _ _ _

    @contextlib.contextmanager
    def map_httpcore_exceptions() -> typing.Iterator[None]:
        global HTTPCORE_EXC_MAP
        if len(HTTPCORE_EXC_MAP) == 0:
            HTTPCORE_EXC_MAP = _load_httpcore_exceptions()
        try:
            yield
        except Exception as exc:
            mapped_exc = None
    
            for from_exc, to_exc in HTTPCORE_EXC_MAP.items():
                if not isinstance(exc, from_exc):
                    continue
                # We want to map to the most specific exception we can find.
                # Eg if `exc` is an `httpcore.ReadTimeout`, we want to map to
                # `httpx.ReadTimeout`, not just `httpx.TimeoutException`.
                if mapped_exc is None or issubclass(to_exc, mapped_exc):
                    mapped_exc = to_exc
    
            if mapped_exc is None:  # pragma: no cover
                raise
    
            message = str(exc)
>           raise mapped_exc(message) from exc
E           httpx.ConnectError: [WinError 10061] No connection could be made because the target machine actively refused it

..\..\dark-factory-wearedevs\.venv\Lib\site-packages\httpx\_transports\default.py:118: ConnectError
============================== warnings summary ===============================
..\..\..\..\AppData\Local\Temp\umbra-1125eee4-rmyw6v3j\repo\verify\stage-1\test_s1_auth.py:11
  C:\Users\HARIHARAN\AppData\Local\Temp\umbra-1125eee4-rmyw6v3j\repo\verify\stage-1\test_s1_auth.py:11: PytestUnknownMarkWarning: Unknown pytest.mark.stage - is this a typo?  You can register custom marks to avoid this warning - for details, see https://docs.pytest.org/en/stable/how-to/mark.html
    pytestmark = pytest.mark.stage(1)

..\..\..\..\AppData\Local\Temp\umbra-1125eee4-rmyw6v3j\repo\verify\stage-1\test_s1_delivery.py:8
  C:\Users\HARIHARAN\AppData\Local\Temp\umbra-1125eee4-rmyw6v3j\repo\verify\stage-1\test_s1_delivery.py:8: PytestUnknownMarkWarning: Unknown pytest.mark.stage - is this a typo?  You can register custom marks to avoid this warning - for details, see https://docs.pytest.org/en/stable/how-to/mark.html
    pytestmark = pytest.mark.stage(1)

..\..\..\..\AppData\Local\Temp\umbra-1125eee4-rmyw6v3j\repo\verify\stage-1\test_s1_differential.py:12
  C:\Users\HARIHARAN\AppData\Local\Temp\umbra-1125eee4-rmyw6v3j\repo\verify\stage-1\test_s1_differential.py:12: PytestUnknownMarkWarning: Unknown pytest.mark.stage - is this a typo?  You can register custom marks to avoid this warning - for details, see https://docs.pytest.org/en/stable/how-to/mark.html
    pytestmark = pytest.mark.stage(1)

..\..\..\..\AppData\Local\Temp\umbra-1125eee4-rmyw6v3j\repo\verify\stage-1\test_s1_errors_load.py:11
  C:\Users\HARIHARAN\AppData\Local\Temp\umbra-1125eee4-rmyw6v3j\repo\verify\stage-1\test_s1_errors_load.py:11: PytestUnknownMarkWarning: Unknown pytest.mark.stage - is this a typo?  You can register custom marks to avoid this warning - for details, see https://docs.pytest.org/en/stable/how-to/mark.html
    pytestmark = pytest.mark.stage(1)

..\..\..\..\AppData\Local\Temp\umbra-1125eee4-rmyw6v3j\repo\verify\stage-1\test_s1_export_import.py:9
  C:\Users\HARIHARAN\AppData\Local\Temp\umbra-1125eee4-rmyw6v3j\repo\verify\stage-1\test_s1_export_import.py:9: PytestUnknownMarkWarning: Unknown pytest.mark.stage - is this a typo?  You can register custom marks to avoid this warning - for details, see https://docs.pytest.org/en/stable/how-to/mark.html
    pytestmark = pytest.mark.stage(1)

..\..\..\..\AppData\Local\Temp\umbra-1125eee4-rmyw6v3j\repo\verify\stage-1\test_s1_idempotency.py:8
  C:\Users\HARIHARAN\AppData\Local\Temp\umbra-1125eee4-rmyw6v3j\repo\verify\stage-1\test_s1_idempotency.py:8: PytestUnknownMarkWarning: Unknown pytest.mark.stage - is this a typo?  You can register custom marks to avoid this warning - for details, see https://docs.pytest.org/en/stable/how-to/mark.html
    pytestmark = pytest.mark.stage(1)

..\..\..\..\AppData\Local\Temp\umbra-1125eee4-rmyw6v3j\repo\verify\stage-1\test_s1_invariants.py:10
  C:\Users\HARIHARAN\AppData\Local\Temp\umbra-1125eee4-rmyw6v3j\repo\verify\stage-1\test_s1_invariants.py:10: PytestUnknownMarkWarning: Unknown pytest.mark.stage - is this a typo?  You can register custom marks to avoid this warning - for details, see https://docs.pytest.org/en/stable/how-to/mark.html
    pytestmark = pytest.mark.stage(1)

..\..\..\..\AppData\Local\Temp\umbra-1125eee4-rmyw6v3j\repo\verify\stage-1\test_s1_payments.py:9
  C:\Users\HARIHARAN\AppData\Local\Temp\umbra-1125eee4-rmyw6v3j\repo\verify\stage-1\test_s1_payments.py:9: PytestUnknownMarkWarning: Unknown pytest.mark.stage - is this a typo?  You can register custom marks to avoid this warning - for details, see https://docs.pytest.org/en/stable/how-to/mark.html
    pytestmark = pytest.mark.stage(1)

..\..\..\..\AppData\Local\Temp\umbra-1125eee4-rmyw6v3j\repo\verify\stage-1\test_s1_requests.py:8
  C:\Users\HARIHARAN\AppData\Local\Temp\umbra-1125eee4-rmyw6v3j\repo\verify\stage-1\test_s1_requests.py:8: PytestUnknownMarkWarning: Unknown pytest.mark.stage - is this a typo?  You can register custom marks to avoid this warning - for details, see https://docs.pytest.org/en/stable/how-to/mark.html
    pytestmark = pytest.mark.stage(1)

..\..\..\..\AppData\Local\Temp\umbra-1125eee4-rmyw6v3j\repo\verify\stage-1\test_s1_runtime.py:13
  C:\Users\HARIHARAN\AppData\Local\Temp\umbra-1125eee4-rmyw6v3j\repo\verify\stage-1\test_s1_runtime.py:13: PytestUnknownMarkWarning: Unknown pytest.mark.stage - is this a typo?  You can register custom marks to avoid this warning - for details, see https://docs.pytest.org/en/stable/how-to/mark.html
    pytestmark = pytest.mark.stage(1)

..\..\..\..\AppData\Local\Temp\umbra-1125eee4-rmyw6v3j\repo\verify\stage-1\test_s1_settlements.py:9
  C:\Users\HARIHARAN\AppData\Local\Temp\umbra-1125eee4-rmyw6v3j\repo\verify\stage-1\test_s1_settlements.py:9: PytestUnknownMarkWarning: Unknown pytest.mark.stage - is this a typo?  You can register custom marks to avoid this warning - for details, see https://docs.pytest.org/en/stable/how-to/mark.html
    pytestmark = pytest.mark.stage(1)

..\..\..\..\AppData\Local\Temp\umbra-1125eee4-rmyw6v3j\repo\verify\stage-1\test_s1_spec_edges.py:10
  C:\Users\HARIHARAN\AppData\Local\Temp\umbra-1125eee4-rmyw6v3j\repo\verify\stage-1\test_s1_spec_edges.py:10: PytestUnknownMarkWarning: Unknown pytest.mark.stage - is this a typo?  You can register custom marks to avoid this warning - for details, see https://docs.pytest.org/en/stable/how-to/mark.html
    pytestmark = pytest.mark.stage(1)

..\..\..\..\AppData\Local\Temp\umbra-1125eee4-rmyw6v3j\repo\verify\stage-1\test_s1_splits_activity.py:9
  C:\Users\HARIHARAN\AppData\Local\Temp\umbra-1125eee4-rmyw6v3j\repo\verify\stage-1\test_s1_splits_activity.py:9: PytestUnknownMarkWarning: Unknown pytest.mark.stage - is this a typo?  You can register custom marks to avoid this warning - for details, see https://docs.pytest.org/en/stable/how-to/mark.html
    pytestmark = pytest.mark.stage(1)

-- Docs: https://docs.pytest.org/en/stable/how-to/capture-warnings.html
=========================== short test summary info ===========================
FAILED ..\..\..\..\AppData\Local\Temp\umbra-1125eee4-rmyw6v3j\repo\verify\stage-1\test_s1_auth.py::test_s1_c10_export_state_does_not_store_plaintext_password
FAILED ..\..\..\..\AppData\Local\Temp\umbra-1125eee4-rmyw6v3j\repo\verify\stage-1\test_s1_errors_load.py::test_s1_c27_burst_payments_no_5xx
FAILED ..\..\..\..\AppData\Local\Temp\umbra-1125eee4-rmyw6v3j\repo\verify\stage-1\test_s1_invariants.py::test_s1_c26_non_negative_under_competing_debits
FAILED ..\..\..\..\AppData\Local\Temp\umbra-1125eee4-rmyw6v3j\repo\verify\stage-1\test_s1_invariants.py::test_s1_c29_currency_minor_units_from_fixture
FAILED ..\..\..\..\AppData\Local\Temp\umbra-1125eee4-rmyw6v3j\repo\verify\stage-1\test_s1_runtime.py::test_s1_c4_health_returns_ok_json
FAILED ..\..\..\..\AppData\Local\Temp\umbra-1125eee4-rmyw6v3j\repo\verify\stage-1\test_s1_runtime.py::test_s1_c5_reset_replaces_state_and_supports_repeat
FAILED ..\..\..\..\AppData\Local\Temp\umbra-1125eee4-rmyw6v3j\repo\verify\stage-1\test_s1_runtime.py::test_s1_c5_reset_requires_no_auth
FAILED ..\..\..\..\AppData\Local\Temp\umbra-1125eee4-rmyw6v3j\repo\verify\stage-1\test_s1_runtime.py::test_s1_c8_negative_fixture_rejected
FAILED ..\..\..\..\AppData\Local\Temp\umbra-1125eee4-rmyw6v3j\repo\verify\stage-1\test_s1_settlements.py::test_s1_c24_operator_settlement_atomic
FAILED ..\..\..\..\AppData\Local\Temp\umbra-1125eee4-rmyw6v3j\repo\verify\stage-1\test_s1_settlements.py::test_s1_c24_settlement_errors
FAILED ..\..\..\..\AppData\Local\Temp\umbra-1125eee4-rmyw6v3j\repo\verify\stage-1\test_s1_spec_edges.py::test_s1_c24_settlement_collective_insufficient_funds_unchanged
FAILED ..\..\..\..\AppData\Local\Temp\umbra-1125eee4-rmyw6v3j\repo\verify\stage-1\test_s1_splits_activity.py::test_s1_c17_split_rounding_table[1000-3-expected0]
FAILED ..\..\..\..\AppData\Local\Temp\umbra-1125eee4-rmyw6v3j\repo\verify\stage-1\test_s1_splits_activity.py::test_s1_c17_split_rounding_table[1-3-expected1]
FAILED ..\..\..\..\AppData\Local\Temp\umbra-1125eee4-rmyw6v3j\repo\verify\stage-1\test_s1_splits_activity.py::test_s1_c17_split_rounding_table[10-3-expected2]
ERROR ..\..\..\..\AppData\Local\Temp\umbra-1125eee4-rmyw6v3j\repo\verify\stage-1\test_s1_auth.py::test_s1_c9_handle_taken_on_signup
ERROR ..\..\..\..\AppData\Local\Temp\umbra-1125eee4-rmyw6v3j\repo\verify\stage-1\test_s1_auth.py::test_s1_c9_login_success_and_unauthenticated
ERROR ..\..\..\..\AppData\Local\Temp\umbra-1125eee4-rmyw6v3j\repo\verify\stage-1\test_s1_auth.py::test_s1_c9_bearer_required_except_public_paths
ERROR ..\..\..\..\AppData\Local\Temp\umbra-1125eee4-rmyw6v3j\repo\verify\stage-1\test_s1_differential.py::test_s1_c31_differential_payments_match_reference
ERROR ..\..\..\..\AppData\Local\Temp\umbra-1125eee4-rmyw6v3j\repo\verify\stage-1\test_s1_errors_load.py::test_s1_c20_error_envelope_shape
ERROR ..\..\..\..\AppData\Local\Temp\umbra-1125eee4-rmyw6v3j\repo\verify\stage-1\test_s1_errors_load.py::test_s1_c27_many_parallel_reads_no_5xx
ERROR ..\..\..\..\AppData\Local\Temp\umbra-1125eee4-rmyw6v3j\repo\verify\stage-1\test_s1_export_import.py::test_s1_c23_export_shape
ERROR ..\..\..\..\AppData\Local\Temp\umbra-1125eee4-rmyw6v3j\repo\verify\stage-1\test_s1_export_import.py::test_s1_c23_import_round_trip_preserves_payment
ERROR ..\..\..\..\AppData\Local\Temp\umbra-1125eee4-rmyw6v3j\repo\verify\stage-1\test_s1_export_import.py::test_s1_c23_invalid_import_unchanged
ERROR ..\..\..\..\AppData\Local\Temp\umbra-1125eee4-rmyw6v3j\repo\verify\stage-1\test_s1_idempotency.py::test_s1_c22_missing_idempotency_key
ERROR ..\..\..\..\AppData\Local\Temp\umbra-1125eee4-rmyw6v3j\repo\verify\stage-1\test_s1_idempotency.py::test_s1_c22_idempotency_replay_and_reuse
ERROR ..\..\..\..\AppData\Local\Temp\umbra-1125eee4-rmyw6v3j\repo\verify\stage-1\test_s1_idempotency.py::test_s1_c22_key_reusable_after_4xx
ERROR ..\..\..\..\AppData\Local\Temp\umbra-1125eee4-rmyw6v3j\repo\verify\stage-1\test_s1_idempotency.py::test_s1_c21_idempotency_key_length
ERROR ..\..\..\..\AppData\Local\Temp\umbra-1125eee4-rmyw6v3j\repo\verify\stage-1\test_s1_idempotency.py::test_s1_c21_limit_offset_ranges
ERROR ..\..\..\..\AppData\Local\Temp\umbra-1125eee4-rmyw6v3j\repo\verify\stage-1\test_s1_invariants.py::test_s1_c26_conservation_after_operations
ERROR ..\..\..\..\AppData\Local\Temp\umbra-1125eee4-rmyw6v3j\repo\verify\stage-1\test_s1_invariants.py::test_s1_c26_request_paid_at_most_once
ERROR ..\..\..\..\AppData\Local\Temp\umbra-1125eee4-rmyw6v3j\repo\verify\stage-1\test_s1_invariants.py::test_s1_c30_handle_immutable_after_signup
ERROR ..\..\..\..\AppData\Local\Temp\umbra-1125eee4-rmyw6v3j\repo\verify\stage-1\test_s1_payments.py::test_s1_c11_me_shape
ERROR ..\..\..\..\AppData\Local\Temp\umbra-1125eee4-rmyw6v3j\repo\verify\stage-1\test_s1_payments.py::test_s1_c12_payment_defaults_and_move
ERROR ..\..\..\..\AppData\Local\Temp\umbra-1125eee4-rmyw6v3j\repo\verify\stage-1\test_s1_payments.py::test_s1_c12_payment_optional_defaults
ERROR ..\..\..\..\AppData\Local\Temp\umbra-1125eee4-rmyw6v3j\repo\verify\stage-1\test_s1_payments.py::test_s1_c12_note_verbatim
ERROR ..\..\..\..\AppData\Local\Temp\umbra-1125eee4-rmyw6v3j\repo\verify\stage-1\test_s1_payments.py::test_s1_c12_integral_amount_forms[1000]
ERROR ..\..\..\..\AppData\Local\Temp\umbra-1125eee4-rmyw6v3j\repo\verify\stage-1\test_s1_payments.py::test_s1_c12_integral_amount_forms[1000.0_0]
ERROR ..\..\..\..\AppData\Local\Temp\umbra-1125eee4-rmyw6v3j\repo\verify\stage-1\test_s1_payments.py::test_s1_c12_integral_amount_forms[1000.0_1]
ERROR ..\..\..\..\AppData\Local\Temp\umbra-1125eee4-rmyw6v3j\repo\verify\stage-1\test_s1_payments.py::test_s1_c12_invalid_amount_types[100]
ERROR ..\..\..\..\AppData\Local\Temp\umbra-1125eee4-rmyw6v3j\repo\verify\stage-1\test_s1_payments.py::test_s1_c12_invalid_amount_types[True]
ERROR ..\..\..\..\AppData\Local\Temp\umbra-1125eee4-rmyw6v3j\repo\verify\stage-1\test_s1_payments.py::test_s1_c12_invalid_amount_types[1.5]
ERROR ..\..\..\..\AppData\Local\Temp\umbra-1125eee4-rmyw6v3j\repo\verify\stage-1\test_s1_payments.py::test_s1_c12_payment_error_cases
ERROR ..\..\..\..\AppData\Local\Temp\umbra-1125eee4-rmyw6v3j\repo\verify\stage-1\test_s1_requests.py::test_s1_c13_request_without_payer_balance_check
ERROR ..\..\..\..\AppData\Local\Temp\umbra-1125eee4-rmyw6v3j\repo\verify\stage-1\test_s1_requests.py::test_s1_c13_self_request_rejected
ERROR ..\..\..\..\AppData\Local\Temp\umbra-1125eee4-rmyw6v3j\repo\verify\stage-1\test_s1_requests.py::test_s1_c14_pay_request_moves_money
ERROR ..\..\..\..\AppData\Local\Temp\umbra-1125eee4-rmyw6v3j\repo\verify\stage-1\test_s1_requests.py::test_s1_c14_pay_replay_200_when_already_paid
ERROR ..\..\..\..\AppData\Local\Temp\umbra-1125eee4-rmyw6v3j\repo\verify\stage-1\test_s1_requests.py::test_s1_c14_insufficient_funds_on_pay_unchanged
ERROR ..\..\..\..\AppData\Local\Temp\umbra-1125eee4-rmyw6v3j\repo\verify\stage-1\test_s1_requests.py::test_s1_c15_decline_and_cancel_idempotent
ERROR ..\..\..\..\AppData\Local\Temp\umbra-1125eee4-rmyw6v3j\repo\verify\stage-1\test_s1_requests.py::test_s1_c15_wrong_party_forbidden
ERROR ..\..\..\..\AppData\Local\Temp\umbra-1125eee4-rmyw6v3j\repo\verify\stage-1\test_s1_requests.py::test_s1_c16_requests_list_filters
ERROR ..\..\..\..\AppData\Local\Temp\umbra-1125eee4-rmyw6v3j\repo\verify\stage-1\test_s1_requests.py::test_s1_c16_bad_query_integers
ERROR ..\..\..\..\AppData\Local\Temp\umbra-1125eee4-rmyw6v3j\repo\verify\stage-1\test_s1_runtime.py::test_s1_c6_unknown_body_fields_ignored
ERROR ..\..\..\..\AppData\Local\Temp\umbra-1125eee4-rmyw6v3j\repo\verify\stage-1\test_s1_runtime.py::test_s1_c6_unknown_query_params_ignored
ERROR ..\..\..\..\AppData\Local\Temp\umbra-1125eee4-rmyw6v3j\repo\verify\stage-1\test_s1_runtime.py::test_s1_c6_created_at_has_rfc3339_offset
ERROR ..\..\..\..\AppData\Local\Temp\umbra-1125eee4-rmyw6v3j\repo\verify\stage-1\test_s1_runtime.py::test_s1_c7_resource_ids_at_most_64_chars
ERROR ..\..\..\..\AppData\Local\Temp\umbra-1125eee4-rmyw6v3j\repo\verify\stage-1\test_s1_settlements.py::test_s1_c25_non_operator_forbidden
ERROR ..\..\..\..\AppData\Local\Temp\umbra-1125eee4-rmyw6v3j\repo\verify\stage-1\test_s1_spec_edges.py::test_s1_c22_concurrent_identical_idempotency_one_201
ERROR ..\..\..\..\AppData\Local\Temp\umbra-1125eee4-rmyw6v3j\repo\verify\stage-1\test_s1_spec_edges.py::test_s1_c22_idempotency_scoped_per_user
ERROR ..\..\..\..\AppData\Local\Temp\umbra-1125eee4-rmyw6v3j\repo\verify\stage-1\test_s1_spec_edges.py::test_s1_c22_claimed_key_before_field_validation
ERROR ..\..\..\..\AppData\Local\Temp\umbra-1125eee4-rmyw6v3j\repo\verify\stage-1\test_s1_spec_edges.py::test_s1_c14_pay_body_empty_vs_public_are_distinct
ERROR ..\..\..\..\AppData\Local\Temp\umbra-1125eee4-rmyw6v3j\repo\verify\stage-1\test_s1_spec_edges.py::test_s1_c22_idempotent_paths_requests_splits_settlements
ERROR ..\..\..\..\AppData\Local\Temp\umbra-1125eee4-rmyw6v3j\repo\verify\stage-1\test_s1_spec_edges.py::test_s1_c17_split_caller_only_and_zero_share_request
ERROR ..\..\..\..\AppData\Local\Temp\umbra-1125eee4-rmyw6v3j\repo\verify\stage-1\test_s1_spec_edges.py::test_s1_c9_multiple_login_tokens_both_valid
ERROR ..\..\..\..\AppData\Local\Temp\umbra-1125eee4-rmyw6v3j\repo\verify\stage-1\test_s1_spec_edges.py::test_s1_c25_operator_cannot_see_others_private_activity_or_requests
ERROR ..\..\..\..\AppData\Local\Temp\umbra-1125eee4-rmyw6v3j\repo\verify\stage-1\test_s1_spec_edges.py::test_s1_c12_note_longer_than_200_rejected
ERROR ..\..\..\..\AppData\Local\Temp\umbra-1125eee4-rmyw6v3j\repo\verify\stage-1\test_s1_spec_edges.py::test_s1_c16_unknown_direction_or_status_422
ERROR ..\..\..\..\AppData\Local\Temp\umbra-1125eee4-rmyw6v3j\repo\verify\stage-1\test_s1_spec_edges.py::test_s1_c23_import_preserves_idempotency_replay
ERROR ..\..\..\..\AppData\Local\Temp\umbra-1125eee4-rmyw6v3j\repo\verify\stage-1\test_s1_splits_activity.py::test_s1_c17_split_shares_and_requests
ERROR ..\..\..\..\AppData\Local\Temp\umbra-1125eee4-rmyw6v3j\repo\verify\stage-1\test_s1_splits_activity.py::test_s1_c18_activity_visibility
ERROR ..\..\..\..\AppData\Local\Temp\umbra-1125eee4-rmyw6v3j\repo\verify\stage-1\test_s1_splits_activity.py::test_s1_c18_public_payment_visible_to_third_party
ERROR ..\..\..\..\AppData\Local\Temp\umbra-1125eee4-rmyw6v3j\repo\verify\stage-1\test_s1_splits_activity.py::test_s1_c18_requests_never_in_activity
ERROR ..\..\..\..\AppData\Local\Temp\umbra-1125eee4-rmyw6v3j\repo\verify\stage-1\test_s1_splits_activity.py::test_s1_c18_activity_pagination
ERROR ..\..\..\..\AppData\Local\Temp\umbra-1125eee4-rmyw6v3j\repo\verify\stage-1\test_s1_splits_activity.py::test_s1_c28_scope_endpoints_exist
14 failed, 5 passed, 13 warnings, 59 errors in 231.75s (0:03:51)
verifier stage 1: FAIL (exit 1)

exit 1
